shift	current	seed	status	events	longest_return	last_event_time	transition_word
-0.028	-0.03	saddle_focus	numerical_failure	15	0.2052867070876232	2.625092971199326	01111111111111
-0.028	-0.02873015873015873	saddle_focus	numerical_failure	17	0.21560803555999053	3.0075161125370773	0111111111111110
-0.028	-0.02746031746031746	saddle_focus	numerical_failure	19	0.21647676175037178	3.373897726465905	011111111111111110
-0.028	-0.02619047619047619	saddle_focus	numerical_failure	22	0.24828760960037144	3.9660781220566665	011111111111111111110
-0.028	-0.02492063492063492	saddle_focus	numerical_failure	25	0.21633824606903662	4.471456272300037	011111111111111111111110
-0.028	-0.02365079365079365	saddle_focus	numerical_failure	30	0.21603299482749083	5.387566659052846	01111111111111111111111111110
-0.028	-0.02238095238095238	saddle_focus	numerical_failure	38	0.2133069001956267	6.849057160299047	0111111111111111111111111111111111110
-0.028	-0.021111111111111112	saddle_focus	numerical_failure	55	0.21890062447379144	9.98211202491092	011111111111111111111111111111111111111111111111111110
-0.028	-0.01984126984126984	saddle_focus	complete	64	0.18262342835550704	11.41038263670505	011111111111111111111111111111111111111111111111111111111111111
-0.028	-0.018571428571428572	saddle_focus	complete	64	0.18070127322080154	11.336357759434614	011111111111111111111111111111111111111111111111111111111111111
-0.028	-0.0173015873015873	saddle_focus	complete	64	0.17967405949545245	11.279623541685543	011111111111111111111111111111111111111111111111111111111111111
-0.028	-0.016031746031746032	saddle_focus	complete	64	0.17879995394804205	11.226228252495828	011111111111111111111111111111111111111111111111111111111111111
-0.028	-0.014761904761904763	saddle_focus	complete	64	0.17796421340822377	11.172881296017367	011111111111111111111111111111111111111111111111111111111111111
-0.028	-0.013492063492063493	saddle_focus	complete	64	0.17712831282936925	11.118233257779378	011111111111111111111111111111111111111111111111111111111111111
-0.028	-0.012222222222222223	saddle_focus	complete	64	0.17627380803780746	11.061560672749184	011111111111111111111111111111111111111111111111111111111111111
-0.028	-0.010952380952380953	saddle_focus	complete	64	0.17538943587224587	11.002384817911292	011111111111111111111111111111111111111111111111111111111111111
-0.028	-0.009682539682539683	saddle_focus	complete	64	0.17446695478274243	10.940305561606266	011111111111111111111111111111111111111111111111111111111111111
-0.028	-0.008412698412698413	saddle_focus	complete	64	0.17349924037650055	10.874921211005711	011111111111111111111111111111111111111111111111111111111111111
-0.028	-0.007142857142857143	saddle_focus	complete	64	0.1724798693246914	10.805811969352177	011111111111111111111111111111111111111111111111111111111111111
-0.028	-0.005873015873015873	saddle_focus	complete	64	0.17140217546197434	10.732559900915494	011111111111111111111111111111111111111111111111111111111111111
-0.028	-0.004603174603174603	saddle_focus	complete	64	0.17025948412012326	10.654754699823384	011111111111111111111111111111111111111111111111111111111111111
-0.028	-0.0033333333333333335	saddle_focus	complete	64	0.16904445711510263	10.571957175159532	011111111111111111111111111111111111111111111111111111111111111
-0.028	-0.0020634920634920637	saddle_focus	complete	64	0.16774937019495706	10.4836702494955	011111111111111111111111111111111111111111111111111111111111111
-0.028	-0.0007936507936507937	saddle_focus	complete	64	0.16636596552977245	10.389358221559974	011111111111111111111111111111111111111111111111111111111111111
-0.028	0.0004761904761904762	saddle_focus	complete	64	0.16488515201883303	10.28846222428781	011111111111111111111111111111111111111111111111111111111111111
-0.028	0.001746031746031746	saddle_focus	complete	64	0.16329736419280572	10.180383175350098	011111111111111111111111111111111111111111111111111111111111111
-0.028	0.003015873015873016	saddle_focus	complete	64	0.16159244821706942	10.064493739359245	011111111111111111111111111111111111111111111111111111111111111
-0.028	0.004285714285714286	saddle_focus	complete	64	0.15975977800926966	9.940154449542042	011111111111111111111111111111111111111111111111111111111111111
-0.028	0.005555555555555556	saddle_focus	complete	64	0.15778844362402378	9.806725994542658	011111111111111111111111111111111111111111111111111111111111111
-0.028	0.006825396825396826	saddle_focus	complete	64	0.15566772684541696	9.663595517368844	011111111111111111111111111111111111111111111111111111111111111
-0.028	0.009365079365079364	saddle_focus	complete	64	0.15093767661194413	9.3461283355605	011111111111111111111111111111111111111111111111111111111111111
-0.028	0.011904761904761904	saddle_focus	complete	64	0.14550173207105566	8.984915103465777	011111111111111111111111111111111111111111111111111111111111111
-0.028	0.014444444444444444	saddle_focus	complete	64	0.1393250529532093	8.580932075586786	011111111111111111111111111111111111111111111111111111111111111
-0.028	0.018253968253968255	saddle_focus	complete	64	0.12748634668953773	7.938330796273685	011111111111111111111111111111111111111111111111111111111111111
-0.027682539682539684	-0.03	saddle_focus	numerical_failure	14	0.20796781706498946	2.441090395164244	0111111111110
-0.027682539682539684	-0.02873015873015873	saddle_focus	numerical_failure	15	0.20297294488452966	2.6118654488488713	01111111111111
-0.027682539682539684	-0.02746031746031746	saddle_focus	numerical_failure	17	0.21217506066014424	2.991222355158817	0111111111111110
-0.027682539682539684	-0.02619047619047619	saddle_focus	numerical_failure	19	0.21359948211047008	3.356824209756654	011111111111111110
-0.027682539682539684	-0.02492063492063492	saddle_focus	numerical_failure	22	0.2412282465920388	3.9428132215475147	011111111111111111110
-0.027682539682539684	-0.02365079365079365	saddle_focus	numerical_failure	25	0.21620031084709268	4.454528277462063	011111111111111111111110
-0.027682539682539684	-0.02238095238095238	saddle_focus	numerical_failure	30	0.21913115425656304	5.373278486602487	01111111111111111111111111110
-0.027682539682539684	-0.021111111111111112	saddle_focus	numerical_failure	38	0.2227557823231079	6.843094381331299	0111111111111111111111111111111111110
-0.027682539682539684	-0.01984126984126984	saddle_focus	numerical_failure	54	0.23477218098244634	9.790437719486302	01111111111111111111111111111111111111111111111111101
-0.027682539682539684	-0.018571428571428572	saddle_focus	complete	64	0.18226128982139755	11.377719647283513	011111111111111111111111111111111111111111111111111111111111111
-0.027682539682539684	-0.0173015873015873	saddle_focus	complete	64	0.18024770191290784	11.302507905570222	011111111111111111111111111111111111111111111111111111111111111
-0.027682539682539684	-0.016031746031746032	saddle_focus	complete	64	0.179200494776655	11.244630919923873	011111111111111111111111111111111111111111111111111111111111111
-0.027682539682539684	-0.014761904761904763	saddle_focus	complete	64	0.17830435894286545	11.189685248027146	011111111111111111111111111111111111111111111111111111111111111
-0.027682539682539684	-0.013492063492063493	saddle_focus	complete	64	0.17744245903031697	11.134462009726306	011111111111111111111111111111111111111111111111111111111111111
-0.027682539682539684	-0.012222222222222223	saddle_focus	complete	64	0.1765763513933063	11.077670704916283	011111111111111111111111111111111111111111111111111111111111111
-0.027682539682539684	-0.010952380952380953	saddle_focus	complete	64	0.1756875533317661	11.018609696714913	011111111111111111111111111111111111111111111111111111111111111
-0.027682539682539684	-0.009682539682539683	saddle_focus	complete	64	0.1747646743355702	10.95677940677783	011111111111111111111111111111111111111111111111111111111111111
-0.027682539682539684	-0.008412698412698413	saddle_focus	complete	64	0.17379905845612598	10.891729952075721	011111111111111111111111111111111111111111111111111111111111111
-0.027682539682539684	-0.007142857142857143	saddle_focus	complete	64	0.17278343077176928	10.823014134011279	011111111111111111111111111111111111111111111111111111111111111
-0.027682539682539684	-0.005873015873015873	saddle_focus	complete	64	0.17171067837545273	10.750195323499167	011111111111111111111111111111111111111111111111111111111111111
-0.027682539682539684	-0.004603174603174603	saddle_focus	complete	64	0.17057374745102472	10.672851132199376	011111111111111111111111111111111111111111111111111111111111111
-0.027682539682539684	-0.0033333333333333335	saddle_focus	complete	64	0.16936519944287554	10.590537468155759	011111111111111111111111111111111111111111111111111111111111111
-0.027682539682539684	-0.0020634920634920637	saddle_focus	complete	64	0.1680771573190487	10.502753913208776	011111111111111111111111111111111111111111111111111111111111111
-0.027682539682539684	-0.0007936507936507937	saddle_focus	complete	64	0.16670114180454654	10.408959065648165	011111111111111111111111111111111111111111111111111111111111111
-0.027682539682539684	0.0004761904761904762	saddle_focus	complete	64	0.16522815691888937	10.30858868689494	011111111111111111111111111111111111111111111111111111111111111
-0.027682539682539684	0.001746031746031746	saddle_focus	complete	64	0.16364839939804376	10.201038437504803	011111111111111111111111111111111111111111111111111111111111111
-0.027682539682539684	0.003015873015873016	saddle_focus	complete	64	0.161951570537461	10.085673441151439	011111111111111111111111111111111111111111111111111111111111111
-0.027682539682539684	0.004285714285714286	saddle_focus	complete	64	0.16012691041488125	9.961845031883671	011111111111111111111111111111111111111111111111111111111111111
-0.027682539682539684	0.005555555555555556	saddle_focus	complete	64	0.15816341576484483	9.828902362760832	011111111111111111111111111111111111111111111111111111111111111
-0.027682539682539684	0.006825396825396826	saddle_focus	complete	64	0.15605004189833238	9.686218567175443	011111111111111111111111111111111111111111111111111111111111111
-0.027682539682539684	0.009365079365079364	saddle_focus	complete	64	0.1513324247807475	9.369458583821366	011111111111111111111111111111111111111111111111111111111111111
-0.027682539682539684	0.010634920634920634	saddle_focus	complete	64	0.14871032718767196	9.194601688319583	011111111111111111111111111111111111111111111111111111111111111
-0.027682539682539684	0.011904761904761904	saddle_focus	complete	64	0.14590396340063805	9.008563512239737	011111111111111111111111111111111111111111111111111111111111111
-0.027682539682539684	0.014444444444444444	saddle_focus	complete	64	0.1397278623480087	8.60428685638218	011111111111111111111111111111111111111111111111111111111111111
-0.027682539682539684	0.018253968253968255	saddle_focus	complete	64	0.1280812007903025	7.954848266402619	011111111111111111111111111111111111111111111111111111111111111
-0.027365079365079367	-0.03	saddle_focus	numerical_failure	13	0.206544708084071	2.2511599554566772	011111111110
-0.027365079365079367	-0.02873015873015873	saddle_focus	numerical_failure	14	0.2050694040133454	2.4278977302628135	0111111111111
-0.027365079365079367	-0.02746031746031746	saddle_focus	numerical_failure	16	0.2995836699141101	2.898507434171834	011111111111110
-0.027365079365079367	-0.02619047619047619	saddle_focus	numerical_failure	17	0.20927985459213438	2.975584673533733	0111111111111110
-0.027365079365079367	-0.02492063492063492	saddle_focus	numerical_failure	19	0.21111522509411396	3.340274569071452	011111111111111110
-0.027365079365079367	-0.02365079365079365	saddle_focus	numerical_failure	22	0.23670346439159484	3.9222701863615392	011111111111111111110
-0.027365079365079367	-0.02238095238095238	saddle_focus	numerical_failure	25	0.21628686775070616	4.437975334580512	011111111111111111111110
-0.027365079365079367	-0.021111111111111112	saddle_focus	numerical_failure	30	0.22402513473586616	5.3611551370407655	01111111111111111111111111110
-0.027365079365079367	-0.01984126984126984	saddle_focus	numerical_failure	38	0.27173986519895266	6.879133077479302	0111111111111111111111111111111111101
-0.027365079365079367	-0.018571428571428572	saddle_focus	numerical_failure	52	0.21453147575145515	9.34892164828795	011111111111111111111111111111111111111111111111110
-0.027365079365079367	-0.0173015873015873	saddle_focus	complete	64	0.18192760465013258	11.345220387265345	011111111111111111111111111111111111111111111111111111111111111
-0.027365079365079367	-0.016031746031746032	saddle_focus	complete	64	0.17979773300949198	11.268420950981605	011111111111111111111111111111111111111111111111111111111111111
-0.027365079365079367	-0.014761904761904763	saddle_focus	complete	64	0.17872585735656266	11.209140573994663	011111111111111111111111111111111111111111111111111111111111111
-0.027365079365079367	-0.013492063492063493	saddle_focus	complete	64	0.17780390643630106	11.152416168329173	011111111111111111111111111111111111111111111111111111111111111
-0.027365079365079367	-0.012222222222222223	saddle_focus	complete	64	0.1769123351464188	11.095113977196746	011111111111111111111111111111111111111111111111111111111111111
-0.027365079365079367	-0.010952380952380953	saddle_focus	complete	64	0.17601242766145475	11.035982298686104	011111111111111111111111111111111111111111111111111111111111111
-0.027365079365079367	-0.009682539682539683	saddle_focus	complete	64	0.17508558585406497	10.97430947784034	011111111111111111111111111111111111111111111111111111111111111
-0.027365079365079367	-0.008412698412698413	saddle_focus	complete	64	0.17412011544644201	10.909551164099456	011111111111111111111111111111111111111111111111111111111111111
-0.027365079365079367	-0.007142857142857143	saddle_focus	complete	64	0.17310706089019767	10.84121191156617	011111111111111111111111111111111111111111111111111111111111111
-0.027365079365079367	-0.005873015873015873	saddle_focus	complete	64	0.1720386291465985	10.7688255656134	011111111111111111111111111111111111111111111111111111111111111
-0.027365079365079367	-0.004603174603174603	saddle_focus	complete	64	0.1709071322532374	10.691951754371049	011111111111111111111111111111111111111111111111111111111111111
-0.027365079365079367	-0.0033333333333333335	saddle_focus	complete	64	0.16970496471951968	10.610137764250169	011111111111111111111111111111111111111111111111111111111111111
-0.027365079365079367	-0.0020634920634920637	saddle_focus	complete	64	0.1684240327119788	10.522878336292331	011111111111111111111111111111111111111111111111111111111111111
-0.027365079365079367	-0.0007936507936507937	saddle_focus	complete	64	0.1670556987488485	10.429625804463328	011111111111111111111111111111111111111111111111111111111111111
-0.027365079365079367	0.0004761904761904762	saddle_focus	complete	64	0.165590708455861	10.329807833897918	011111111111111111111111111111111111111111111111111111111111111
-0.027365079365079367	0.001746031746031746	saddle_focus	complete	64	0.164019294396752	10.222816097306161	011111111111111111111111111111111111111111111111111111111111111
-0.027365079365079367	0.003015873015873016	saddle_focus	complete	64	0.16233097314385958	10.108007613727084	011111111111111111111111111111111111111111111111111111111111111
-0.027365079365079367	0.004285714285714286	saddle_focus	complete	64	0.1605147968761722	9.98472190367213	011111111111111111111111111111111111111111111111111111111111111
-0.027365079365079367	0.005555555555555556	saddle_focus	complete	64	0.15855959742086334	9.852297937577534	011111111111111111111111111111111111111111111111111111111111111
-0.027365079365079367	0.006825396825396826	saddle_focus	complete	64	0.15645409461762227	9.710093409196391	011111111111111111111111111111111111111111111111111111111111111
-0.027365079365079367	0.008095238095238095	saddle_focus	complete	64	0.1541874574426707	9.55752403176359	011111111111111111111111111111111111111111111111111111111111111
-0.027365079365079367	0.009365079365079364	saddle_focus	complete	64	0.15174979765587615	9.394100101287965	011111111111111111111111111111111111111111111111111111111111111
-0.027365079365079367	0.010634920634920634	saddle_focus	complete	64	0.14913259425225878	9.219487075546514	011111111111111111111111111111111111111111111111111111111111111
-0.027365079365079367	0.011904761904761904	saddle_focus	complete	64	0.14632953281402905	9.03356627888247	011111111111111111111111111111111111111111111111111111111111111
-0.027365079365079367	0.013174603174603174	saddle_focus	complete	64	0.14333695945362024	8.836530519271998	011111111111111111111111111111111111111111111111111111111111111
-0.027365079365079367	0.018253968253968255	saddle_focus	complete	64	0.128688135179841	7.973412271471946	011111111111111111111111111111111111111111111111111111111111111
-0.027047619047619046	-0.03	saddle_focus	numerical_failure	12	0.20170949114662617	2.0571390858717207	01111111111
-0.027047619047619046	-0.02873015873015873	saddle_focus	numerical_failure	13	0.20364653013648848	2.238802455159435	011111111111
-0.027047619047619046	-0.02746031746031746	saddle_focus	numerical_failure	14	0.20254502005273878	2.4151323815395034	0111111111111
-0.027047619047619046	-0.02619047619047619	saddle_focus	numerical_failure	16	0.23681619014935062	2.8230133663443833	011111111111110
-0.027047619047619046	-0.02492063492063492	saddle_focus	numerical_failure	17	0.20675258957837084	2.9604150792507924	0111111111111110
-0.027047619047619046	-0.02365079365079365	saddle_focus	numerical_failure	19	0.2089099469055813	3.3241223602371366	011111111111111110
-0.027047619047619046	-0.02238095238095238	saddle_focus	numerical_failure	22	0.2334379436070324	3.9031495903019513	011111111111111111110
-0.027047619047619046	-0.021111111111111112	saddle_focus	numerical_failure	25	0.21660956125706576	4.421786109070754	011111111111111111111110
-0.027047619047619046	-0.01984126984126984	saddle_focus	numerical_failure	30	0.2329983055901339	5.353491146905728	01111111111111111111111111110
-0.027047619047619046	-0.018571428571428572	saddle_focus	numerical_failure	37	0.21754569714531335	6.598915375742458	011111111111111111111111111111111110
-0.027047619047619046	-0.0173015873015873	saddle_focus	numerical_failure	51	0.21931546801913449	9.142334720139063	01111111111111111111111111111111111111111111111110
-0.027047619047619046	-0.016031746031746032	saddle_focus	complete	64	0.1816297920543093	11.31283883862274	011111111111111111111111111111111111111111111111111111111111111
-0.027047619047619046	-0.014761904761904763	saddle_focus	complete	64	0.17935119848261394	11.234010460555028	011111111111111111111111111111111111111111111111111111111111111
-0.027047619047619046	-0.013492063492063493	saddle_focus	complete	64	0.1782494971859503	11.173070800468338	011111111111111111111111111111111111111111111111111111111111111
-0.027047619047619046	-0.012222222222222223	saddle_focus	complete	64	0.17729766474619701	11.114349147691717	011111111111111111111111111111111111111111111111111111111111111
-0.027047619047619046	-0.010952380952380953	saddle_focus	complete	64	0.1763725780257257	11.05476322893405	011111111111111111111111111111111111111111111111111111111111111
-0.027047619047619046	-0.009682539682539683	saddle_focus	complete	64	0.17543503952251172	10.99306649790452	011111111111111111111111111111111111111111111111111111111111111
-0.027047619047619046	-0.008412698412698413	saddle_focus	complete	64	0.17446604086052808	10.92851028801456	011111111111111111111111111111111111111111111111111111111111111
-0.027047619047619046	-0.007142857142857143	saddle_focus	complete	64	0.17345359305783425	10.860505882011823	011111111111111111111111111111111111111111111111111111111111111
-0.027047619047619046	-0.005873015873015873	saddle_focus	complete	64	0.17238821984063968	10.788537080945574	011111111111111111111111111111111111111111111111111111111111111
-0.027047619047619046	-0.004603174603174603	saddle_focus	complete	64	0.17126163505473535	10.712134567642522	011111111111111111111111111111111111111111111111111111111111111
-0.027047619047619046	-0.0033333333333333335	saddle_focus	complete	64	0.17006555857946104	10.630831105693915	011111111111111111111111111111111111111111111111111111111111111
-0.027047619047619046	-0.0020634920634920637	saddle_focus	complete	64	0.16879158597621746	10.544113672923901	011111111111111111111111111111111111111111111111111111111111111
-0.027047619047619046	-0.0007936507936507937	saddle_focus	complete	64	0.16743098769034326	10.451426057347067	011111111111111111111111111111111111111111111111111111111111111
-0.027047619047619046	0.0004761904761904762	saddle_focus	complete	64	0.16597428904450595	10.352188096165666	011111111111111111111111111111111111111111111111111111111111111
-0.027047619047619046	0.001746031746031746	saddle_focus	complete	64	0.1644115007374385	10.24578489629343	011111111111111111111111111111111111111111111111111111111111111
-0.027047619047619046	0.003015873015873016	saddle_focus	complete	64	0.1627320718425267	10.131564573523988	011111111111111111111111111111111111111111111111111111111111111
-0.027047619047619046	0.004285714285714286	saddle_focus	complete	64	0.1609248172494162	10.00885624840712	011111111111111111111111111111111111111111111111111111111111111
-0.027047619047619046	0.005555555555555556	saddle_focus	complete	64	0.15897836943726595	9.876985792759244	011111111111111111111111111111111111111111111111111111111111111
-0.027047619047619046	0.006825396825396826	saddle_focus	complete	64	0.15688121772567065	9.735295227577675	011111111111111111111111111111111111111111111111111111111111111
-0.027047619047619046	0.008095238095238095	saddle_focus	complete	64	0.15462225731185342	9.583181380590078	011111111111111111111111111111111111111111111111111111111111111
-0.027047619047619046	0.009365079365079364	saddle_focus	complete	64	0.15219122411087227	9.420132872634207	011111111111111111111111111111111111111111111111111111111111111
-0.027047619047619046	0.010634920634920634	saddle_focus	complete	64	0.14957935148549772	9.24579055953913	011111111111111111111111111111111111111111111111111111111111111
-0.027047619047619046	0.011904761904761904	saddle_focus	complete	64	0.14677994386834037	9.060008235458678	011111111111111111111111111111111111111111111111111111111111111
-0.027047619047619046	0.013174603174603174	saddle_focus	complete	64	0.14378904074541055	8.862946727785573	011111111111111111111111111111111111111111111111111111111111111
-0.027047619047619046	0.019523809523809523	saddle_focus	complete	64	0.12363617445330544	7.855026714745708	011111111111111111111111111111111111111111111111111111111111111
-0.02673015873015873	-0.03	saddle_focus	numerical_failure	11	0.19593412928249077	1.8628029449230799	0111111111
-0.02673015873015873	-0.02873015873015873	saddle_focus	numerical_failure	12	0.1993391558827633	2.046282733642627	01111111111
-0.02673015873015873	-0.02746031746031746	saddle_focus	numerical_failure	13	0.2011220407072356	2.2268513835889867	011111111111
-0.02673015873015873	-0.02619047619047619	saddle_focus	numerical_failure	14	0.20029282069390097	2.402675462278825	0111111111111
-0.02673015873015873	-0.02492063492063492	saddle_focus	numerical_failure	16	0.2255251738570534	2.799169515180686	011111111111110
-0.02673015873015873	-0.02365079365079365	saddle_focus	numerical_failure	17	0.20449144842077693	2.9456058175512707	0111111111111111
-0.02673015873015873	-0.02238095238095238	saddle_focus	numerical_failure	19	0.2069119332670568	3.3082870849906363	011111111111111110
-0.02673015873015873	-0.021111111111111112	saddle_focus	numerical_failure	22	0.2309192169514609	3.884912114757276	011111111111111111110
-0.02673015873015873	-0.01984126984126984	saddle_focus	numerical_failure	25	0.21718874082661532	4.405945655089445	011111111111111111111110
-0.02673015873015873	-0.018571428571428572	saddle_focus	numerical_failure	30	0.26337062341453876	5.367617095476991	01111111111111111111111111110
-0.02673015873015873	-0.0173015873015873	saddle_focus	numerical_failure	37	0.23791516396792112	6.604906086780301	011111111111111111111111111111111110
-0.02673015873015873	-0.016031746031746032	saddle_focus	numerical_failure	50	0.22389955259371064	8.93475617230538	0111111111111111111111111111111111111111111111110
-0.02673015873015873	-0.014761904761904763	saddle_focus	complete	64	0.18137963886404052	11.280550748387808	011111111111111111111111111111111111111111111111111111111111111
-0.02673015873015873	-0.013492063492063493	saddle_focus	complete	64	0.17890764336459597	11.19920426525006	011111111111111111111111111111111111111111111111111111111111111
-0.02673015873015873	-0.012222222222222223	saddle_focus	complete	64	0.17777058626650977	11.136357448578705	011111111111111111111111111111111111111111111111111111111111111
-0.02673015873015873	-0.010952380952380953	saddle_focus	complete	64	0.17678458315774748	11.075419271716534	011111111111111111111111111111111111111111111111111111111111111
-0.02673015873015873	-0.009682539682539683	saddle_focus	complete	64	0.17582188212422523	11.013319825046292	011111111111111111111111111111111111111111111111111111111111111
-0.02673015873015873	-0.008412698412698413	saddle_focus	complete	64	0.17484245109168306	10.948786567078807	011111111111111111111111111111111111111111111111111111111111111
-0.02673015873015873	-0.007142857142857143	saddle_focus	complete	64	0.17382684132775594	10.881029497600835	011111111111111111111111111111111111111111111111111111111111111
-0.02673015873015873	-0.005873015873015873	saddle_focus	complete	64	0.1727625555552983	10.80943817522614	011111111111111111111111111111111111111111111111111111111111111
-0.02673015873015873	-0.004603174603174603	saddle_focus	complete	64	0.17163960114965882	10.733493383506962	011111111111111111111111111111111111111111111111111111111111111
-0.02673015873015873	-0.0033333333333333335	saddle_focus	complete	64	0.17044896461344905	10.652702653018455	011111111111111111111111111111111111111111111111111111111111111
-0.02673015873015873	-0.0020634920634920637	saddle_focus	complete	64	0.16918172245554253	10.566539835075318	011111111111111111111111111111111111111111111111111111111111111
-0.02673015873015873	-0.0007936507936507937	saddle_focus	complete	64	0.16782877753216852	10.474437442114208	011111111111111111111111111111111111111111111111111111111111111
-0.02673015873015873	0.0004761904761904762	saddle_focus	complete	64	0.1663804641912865	10.375805153133323	011111111111111111111111111111111111111111111111111111111111111
-0.02673015873015873	0.001746031746031746	saddle_focus	complete	64	0.16482659880273687	10.270020187019313	011111111111111111111111111111111111111111111111111111111111111
-0.02673015873015873	0.003015873015873016	saddle_focus	complete	64	0.16315638777968644	10.156420979281439	011111111111111111111111111111111111111111111111111111111111111
-0.02673015873015873	0.004285714285714286	saddle_focus	complete	64	0.16135850029951726	10.034325177942952	011111111111111111111111111111111111111111111111111111111111111
-0.02673015873015873	0.005555555555555556	saddle_focus	complete	64	0.15942127234740333	9.903044725647751	011111111111111111111111111111111111111111111111111111111111111
-0.02673015873015873	0.006825396825396826	saddle_focus	complete	64	0.15733298800433992	9.761904951139998	011111111111111111111111111111111111111111111111111111111111111
-0.02673015873015873	0.008095238095238095	saddle_focus	complete	64	0.1550822075370455	9.610282526960795	011111111111111111111111111111111111111111111111111111111111111
-0.02673015873015873	0.009365079365079364	saddle_focus	complete	64	0.1526583480464785	9.447642959254535	011111111111111111111111111111111111111111111111111111111111111
-0.02673015873015873	0.010634920634920634	saddle_focus	complete	64	0.15005224399750894	9.273600771084249	011111111111111111111111111111111111111111111111111111111111111
-0.02673015873015873	0.011904761904761904	saddle_focus	complete	64	0.14725685367615782	9.08798050437805	011111111111111111111111111111111111111111111111111111111111111
-0.02673015873015873	0.013174603174603174	saddle_focus	complete	64	0.1442679141123815	8.890909476398052	011111111111111111111111111111111111111111111111111111111111111
-0.02673015873015873	0.016984126984126983	saddle_focus	complete	64	0.13412408219160632	8.24027304464638	011111111111111111111111111111111111111111111111111111111111111
-0.026412698412698412	-0.03	saddle_focus	numerical_failure	11	0.2091726395729141	1.8797446780099119	0111111110
-0.026412698412698412	-0.02873015873015873	saddle_focus	numerical_failure	12	0.23880028747896676	2.092320676463145	01111111110
-0.026412698412698412	-0.02746031746031746	saddle_focus	numerical_failure	12	0.1972144956771964	2.035670833516677	01111111111
-0.026412698412698412	-0.02619047619047619	saddle_focus	numerical_failure	13	0.19887064722624492	2.21519208639545	011111111111
-0.026412698412698412	-0.02492063492063492	saddle_focus	numerical_failure	14	0.19824700772822235	2.3904572677438605	0111111111111
-0.026412698412698412	-0.02365079365079365	saddle_focus	numerical_failure	16	0.218827146606273	2.780071034878045	011111111111110
-0.026412698412698412	-0.02238095238095238	saddle_focus	numerical_failure	17	0.20243191626836277	2.931089194348099	0111111111111111
-0.026412698412698412	-0.021111111111111112	saddle_focus	numerical_failure	19	0.20507245028050747	3.292707630973383	011111111111111111
-0.026412698412698412	-0.01984126984126984	saddle_focus	numerical_failure	22	0.22888296524613105	3.8672570915524918	011111111111111111110
-0.026412698412698412	-0.018571428571428572	saddle_focus	numerical_failure	25	0.21805439912489266	4.390432566876075	011111111111111111111110
-0.026412698412698412	-0.0173015873015873	saddle_focus	numerical_failure	29	0.2072165001287649	5.088410998594537	0111111111111111111111111110
-0.026412698412698412	-0.016031746031746032	saddle_focus	numerical_failure	36	0.21119387317052318	6.355254920255341	01111111111111111111111111111111110
-0.026412698412698412	-0.014761904761904763	saddle_focus	numerical_failure	49	0.22666965783827564	8.72423466025466	011111111111111111111111111111111111111111111110
-0.026412698412698412	-0.013492063492063493	saddle_focus	complete	64	0.18119704758070299	11.248376262700623	011111111111111111111111111111111111111111111111111111111111111
-0.026412698412698412	-0.012222222222222223	saddle_focus	complete	64	0.17846691281501137	11.163948989950105	011111111111111111111111111111111111111111111111111111111111111
-0.026412698412698412	-0.010952380952380953	saddle_focus	complete	64	0.17728846133725895	11.098945855344423	011111111111111111111111111111111111111111111111111111111111111
-0.026412698412698412	-0.009682539682539683	saddle_focus	complete	64	0.17626346812168947	11.035548788950843	011111111111111111111111111111111111111111111111111111111111111
-0.026412698412698412	-0.008412698412698413	saddle_focus	complete	64	0.1752587474284919	10.970660829443547	011111111111111111111111111111111111111111111111111111111111111
-0.026412698412698412	-0.007142857142857143	saddle_focus	complete	64	0.17423282014764396	10.902972666884228	011111111111111111111111111111111111111111111111111111111111111
-0.026412698412698412	-0.005873015873015873	saddle_focus	complete	64	0.17316574219266379	10.831671983807903	011111111111111111111111111111111111111111111111111111111111111
-0.026412698412698412	-0.004603174603174603	saddle_focus	complete	64	0.1720442975894496	10.756145381602114	011111111111111111111111111111111111111111111111111111111111111
-0.026412698412698412	-0.0033333333333333335	saddle_focus	complete	64	0.1708578576817814	10.675854481045809	011111111111111111111111111111111111111111111111111111111111111
-0.026412698412698412	-0.0020634920634920637	saddle_focus	complete	64	0.16959664616082115	10.590249989030905	011111111111111111111111111111111111111111111111111111111111111
-0.026412698412698412	-0.0007936507936507937	saddle_focus	complete	64	0.1682511142499319	10.498747682497267	011111111111111111111111111111111111111111111111111111111111111
-0.026412698412698412	0.0004761904761904762	saddle_focus	complete	64	0.16681112979512847	10.400743656181659	011111111111111111111111111111111111111111111111111111111111111
-0.026412698412698412	0.001746031746031746	saddle_focus	complete	64	0.165266328907812	10.295605328065784	011111111111111111111111111111111111111111111111111111111111111
-0.026412698412698412	0.003015873015873016	saddle_focus	complete	64	0.16360559863638535	10.182659915801363	011111111111111111111111111111111111111111111111111111111111111
-0.026412698412698412	0.004285714285714286	saddle_focus	complete	64	0.1618174688008036	10.061212550172035	011111111111111111111111111111111111111111111111111111111111111
-0.026412698412698412	0.005555555555555556	saddle_focus	complete	64	0.1598899570399368	9.930560091006146	011111111111111111111111111111111111111111111111111111111111111
-0.026412698412698412	0.006825396825396826	saddle_focus	complete	64	0.1578110555681782	9.790009933738462	011111111111111111111111111111111111111111111111111111111111111
-0.026412698412698412	0.008095238095238095	saddle_focus	complete	64	0.1555690106113481	9.63891728548292	011111111111111111111111111111111111111111111111111111111111111
-0.026412698412698412	0.009365079365079364	saddle_focus	complete	64	0.1531528372458535	9.476722894176314	011111111111111111111111111111111111111111111111111111111111111
-0.026412698412698412	0.010634920634920634	saddle_focus	complete	64	0.1505529905663323	9.303013065792138	011111111111111111111111111111111111111111111111111111111111111
-0.026412698412698412	0.013174603174603174	saddle_focus	complete	64	0.14477534373896717	8.92051931641925	011111111111111111111111111111111111111111111111111111111111111
-0.026412698412698412	0.016984126984126983	saddle_focus	complete	64	0.1346293144498425	8.268193983716772	011111111111111111111111111111111111111111111111111111111111111
-0.026095238095238095	-0.03	saddle_focus	numerical_failure	10	0.196001865697236	1.6773459095779706	011111111
-0.026095238095238095	-0.02873015873015873	saddle_focus	numerical_failure	11	0.2051411749103751	1.8678187755766942	0111111110
-0.026095238095238095	-0.02746031746031746	saddle_focus	numerical_failure	12	0.22220607525775682	2.0665452956043846	01111111110
-0.026095238095238095	-0.02619047619047619	saddle_focus	numerical_failure	12	0.19527944084290616	2.0252382575525547	01111111111
-0.026095238095238095	-0.02492063492063492	saddle_focus	numerical_failure	13	0.1968269403559928	2.203757244890995	011111111111
-0.026095238095238095	-0.02365079365079365	saddle_focus	numerical_failure	15	0.25668701430934426	2.635125801394486	01111111111110
-0.026095238095238095	-0.02238095238095238	saddle_focus	numerical_failure	16	0.21397008320655786	2.762953069925826	011111111111110
-0.026095238095238095	-0.021111111111111112	saddle_focus	numerical_failure	17	0.20053007370578158	2.9168147630568892	0111111111111111
-0.026095238095238095	-0.01984126984126984	saddle_focus	numerical_failure	19	0.2033564511803756	3.277326047219088	011111111111111111
-0.026095238095238095	-0.018571428571428572	saddle_focus	numerical_failure	22	0.22716621095645007	3.8499719479553307	011111111111111111110
-0.026095238095238095	-0.0173015873015873	saddle_focus	numerical_failure	25	0.21924456717989926	4.375217475882781	011111111111111111111110
-0.026095238095238095	-0.016031746031746032	saddle_focus	numerical_failure	29	0.2091559675507435	5.07303347880674	0111111111111111111111111110
-0.026095238095238095	-0.014761904761904763	saddle_focus	numerical_failure	36	0.22144216242665138	6.349256544789948	01111111111111111111111111111111110
-0.026095238095238095	-0.013492063492063493	saddle_focus	numerical_failure	48	0.22573934206536883	8.508793555860526	01111111111111111111111111111111111111111111110
-0.026095238095238095	-0.012222222222222223	saddle_focus	complete	64	0.18111831442689486	11.21641098027642	011111111111111111111111111111111111111111111111111111111111111
-0.026095238095238095	-0.010952380952380953	saddle_focus	complete	64	0.17802887674165646	11.128203854691646	011111111111111111111111111111111111111111111111111111111111111
-0.026095238095238095	-0.009682539682539683	saddle_focus	complete	64	0.17680223557341002	11.060772500014997	011111111111111111111111111111111111111111111111111111111111111
-0.026095238095238095	-0.008412698412698413	saddle_focus	complete	64	0.17573325477925295	10.994630251709575	011111111111111111111111111111111111111111111111111111111111111
-0.026095238095238095	-0.007142857142857143	saddle_focus	complete	64	0.17468153867197955	10.926630810900576	011111111111111111111111111111111111111111111111111111111111111
-0.026095238095238095	-0.005873015873015873	saddle_focus	complete	64	0.17360414734264928	10.855440965069791	011111111111111111111111111111111111111111111111111111111111111
-0.026095238095238095	-0.004603174603174603	saddle_focus	complete	64	0.17248020715461188	10.780245099280162	011111111111111111111111111111111111111111111111111111111111111
-0.026095238095238095	-0.0033333333333333335	saddle_focus	complete	64	0.1712956981312015	10.700414282027593	011111111111111111111111111111111111111111111111111111111111111
-0.026095238095238095	-0.0020634920634920637	saddle_focus	complete	64	0.17003934191413173	10.61535576305417	011111111111111111111111111111111111111111111111111111111111111
-0.026095238095238095	-0.0007936507936507937	saddle_focus	complete	64	0.16870041200776775	10.524458870653595	011111111111111111111111111111111111111111111111111111111111111
-0.026095238095238095	0.0004761904761904762	saddle_focus	complete	64	0.16726855047817857	10.427100190318148	011111111111111111111111111111111111111111111111111111111111111
-0.026095238095238095	0.001746031746031746	saddle_focus	complete	64	0.16573276414346516	10.322633564036028	011111111111111111111111111111111111111111111111111111111111111
-0.026095238095238095	0.003015873015873016	saddle_focus	complete	64	0.16408174234994455	10.210373408554098	011111111111111111111111111111111111111111111111111111111111111
-0.026095238095238095	0.004285714285714286	saddle_focus	complete	64	0.162303650425633	10.089610306150675	011111111111111111111111111111111111111111111111111111111111111
-0.026095238095238095	0.005555555555555556	saddle_focus	complete	64	0.16038629924458014	9.95962481603461	011111111111111111111111111111111111111111111111111111111111111
-0.026095238095238095	0.006825396825396826	saddle_focus	complete	64	0.15831729083833856	9.81970490755318	011111111111111111111111111111111111111111111111111111111111111
-0.026095238095238095	0.008095238095238095	saddle_focus	complete	64	0.15608450088188697	9.669182745963697	011111111111111111111111111111111111111111111111111111111111111
-0.026095238095238095	0.009365079365079364	saddle_focus	complete	64	0.1536765679740668	9.507472531311757	011111111111111111111111111111111111111111111111111111111111111
-0.026095238095238095	0.010634920634920634	saddle_focus	complete	64	0.15108349986305392	9.334130334423413	011111111111111111111111111111111111111111111111111111111111111
-0.026095238095238095	0.013174603174603174	saddle_focus	complete	64	0.14531332954969756	8.95188483437541	011111111111111111111111111111111111111111111111111111111111111
-0.026095238095238095	0.015714285714285715	saddle_focus	complete	64	0.13874777339114708	8.524802475297014	011111111111111111111111111111111111111111111111111111111111111
-0.026095238095238095	0.019523809523809523	saddle_focus	complete	64	0.12528879740679777	7.8830334403696956	011111111111111111111111111111111111111111111111111111111111111
-0.025777777777777778	-0.03	saddle_focus	numerical_failure	10	0.20912761996595908	1.693025466430386	011111110
-0.025777777777777778	-0.02873015873015873	saddle_focus	numerical_failure	10	0.19403089534384277	1.6686553483645121	011111111
-0.025777777777777778	-0.02746031746031746	saddle_focus	numerical_failure	11	0.20185410094850242	1.8566493571202156	0111111111
-0.025777777777777778	-0.02619047619047619	saddle_focus	numerical_failure	12	0.21422271096144252	2.049453100244464	01111111110
-0.025777777777777778	-0.02492063492063492	saddle_focus	numerical_failure	13	0.2388939083974142	2.2538423097392024	011111111110
-0.025777777777777778	-0.02365079365079365	saddle_focus	numerical_failure	14	0.3097186684597948	2.502229313968152	0111111111110
-0.025777777777777778	-0.02238095238095238	saddle_focus	numerical_failure	15	0.23015052230008415	2.596747428188522	01111111111110
-0.025777777777777778	-0.021111111111111112	saddle_focus	numerical_failure	16	0.21010506806458107	2.746953665042523	011111111111110
-0.025777777777777778	-0.01984126984126984	saddle_focus	numerical_failure	17	0.19875476969196226	2.9027342562545444	0111111111111111
-0.025777777777777778	-0.018571428571428572	saddle_focus	numerical_failure	19	0.20173728800308766	3.262079314647516	011111111111111111
-0.025777777777777778	-0.0173015873015873	saddle_focus	numerical_failure	22	0.2256481830146928	3.8328720184230916	011111111111111111110
-0.025777777777777778	-0.016031746031746032	saddle_focus	numerical_failure	25	0.22080397462096624	4.360266265005984	011111111111111111111110
-0.025777777777777778	-0.014761904761904763	saddle_focus	numerical_failure	29	0.21177858029386787	5.058228771188398	0111111111111111111111111110
-0.025777777777777778	-0.013492063492063493	saddle_focus	numerical_failure	36	0.2861748732661997	6.398943773939982	01111111111111111111111111111111110
-0.025777777777777778	-0.012222222222222223	saddle_focus	numerical_failure	47	0.2211488765932188	8.28869435384287	0111111111111111111111111111111111111111111110
-0.025777777777777778	-0.010952380952380953	saddle_focus	complete	64	0.1812144132689788	11.184875824983175	011111111111111111111111111111111111111111111111111111111111111
-0.025777777777777778	-0.009682539682539683	saddle_focus	complete	64	0.1775931833392388	11.091923222639958	011111111111111111111111111111111111111111111111111111111111111
-0.025777777777777778	-0.008412698412698413	saddle_focus	complete	64	0.1763110821259044	11.021747368035744	011111111111111111111111111111111111111111111111111111111111111
-0.025777777777777778	-0.007142857142857143	saddle_focus	complete	64	0.17519256359284263	10.952524188492465	011111111111111111111111111111111111111111111111111111111111111
-0.025777777777777778	-0.005873015873015873	saddle_focus	complete	64	0.17408856428501984	10.881058654015298	011111111111111111111111111111111111111111111111111111111111111
-0.025777777777777778	-0.004603174603174603	saddle_focus	complete	64	0.17295425887446925	10.806010047047629	011111111111111111111111111111111111111111111111111111111111111
-0.025777777777777778	-0.0033333333333333335	saddle_focus	complete	64	0.17176747211411758	10.72654935302265	011111111111111111111111111111111111111111111111111111111111111
-0.025777777777777778	-0.0020634920634920637	saddle_focus	complete	64	0.1705134584765755	10.641996294789191	011111111111111111111111111111111111111111111111111111111111111
-0.025777777777777778	-0.0007936507936507937	saddle_focus	complete	64	0.16917991866205817	10.551693342671344	011111111111111111111111111111111111111111111111111111111111111
-0.025777777777777778	0.0004761904761904762	saddle_focus	complete	64	0.1677553863873822	10.454986827506634	011111111111111111111111111111111111111111111111111111111111111
-0.025777777777777778	0.001746031746031746	saddle_focus	complete	64	0.1662283373905229	10.351211245901276	011111111111111111111111111111111111111111111111111111111111111
-0.025777777777777778	0.003015873015873016	saddle_focus	complete	64	0.16458701233654516	10.239664451712262	011111111111111111111111111111111111111111111111111111111111111
-0.025777777777777778	0.004285714285714286	saddle_focus	complete	64	0.162819229878842	10.11962020644202	011111111111111111111111111111111111111111111111111111111111111
-0.025777777777777778	0.005555555555555556	saddle_focus	complete	64	0.16091237387489166	9.990340830882596	011111111111111111111111111111111111111111111111111111111111111
-0.025777777777777778	0.006825396825396826	saddle_focus	complete	64	0.15885374883474235	9.851093105823775	011111111111111111111111111111111111111111111111111111111111111
-0.025777777777777778	0.008095238095238095	saddle_focus	complete	64	0.15663077357879196	9.701184310246948	011111111111111111111111111111111111111111111111111111111111111
-0.025777777777777778	0.009365079365079364	saddle_focus	complete	64	0.15423164777212506	9.540000057956876	011111111111111111111111111111111111111111111111111111111111111
-0.025777777777777778	0.010634920634920634	saddle_focus	complete	64	0.15164590642039322	9.367063833108142	011111111111111111111111111111111111111111111111111111111111111
-0.025777777777777778	0.013174603174603174	saddle_focus	complete	64	0.14588402143328238	8.985124426064113	011111111111111111111111111111111111111111111111111111111111111
-0.025777777777777778	0.015714285714285715	saddle_focus	complete	64	0.13931583372626477	8.557357321595541	011111111111111111111111111111111111111111111111111111111111111
-0.025777777777777778	0.019523809523809523	saddle_focus	complete	64	0.1260866674497212	7.898858277602361	011111111111111111111111111111111111111111111111111111111111111
-0.02546031746031746	-0.03	saddle_focus	numerical_failure	9	0.19250938381961635	1.4883579997514504	01111111
-0.02546031746031746	-0.02873015873015873	saddle_focus	numerical_failure	10	0.20468008468190013	1.6815593892194687	011111110
-0.02546031746031746	-0.02746031746031746	saddle_focus	numerical_failure	10	0.19223229123771346	1.6600954421220209	011111111
-0.02546031746031746	-0.02619047619047619	saddle_focus	numerical_failure	11	0.1990544269160217	1.845967155772571	0111111111
-0.02546031746031746	-0.02492063492063492	saddle_focus	numerical_failure	12	0.20882862169642968	2.0350095699446107	01111111110
-0.02546031746031746	-0.02365079365079365	saddle_focus	numerical_failure	13	0.22248137668876833	2.2272652718747477	011111111110
-0.02546031746031746	-0.02238095238095238	saddle_focus	numerical_failure	14	0.23171478121779687	2.4131457789895285	0111111111110
-0.02546031746031746	-0.021111111111111112	saddle_focus	numerical_failure	15	0.22032219823958465	2.575234690478856	01111111111110
-0.02546031746031746	-0.01984126984126984	saddle_focus	numerical_failure	16	0.20685857346396208	2.7316795689653306	011111111111110
-0.02546031746031746	-0.018571428571428572	saddle_focus	numerical_failure	17	0.19708229418467216	2.8887942116733636	0111111111111111
-0.02546031746031746	-0.0173015873015873	saddle_focus	numerical_failure	19	0.20019232318630475	3.2468957941896828	011111111111111111
-0.02546031746031746	-0.016031746031746032	saddle_focus	numerical_failure	22	0.22422496489963084	3.815780665809901	011111111111111111110
-0.02546031746031746	-0.014761904761904763	saddle_focus	numerical_failure	25	0.22278217826078617	4.3455454582314195	011111111111111111111110
-0.02546031746031746	-0.013492063492063493	saddle_focus	numerical_failure	29	0.21541931308781148	5.044261666557922	0111111111111111111111111110
-0.02546031746031746	-0.012222222222222223	saddle_focus	numerical_failure	35	0.20971920611984807	6.099772178520439	0111111111111111111111111111111110
-0.02546031746031746	-0.010952380952380953	saddle_focus	numerical_failure	47	2.4006207755222455	10.466932684308869	0111111111111111111111111111111111111111111101
-0.02546031746031746	-0.009682539682539683	saddle_focus	complete	64	0.18163504342385828	11.154224026796928	011111111111111111111111111111111111111111111111111111111111111
-0.02546031746031746	-0.008412698412698413	saddle_focus	complete	64	0.17715982629234972	11.055039566899858	011111111111111111111111111111111111111111111111111111111111111
-0.02546031746031746	-0.007142857142857143	saddle_focus	complete	64	0.17581411498459332	10.981749962236538	011111111111111111111111111111111111111111111111111111111111111
-0.02546031746031746	-0.005873015873015873	saddle_focus	complete	64	0.17463994693613927	10.909074370502113	011111111111111111111111111111111111111111111111111111111111111
-0.02546031746031746	-0.004603174603174603	saddle_focus	complete	64	0.17347790103046812	10.83377538822967	011111111111111111111111111111111111111111111111111111111111111
-0.02546031746031746	-0.0033333333333333335	saddle_focus	complete	64	0.17228051106433995	10.754494873499198	011111111111111111111111111111111111111111111111111111111111111
-0.02546031746031746	-0.0020634920634920637	saddle_focus	complete	64	0.171024405153144	10.6703536800145	011111111111111111111111111111111111111111111111111111111111111
-0.02546031746031746	-0.0007936507936507937	saddle_focus	complete	64	0.16969367354070286	10.58060320620462	011111111111111111111111111111111111111111111111111111111111111
-0.02546031746031746	0.0004761904761904762	saddle_focus	complete	64	0.16827505400402565	10.484537983067748	011111111111111111111111111111111111111111111111111111111111111
-0.02546031746031746	0.001746031746031746	saddle_focus	complete	64	0.16675603314886978	10.381461856085178	011111111111111111111111111111111111111111111111111111111111111
-0.02546031746031746	0.003015873015873016	saddle_focus	complete	64	0.1651241295155561	10.270650346544912	011111111111111111111111111111111111111111111111111111111111111
-0.02546031746031746	0.004285714285714286	saddle_focus	complete	64	0.16336664374348686	10.151356269091506	011111111111111111111111111111111111111111111111111111111111111
-0.02546031746031746	0.005555555555555556	saddle_focus	complete	64	0.16147057841124202	10.022821050545152	011111111111111111111111111111111111111111111111111111111111111
-0.02546031746031746	0.006825396825396826	saddle_focus	complete	64	0.15942271360069782	9.8842878848539	011111111111111111111111111111111111111111111111111111111111111
-0.02546031746031746	0.008095238095238095	saddle_focus	complete	64	0.15721005665326615	9.735036993494644	011111111111111111111111111111111111111111111111111111111111111
-0.02546031746031746	0.009365079365079364	saddle_focus	complete	64	0.15482031310635236	9.57442298671482	011111111111111111111111111111111111111111111111111111111111111
-0.02546031746031746	0.010634920634920634	saddle_focus	complete	64	0.15224247103270727	9.401934256840695	011111111111111111111111111111111111111111111111111111111111111
-0.02546031746031746	0.013174603174603174	saddle_focus	complete	64	0.14648977379013495	9.020363231585652	011111111111111111111111111111111111111111111111111111111111111
-0.02546031746031746	0.015714285714285715	saddle_focus	complete	64	0.13991917553699018	8.59193674640936	011111111111111111111111111111111111111111111111111111111111111
-0.02546031746031746	0.019523809523809523	saddle_focus	complete	64	0.12698017546704232	7.918673583636807	011111111111111111111111111111111111111111111111111111111111111
-0.025142857142857144	-0.03	saddle_focus	numerical_failure	9	0.19996259516215353	1.4970210547987333	01111111
-0.025142857142857144	-0.02873015873015873	saddle_focus	numerical_failure	9	0.19079688499469638	1.4808115642997504	01111111
-0.025142857142857144	-0.02746031746031746	saddle_focus	numerical_failure	10	0.20114838206586327	1.6710061126325584	011111111
-0.025142857142857144	-0.02619047619047619	saddle_focus	numerical_failure	11	0.3879020548243113	2.039529848099382	0111111110
-0.025142857142857144	-0.02492063492063492	saddle_focus	numerical_failure	11	0.19659898826247613	1.835628258680166	0111111111
-0.025142857142857144	-0.02365079365079365	saddle_focus	numerical_failure	12	0.2046916219081969	2.0218813259677644	01111111110
-0.025142857142857144	-0.02238095238095238	saddle_focus	numerical_failure	13	0.2144001370740778	2.2091373575893534	011111111110
-0.025142857142857144	-0.021111111111111112	saddle_focus	numerical_failure	14	0.22003346859457107	2.390536398932813	0111111111110
-0.025142857142857144	-0.01984126984126984	saddle_focus	numerical_failure	15	0.21407195519983624	2.5574348787448447	01111111111110
-0.025142857142857144	-0.018571428571428572	saddle_focus	numerical_failure	16	0.20403285375045987	2.716901637893977	011111111111110
-0.025142857142857144	-0.0173015873015873	saddle_focus	numerical_failure	18	0.2433942834950904	3.118326602173964	01111111111111110
-0.025142857142857144	-0.016031746031746032	saddle_focus	numerical_failure	19	0.1987019788596025	3.2316976523316256	011111111111111111
-0.025142857142857144	-0.014761904761904763	saddle_focus	numerical_failure	22	0.22279929835758328	3.7985258098511245	011111111111111111110
-0.025142857142857144	-0.013492063492063493	saddle_focus	numerical_failure	25	0.22522573343995322	4.331024315606914	011111111111111111111110
-0.025142857142857144	-0.012222222222222223	saddle_focus	numerical_failure	29	0.2207716767740031	5.031766725906328	0111111111111111111111111110
-0.025142857142857144	-0.010952380952380953	saddle_focus	numerical_failure	36	2.3992315440500223	8.490536384366473	01111111111111111111111111111111101
-0.025142857142857144	-0.009682539682539683	saddle_focus	complete	64	1.584979858578004	16.24338620333933	011111111111111111111111111111111111111111101111110111111011111
-0.025142857142857144	-0.008412698412698413	saddle_focus	complete	64	0.18272391154313716	11.125413448244137	011111111111111111111111111111111111111111111111111111111111111
-0.025142857142857144	-0.007142857142857143	saddle_focus	complete	64	0.1767287762694849	11.017456943262042	011111111111111111111111111111111111111111111111111111111111111
-0.025142857142857144	-0.005873015873015873	saddle_focus	complete	64	0.1753103528235691	10.94064213798323	011111111111111111111111111111111111111111111111111111111111111
-0.025142857142857144	-0.004603174603174603	saddle_focus	complete	64	0.1740738538180011	10.864126111932777	011111111111111111111111111111111111111111111111111111111111111
-0.025142857142857144	-0.0033333333333333335	saddle_focus	complete	64	0.17284735022944453	10.78461167518882	011111111111111111111111111111111111111111111111111111111111111
-0.025142857142857144	-0.0020634920634920637	saddle_focus	complete	64	0.1715802232136383	10.700683270720864	011111111111111111111111111111111111111111111111111111111111111
-0.025142857142857144	-0.0007936507936507937	saddle_focus	complete	64	0.17024753740691523	10.611387501562113	011111111111111111111111111111111111111111111111111111111111111
-0.025142857142857144	0.0004761904761904762	saddle_focus	complete	64	0.16883212728883912	10.515920684998719	011111111111111111111111111111111111111111111111111111111111111
-0.025142857142857144	0.001746031746031746	saddle_focus	complete	64	0.16731958571023675	10.413533345379676	011111111111111111111111111111111111111111111111111111111111111
-0.025142857142857144	0.003015873015873016	saddle_focus	complete	64	0.1656963083114018	10.303467482686676	011111111111111111111111111111111111111111111111111111111111111
-0.025142857142857144	0.004285714285714286	saddle_focus	complete	64	0.16394891131945677	10.18494828751234	011111111111111111111111111111111111111111111111111111111111111
-0.025142857142857144	0.005555555555555556	saddle_focus	complete	64	0.16206364997851352	10.057191935172495	011111111111111111111111111111111111111111111111111111111111111
-0.025142857142857144	0.006825396825396826	saddle_focus	complete	64	0.16002685166531272	9.9194148115954	011111111111111111111111111111111111111111111111111111111111111
-0.025142857142857144	0.008095238095238095	saddle_focus	complete	64	0.1578249800312026	9.77086722326465	011111111111111111111111111111111111111111111111111111111111111
-0.025142857142857144	0.010634920634920634	saddle_focus	complete	64	0.15287575308034107	9.438873088951546	011111111111111111111111111111111111111111111111111111111111111
-0.025142857142857144	0.013174603174603174	saddle_focus	complete	64	0.14713320953980435	9.057740669943726	011111111111111111111111111111111111111111111111111111111111111
-0.025142857142857144	0.015714285714285715	saddle_focus	complete	64	0.140560447281592	8.62868416575634	011111111111111111111111111111111111111111111111111111111111111
-0.025142857142857144	0.019523809523809523	saddle_focus	complete	64	0.1279327657194509	7.9427056846380175	011111111111111111111111111111111111111111111111111111111111111
-0.024825396825396827	-0.03	saddle_focus	numerical_failure	9	0.23240822207712464	1.5315305743676446	01111110
-0.024825396825396827	-0.02873015873015873	saddle_focus	numerical_failure	9	0.1971408480272483	1.4882114106573017	01111111
-0.024825396825396827	-0.02746031746031746	saddle_focus	numerical_failure	9	0.18921638664837293	1.4733396458641295	01111111
-0.024825396825396827	-0.02619047619047619	saddle_focus	numerical_failure	10	0.1981914377416356	1.6610142309111597	011111111
-0.024825396825396827	-0.02492063492063492	saddle_focus	numerical_failure	11	0.22632482185412806	1.8695584257565934	0111111110
-0.024825396825396827	-0.02365079365079365	saddle_focus	numerical_failure	11	0.19440100741851318	1.8255535586939269	0111111111
-0.024825396825396827	-0.02238095238095238	saddle_focus	numerical_failure	12	0.2013001537846566	2.009561369020321	01111111111
-0.024825396825396827	-0.021111111111111112	saddle_focus	numerical_failure	13	0.20890807453790106	2.1937114550108445	011111111110
-0.024825396825396827	-0.01984126984126984	saddle_focus	numerical_failure	14	0.2131520576079855	2.372858829713563	0111111111110
-0.024825396825396827	-0.018571428571428572	saddle_focus	numerical_failure	15	0.20940640136845667	2.5413229890050637	01111111111110
-0.024825396825396827	-0.0173015873015873	saddle_focus	numerical_failure	16	0.2015084912582621	2.7024578932748646	011111111111111
-0.024825396825396827	-0.016031746031746032	saddle_focus	numerical_failure	18	0.23014662532732943	3.091227859776729	01111111111111110
-0.024825396825396827	-0.014761904761904763	saddle_focus	numerical_failure	19	0.19724859829803432	3.2164076166156144	011111111111111111
-0.024825396825396827	-0.013492063492063493	saddle_focus	numerical_failure	22	0.22128103680531153	3.780950265709927	011111111111111111110
-0.024825396825396827	-0.012222222222222223	saddle_focus	numerical_failure	25	0.2281625464852688	4.316667579214669	011111111111111111111110
-0.024825396825396827	-0.010952380952380953	saddle_focus	numerical_failure	30	2.400118010776284	7.422681184446643	01111111111111111111111111101
-0.024825396825396827	-0.009682539682539683	saddle_focus	complete	64	1.599871988543974	19.659775384442376	011111111111111111111111111111111001111011111011111011111011111
-0.024825396825396827	-0.008412698412698413	saddle_focus	complete	64	1.3006857784959314	15.189265439640042	011111111111111111111111111111111111111111100111110011111001111
-0.024825396825396827	-0.007142857142857143	saddle_focus	complete	64	0.18536047865165628	11.10066596143429	011111111111111111111111111111111111111111111111111111111111111
-0.024825396825396827	-0.005873015873015873	saddle_focus	complete	64	0.17629997863859437	10.979061707854923	011111111111111111111111111111111111111111111111111111111111111
-0.024825396825396827	-0.004603174603174603	saddle_focus	complete	64	0.17479874340903656	10.898286733548622	011111111111111111111111111111111111111111111111111111111111111
-0.024825396825396827	-0.0033333333333333335	saddle_focus	complete	64	0.17349252038817298	10.817527361492584	011111111111111111111111111111111111111111111111111111111111111
-0.024825396825396827	-0.0020634920634920637	saddle_focus	complete	64	0.17219445117192755	10.73337578823551	011111111111111111111111111111111111111111111111111111111111111
-0.024825396825396827	-0.0007936507936507937	saddle_focus	complete	64	0.17085020148752506	10.644324432685462	011111111111111111111111111111111111111111111111111111111111111
-0.024825396825396827	0.0004761904761904762	saddle_focus	complete	64	0.16943290202515726	10.549352981554765	011111111111111111111111111111111111111111111111111111111111111
-0.024825396825396827	0.001746031746031746	saddle_focus	complete	64	0.1679239706674469	10.447609366397586	011111111111111111111111111111111111111111111111111111111111111
-0.024825396825396827	0.003015873015873016	saddle_focus	complete	64	0.16630774542248616	10.338278948521047	011111111111111111111111111111111111111111111111111111111111111
-0.024825396825396827	0.004285714285714286	saddle_focus	complete	64	0.16456955709787024	10.220547108701515	011111111111111111111111111111111111111111111111111111111111111
-0.024825396825396827	0.005555555555555556	saddle_focus	complete	64	0.16269482195871277	10.093597431731821	011111111111111111111111111111111111111111111111111111111111111
-0.024825396825396827	0.006825396825396826	saddle_focus	complete	64	0.16066921077099927	9.956615258503387	011111111111111111111111111111111111111111111111111111111111111
-0.024825396825396827	0.008095238095238095	saddle_focus	complete	64	0.1584784415137399	9.808815096553325	011111111111111111111111111111111111111111111111111111111111111
-0.024825396825396827	0.009365079365079364	saddle_focus	complete	64	0.15610898464854372	9.64948287263924	011111111111111111111111111111111111111111111111111111111111111
-0.024825396825396827	0.010634920634920634	saddle_focus	complete	64	0.15354859247455543	9.4780242731415	011111111111111111111111111111111111111111111111111111111111111
-0.024825396825396827	0.011904761904761904	saddle_focus	complete	64	0.15078706324431046	9.294040029444295	011111111111111111111111111111111111111111111111111111111111111
-0.024825396825396827	0.014444444444444444	saddle_focus	complete	64	0.14463541040661987	8.8883837709711	011111111111111111111111111111111111111111111111111111111111111
-0.024825396825396827	0.019523809523809523	saddle_focus	complete	64	0.1289074105793473	7.970994192832795	011111111111111111111111111111111111111111111111111111111111111
-0.024507936507936506	-0.03	saddle_focus	numerical_failure	8	0.19060534162020093	1.302628004217366	0111111
-0.024507936507936506	-0.02873015873015873	saddle_focus	numerical_failure	9	0.21635652871836109	1.5092482225188562	01111110
-0.024507936507936506	-0.02746031746031746	saddle_focus	numerical_failure	9	0.1946977009606463	1.4797466313807661	01111111
-0.024507936507936506	-0.02619047619047619	saddle_focus	numerical_failure	10	0.2366287121190802	1.7025455370029403	011111110
-0.024507936507936506	-0.02492063492063492	saddle_focus	numerical_failure	10	0.19563045436472604	1.651404589171654	011111111
-0.024507936507936506	-0.02365079365079365	saddle_focus	numerical_failure	11	0.21492159837101377	1.8498289865684552	0111111110
-0.024507936507936506	-0.02238095238095238	saddle_focus	numerical_failure	11	0.19240478807533323	1.8156991587713693	0111111111
-0.024507936507936506	-0.021111111111111112	saddle_focus	numerical_failure	12	0.19840441483999371	1.9978045741653438	01111111111
-0.024507936507936506	-0.01984126984126984	saddle_focus	numerical_failure	13	0.2046880160779121	2.1796595380871313	011111111110
-0.024507936507936506	-0.018571428571428572	saddle_focus	numerical_failure	14	0.20818058165820919	2.3571955662253994	0111111111110
-0.024507936507936506	-0.0173015873015873	saddle_focus	numerical_failure	15	0.20563142839408677	2.526162562928653	01111111111110
-0.024507936507936506	-0.016031746031746032	saddle_focus	numerical_failure	16	0.19920809721882904	2.688219847222347	011111111111111
-0.024507936507936506	-0.014761904761904763	saddle_focus	numerical_failure	18	0.22243152380417053	3.0696042671974944	01111111111111110
-0.024507936507936506	-0.013492063492063493	saddle_focus	numerical_failure	19	0.19581626853195688	3.20095770527803	011111111111111111
-0.024507936507936506	-0.012222222222222223	saddle_focus	numerical_failure	22	0.2195940409462458	3.7629283806599974	011111111111111111110
-0.024507936507936506	-0.010952380952380953	saddle_focus	numerical_failure	26	2.396775004656611	6.699177518907643	0111111111111111111111101
-0.024507936507936506	-0.009682539682539683	saddle_focus	complete	64	1.6015031170163105	22.868450795210663	011111111111111111111111111001110111101111011110111101111011110
-0.024507936507936506	-0.008412698412698413	saddle_focus	complete	64	1.295964562451049	17.676285897272454	011111111111111111111111111111110111110111110111110111110111110
-0.024507936507936506	-0.007142857142857143	saddle_focus	complete	64	1.125674175911696	15.434717427141058	011111111111111111111111111111111111111111011111011111011111011
-0.024507936507936506	-0.005873015873015873	saddle_focus	complete	64	0.19240010522470818	11.086120615196865	011111111111111111111111111111111111111111111111111111111111111
-0.024507936507936506	-0.004603174603174603	saddle_focus	complete	64	0.17587342542455353	10.939740788731019	011111111111111111111111111111111111111111111111111111111111111
-0.024507936507936506	-0.0033333333333333335	saddle_focus	complete	64	0.174278099198661	10.854551871273944	011111111111111111111111111111111111111111111111111111111111111
-0.024507936507936506	-0.0020634920634920637	saddle_focus	complete	64	0.17289402294960077	10.76910902756004	011111111111111111111111111111111111111111111111111111111111111
-0.024507936507936506	-0.0007936507936507937	saddle_focus	complete	64	0.1715165854490568	10.679839181191149	011111111111111111111111111111111111111111111111111111111111111
-0.024507936507936506	0.0004761904761904762	saddle_focus	complete	64	0.17008698980313497	10.58513931150886	011111111111111111111111111111111111111111111111111111111111111
-0.024507936507936506	0.001746031746031746	saddle_focus	complete	64	0.16857613298853735	10.48392949509013	011111111111111111111111111111111111111111111111111111111111111
-0.024507936507936506	0.003015873015873016	saddle_focus	complete	64	0.1669638596014753	10.375287138372876	011111111111111111111111111111111111111111111111111111111111111
-0.024507936507936506	0.004285714285714286	saddle_focus	complete	64	0.16523317342202937	10.258333035824547	011111111111111111111111111111111111111111111111111111111111111
-0.024507936507936506	0.005555555555555556	saddle_focus	complete	64	0.16336816199746984	10.132204808992519	011111111111111111111111111111111111111111111111111111111111111
-0.024507936507936506	0.006825396825396826	saddle_focus	complete	64	0.16135340427082134	9.996047999558744	011111111111111111111111111111111111111111111111111111111111111
-0.024507936507936506	0.008095238095238095	saddle_focus	complete	64	0.1591738379834826	9.849037637644212	011111111111111111111111111111111111111111111111111111111111111
-0.024507936507936506	0.009365079365079364	saddle_focus	complete	64	0.15681513579559336	9.690417234938963	011111111111111111111111111111111111111111111111111111111111111
-0.024507936507936506	0.010634920634920634	saddle_focus	complete	64	0.15426422755142255	9.519546392010945	011111111111111111111111111111111111111111111111111111111111111
-0.024507936507936506	0.011904761904761904	saddle_focus	complete	64	0.15151011849021678	9.335975739882311	011111111111111111111111111111111111111111111111111111111111111
-0.024507936507936506	0.014444444444444444	saddle_focus	complete	64	0.1453642720284023	8.930405451808456	011111111111111111111111111111111111111111111111111111111111111
-0.024507936507936506	0.020793650793650795	saddle_focus	complete	64	0.12373623216736629	7.85078682860091	011111111111111111111111111111111111111111111111111111111111111
-0.02419047619047619	-0.03	saddle_focus	numerical_failure	8	0.19646114364845446	1.309058335169846	0111111
-0.02419047619047619	-0.02873015873015873	saddle_focus	numerical_failure	8	0.18893876559360456	1.2959753386196955	0111111
-0.02419047619047619	-0.02746031746031746	saddle_focus	numerical_failure	9	0.2086533926150349	1.4953166829295017	01111110
-0.02419047619047619	-0.02619047619047619	saddle_focus	numerical_failure	9	0.1925320839307343	1.4715194156114944	01111111
-0.02419047619047619	-0.02492063492063492	saddle_focus	numerical_failure	10	0.2180061666216888	1.676537199373626	011111110
-0.02419047619047619	-0.02365079365079365	saddle_focus	numerical_failure	10	0.19335967635373463	1.6420796329977887	011111111
-0.02419047619047619	-0.02238095238095238	saddle_focus	numerical_failure	11	0.2082495535432669	1.8349008123712438	0111111110
-0.02419047619047619	-0.021111111111111112	saddle_focus	numerical_failure	11	0.19057212518591382	1.8060368137102927	0111111111
-0.02419047619047619	-0.01984126984126984	saddle_focus	numerical_failure	12	0.19586400782131275	1.986468207281963	01111111111
-0.02419047619047619	-0.018571428571428572	saddle_focus	numerical_failure	13	0.2012255493618147	2.1664480640463673	011111111110
-0.02419047619047619	-0.0173015873015873	saddle_focus	numerical_failure	14	0.20423368367662365	2.342623745963493	0111111111110
-0.02419047619047619	-0.016031746031746032	saddle_focus	numerical_failure	15	0.2024225786161571	2.5115792837981745	01111111111110
-0.02419047619047619	-0.014761904761904763	saddle_focus	numerical_failure	16	0.1970768235504945	2.6740786206289986	011111111111111
-0.02419047619047619	-0.013492063492063493	saddle_focus	numerical_failure	18	0.2168031674299531	3.0499502031869064	01111111111111110
-0.02419047619047619	-0.012222222222222223	saddle_focus	numerical_failure	20	0.2711612098687697	3.456460019803275	0111111111111111110
-0.02419047619047619	-0.010952380952380953	saddle_focus	numerical_failure	23	2.3869507519145206	6.131330772548572	0111111111111111111101
-0.02419047619047619	-0.009682539682539683	saddle_focus	complete	64	1.6001145044096	24.807267860205265	011111111111111111111110111101111011110111101111011110111101111
-0.02419047619047619	-0.008412698412698413	saddle_focus	complete	64	1.286317136087983	21.07041819622164	011111111111111111111111111011101111011110111101111011110111101
-0.02419047619047619	-0.007142857142857143	saddle_focus	complete	64	1.122119537130744	17.48501133509912	011111111111111111111111111111110111110111101111011110111101111
-0.02419047619047619	-0.005873015873015873	saddle_focus	complete	64	1.0207112884176492	14.99782469436531	011111111111111111111111111111111111111110111110111110111110111
-0.02419047619047619	-0.004603174603174603	saddle_focus	complete	64	0.2386333277039565	11.12731651088581	011111111111111111111111111111111111111111111111111111111111110
-0.02419047619047619	-0.0033333333333333335	saddle_focus	complete	64	0.1754492097699778	10.899389194143653	011111111111111111111111111111111111111111111111111111111111111
-0.02419047619047619	-0.0020634920634920637	saddle_focus	complete	64	0.17374721327142773	10.809294531470304	011111111111111111111111111111111111111111111111111111111111111
-0.02419047619047619	-0.0007936507936507937	saddle_focus	complete	64	0.17227611746311666	10.718667768149677	011111111111111111111111111111111111111111111111111111111111111
-0.02419047619047619	0.0004761904761904762	saddle_focus	complete	64	0.1708106947520367	10.623744177204724	011111111111111111111111111111111111111111111111111111111111111
-0.02419047619047619	0.001746031746031746	saddle_focus	complete	64	0.16928660432601284	10.522827867664052	011111111111111111111111111111111111111111111111111111111111111
-0.02419047619047619	0.003015873015873016	saddle_focus	complete	64	0.1676722452229349	10.41475587249266	011111111111111111111111111111111111111111111111111111111111111
-0.02419047619047619	0.004285714285714286	saddle_focus	complete	64	0.1659457224443628	10.298529621280696	011111111111111111111111111111111111111111111111111111111111111
-0.02419047619047619	0.005555555555555556	saddle_focus	complete	64	0.16408857853090808	10.173213839219999	011111111111111111111111111111111111111111111111111111111111111
-0.02419047619047619	0.006825396825396826	saddle_focus	complete	64	0.1620838311025512	10.037899810022516	011111111111111111111111111111111111111111111111111111111111111
-0.02419047619047619	0.008095238095238095	saddle_focus	complete	64	0.15991521259902264	9.891713640936867	011111111111111111111111111111111111111111111111111111111111111
-0.02419047619047619	0.009365079365079364	saddle_focus	complete	64	0.15756737083501982	9.733849664853855	011111111111111111111111111111111111111111111111111111111111111
-0.02419047619047619	0.010634920634920634	saddle_focus	complete	64	0.1550262927305308	9.5636156227262	011111111111111111111111111111111111111111111111111111111111111
-0.02419047619047619	0.011904761904761904	saddle_focus	complete	64	0.15228006925633153	9.380507162057038	011111111111111111111111111111111111111111111111111111111111111
-0.02419047619047619	0.014444444444444444	saddle_focus	complete	64	0.14614071202816525	8.975093554378283	011111111111111111111111111111111111111111111111111111111111111
-0.02419047619047619	0.018253968253968255	saddle_focus	complete	64	0.13528582757860796	8.280337920899612	011111111111111111111111111111111111111111111111111111111111111
-0.023873015873015872	-0.03	saddle_focus	numerical_failure	8	0.21212199344071037	1.3257301094272826	0111110
-0.023873015873015872	-0.02873015873015873	saddle_focus	numerical_failure	8	0.19394501798365882	1.3014827585060729	0111111
-0.023873015873015872	-0.02746031746031746	saddle_focus	numerical_failure	8	0.18740344411429222	1.28939403170965	0111111
-0.023873015873015872	-0.02619047619047619	saddle_focus	numerical_failure	9	0.20347616434303295	1.483901558147149	01111110
-0.023873015873015872	-0.02492063492063492	saddle_focus	numerical_failure	9	0.1905791482822421	1.4634668147531706	01111111
-0.023873015873015872	-0.02365079365079365	saddle_focus	numerical_failure	10	0.20964036394717112	1.660822437143439	011111110
-0.023873015873015872	-0.02238095238095238	saddle_focus	numerical_failure	10	0.1913132151930117	1.632986161828613	011111111
-0.023873015873015872	-0.021111111111111112	saddle_focus	numerical_failure	11	0.2034524187872031	1.8219225155658911	0111111110
-0.023873015873015872	-0.01984126984126984	saddle_focus	numerical_failure	11	0.18887630412632528	1.7965442883798781	0111111111
-0.023873015873015872	-0.018571428571428572	saddle_focus	numerical_failure	12	0.19359259917273075	1.975454381829337	01111111111
-0.023873015873015872	-0.0173015873015873	saddle_focus	numerical_failure	13	0.19826602729250276	2.1537921485486016	011111111111
-0.023873015873015872	-0.016031746031746032	saddle_focus	numerical_failure	14	0.20092361933888458	2.328709821094972	0111111111110
-0.023873015873015872	-0.014761904761904763	saddle_focus	numerical_failure	15	0.199600706975553	2.4973411309011935	01111111111111
-0.023873015873015872	-0.013492063492063493	saddle_focus	numerical_failure	16	0.19507528785213024	2.659945987075696	011111111111111
-0.023873015873015872	-0.012222222222222223	saddle_focus	numerical_failure	18	0.21224645821575505	3.031207064905938	01111111111111110
-0.023873015873015872	-0.010952380952380953	saddle_focus	numerical_failure	21	2.391655477958332	5.803163592471046	01111111111111111100
-0.023873015873015872	-0.009682539682539683	saddle_focus	complete	64	1.593771392134773	29.33379460021394	011111111111111111110111101110111011101110111011101110111011101
-0.023873015873015872	-0.008412698412698413	saddle_focus	complete	64	1.3080316005762107	21.87419551079434	011111111111111111111110011100111001110011100111001110011100111
-0.023873015873015872	-0.007142857142857143	saddle_focus	complete	64	1.1305794729553682	19.71029630061861	011111111111111111111111111011101111011110111101111011110111101
-0.023873015873015872	-0.005873015873015873	saddle_focus	complete	64	1.0228552403954216	16.871901428115848	011111111111111111111111111111110111101111011110111101111011110
-0.023873015873015872	-0.004603174603174603	saddle_focus	complete	64	0.9546037964717708	14.499486108114867	011111111111111111111111111111111111111110111110001111000111100
-0.023873015873015872	-0.0033333333333333335	saddle_focus	complete	64	0.883567564946949	11.828396518001778	011111111111111111111111111111111111111111111111111111111111011
-0.023873015873015872	-0.0020634920634920637	saddle_focus	complete	64	0.17502727081613934	10.857896427052742	011111111111111111111111111111111111111111111111111111111111111
-0.023873015873015872	-0.0007936507936507937	saddle_focus	complete	64	0.17320444320739092	10.762341139623938	011111111111111111111111111111111111111111111111111111111111111
-0.023873015873015872	0.0004761904761904762	saddle_focus	complete	64	0.17163646411148648	10.665970799804022	011111111111111111111111111111111111111111111111111111111111111
-0.023873015873015872	0.001746031746031746	saddle_focus	complete	64	0.17007334176527067	10.564813750036608	011111111111111111111111111111111111111111111111111111111111111
-0.023873015873015872	0.003015873015873016	saddle_focus	complete	64	0.16844455717970597	10.457052657150209	011111111111111111111111111111111111111111111111111111111111111
-0.023873015873015872	0.004285714285714286	saddle_focus	complete	64	0.16671563807048528	10.341428013490335	011111111111111111111111111111111111111111111111111111111111111
-0.023873015873015872	0.005555555555555556	saddle_focus	complete	64	0.164862780263892	10.216871982937025	011111111111111111111111111111111111111111111111111111111111111
-0.023873015873015872	0.006825396825396826	saddle_focus	complete	64	0.16286605909230367	10.08239250954069	011111111111111111111111111111111111111111111111111111111111111
-0.023873015873015872	0.008095238095238095	saddle_focus	complete	64	0.16070742482708056	9.937050495522701	011111111111111111111111111111111111111111111111111111111111111
-0.023873015873015872	0.009365079365079364	saddle_focus	complete	64	0.15837018392043234	9.779980380672272	011111111111111111111111111111111111111111111111111111111111111
-0.023873015873015872	0.010634920634920634	saddle_focus	complete	64	0.15583904366714663	9.610429629196783	011111111111111111111111111111111111111111111111111111111111111
-0.023873015873015872	0.011904761904761904	saddle_focus	complete	64	0.15310099258511123	9.427830986296408	011111111111111111111111111111111111111111111111111111111111111
-0.023873015873015872	0.014444444444444444	saddle_focus	complete	64	0.1469687299864244	9.022652220607497	011111111111111111111111111111111111111111111111111111111111111
-0.023873015873015872	0.016984126984126983	saddle_focus	complete	64	0.1399466893900616	8.567335971755863	011111111111111111111111111111111111111111111111111111111111111
-0.023873015873015872	0.020793650793650795	saddle_focus	complete	64	0.12549161473863268	7.880936531721045	011111111111111111111111111111111111111111111111111111111111111
-0.023555555555555555	-0.03	saddle_focus	numerical_failure	7	0.18551110496390277	1.1152763590873949	011111
-0.023555555555555555	-0.02873015873015873	saddle_focus	numerical_failure	8	0.20549031145453922	1.3139242281375836	0111110
-0.023555555555555555	-0.02746031746031746	saddle_focus	numerical_failure	8	0.19174056835297648	1.2941758991265828	0111111
-0.023555555555555555	-0.02619047619047619	saddle_focus	numerical_failure	8	0.18597685568755784	1.2828576063988417	0111111
-0.023555555555555555	-0.02492063492063492	saddle_focus	numerical_failure	9	0.19952728883906778	1.4737024554035938	01111110
-0.023555555555555555	-0.02365079365079365	saddle_focus	numerical_failure	9	0.18879589274349096	1.4555554000347577	01111111
-0.023555555555555555	-0.02238095238095238	saddle_focus	numerical_failure	10	0.20411418646423152	1.647990649741053	011111110
-0.023555555555555555	-0.021111111111111112	saddle_focus	numerical_failure	10	0.18944663432513464	1.6240926387438799	011111111
-0.023555555555555555	-0.01984126984126984	saddle_focus	numerical_failure	11	0.19966738947367557	1.8100317337230134	0111111110
-0.023555555555555555	-0.018571428571428572	saddle_focus	numerical_failure	12	0.23755447811783137	2.0247503686883643	01111111110
-0.023555555555555555	-0.0173015873015873	saddle_focus	numerical_failure	12	0.19153188639134333	1.9646825367925467	01111111111
-0.023555555555555555	-0.016031746031746032	saddle_focus	numerical_failure	13	0.1956634554809995	2.141506998066106	011111111111
-0.023555555555555555	-0.014761904761904763	saddle_focus	numerical_failure	14	0.19804415148792653	2.3151983214895453	0111111111111
-0.023555555555555555	-0.013492063492063493	saddle_focus	numerical_failure	15	0.19705712886086735	2.4832908125581077	01111111111111
-0.023555555555555555	-0.012222222222222223	saddle_focus	numerical_failure	16	0.1931744279123202	2.645757572390888	011111111111111
-0.023555555555555555	-0.010952380952380953	saddle_focus	numerical_failure	19	2.373812553774452	5.386732167618039	011111111111111101
-0.023555555555555555	-0.009682539682539683	saddle_focus	complete	64	1.602415059622373	29.66268597790679	011111111111111111011101110111011101110111011101110111011101110
-0.023555555555555555	-0.008412698412698413	saddle_focus	complete	64	1.2971112870025214	24.824659144726056	011111111111111111110111011101110111011101110111011101110111011
-0.023555555555555555	-0.007142857142857143	saddle_focus	complete	64	1.1430823020006207	21.630766999588158	011111111111111111111110011101110111011101110111011101110111011
-0.023555555555555555	-0.005873015873015873	saddle_focus	complete	64	1.0339793538929207	19.02216749657338	011111111111111111111111111011100111001110011100111001110011100
-0.023555555555555555	-0.004603174603174603	saddle_focus	complete	64	0.9545483488899533	16.494018578212376	011111111111111111111111111111110011101111011110111101111011110
-0.023555555555555555	-0.0033333333333333335	saddle_focus	complete	64	0.8743619617573444	15.049834922557663	011111111111111111111111111111111111111101111011110111101111011
-0.023555555555555555	-0.0020634920634920637	saddle_focus	complete	64	0.8219437978758588	11.719576559672998	011111111111111111111111111111111111111111111111111111111101111
-0.023555555555555555	-0.0007936507936507937	saddle_focus	complete	64	0.17460754376620002	10.815126677766635	011111111111111111111111111111111111111111111111111111111111111
-0.023555555555555555	0.0004761904761904762	saddle_focus	complete	64	0.1726483305143116	10.713488924479389	011111111111111111111111111111111111111111111111111111111111111
-0.023555555555555555	0.001746031746031746	saddle_focus	complete	64	0.17097209860727247	10.610767142224356	011111111111111111111111111111111111111111111111111111111111111
-0.023555555555555555	0.003015873015873016	saddle_focus	complete	64	0.16930053391933342	10.502737221654323	011111111111111111111111111111111111111111111111111111111111111
-0.023555555555555555	0.004285714285714286	saddle_focus	complete	64	0.16755573177885807	10.387433777128104	011111111111111111111111111111111111111111111111111111111111111
-0.023555555555555555	0.005555555555555556	saddle_focus	complete	64	0.16569998483816128	10.263501171885538	011111111111111111111111111111111111111111111111111111111111111
-0.023555555555555555	0.006825396825396826	saddle_focus	complete	64	0.16370740028582986	10.129800722910947	011111111111111111111111111111111111111111111111111111111111111
-0.023555555555555555	0.008095238095238095	saddle_focus	complete	64	0.16155671430875707	9.985295564012564	011111111111111111111111111111111111111111111111111111111111111
-0.023555555555555555	0.009365079365079364	saddle_focus	complete	64	0.15922900929071915	9.829041540548035	011111111111111111111111111111111111111111111111111111111111111
-0.023555555555555555	0.010634920634920634	saddle_focus	complete	64	0.15670748619993446	9.66021348338194	011111111111111111111111111111111111111111111111111111111111111
-0.023555555555555555	0.011904761904761904	saddle_focus	complete	64	0.1539777130888318	9.478171113835716	011111111111111111111111111111111111111111111111111111111111111
-0.023555555555555555	0.014444444444444444	saddle_focus	complete	64	0.14785297004331177	9.073308054294667	011111111111111111111111111111111111111111111111111111111111111
-0.023555555555555555	0.015714285714285715	saddle_focus	complete	64	0.14444924088968136	8.850974063261072	011111111111111111111111111111111111111111111111111111111111111
-0.023555555555555555	0.016984126984126983	saddle_focus	complete	64	0.140820611139981	8.616701632611443	011111111111111111111111111111111111111111111111111111111111111
-0.023555555555555555	0.020793650793650795	saddle_focus	complete	64	0.1267186660530415	7.905986013657738	011111111111111111111111111111111111111111111111111111111111111
-0.023238095238095238	-0.03	saddle_focus	numerical_failure	7	0.1881797550220612	1.1180107035229863	011111
-0.023238095238095238	-0.02873015873015873	saddle_focus	numerical_failure	7	0.18425292700261997	1.109919029241048	011111
-0.023238095238095238	-0.02746031746031746	saddle_focus	numerical_failure	8	0.20085030346855226	1.3040892743817927	0111110
-0.023238095238095238	-0.02619047619047619	saddle_focus	numerical_failure	8	0.18977070541985808	1.2870548712564502	0111111
-0.023238095238095238	-0.02492063492063492	saddle_focus	numerical_failure	8	0.18464261509334312	1.2763534628519686	0111111
-0.023238095238095238	-0.02365079365079365	saddle_focus	numerical_failure	9	0.1963062336201793	1.4642246250060755	01111111
-0.023238095238095238	-0.02238095238095238	saddle_focus	numerical_failure	9	0.18715209100835795	1.4477695955493906	01111111
-0.023238095238095238	-0.021111111111111112	saddle_focus	numerical_failure	10	0.19993579709413134	1.6365590863268793	011111110
-0.023238095238095238	-0.01984126984126984	saddle_focus	numerical_failure	10	0.18772882696948545	1.615376261666149	011111111
-0.023238095238095238	-0.018571428571428572	saddle_focus	numerical_failure	11	0.19651836847318993	1.7988453218155216	0111111111
-0.023238095238095238	-0.0173015873015873	saddle_focus	numerical_failure	12	0.21848712313475205	1.9964461176992432	01111111110
-0.023238095238095238	-0.016031746031746032	saddle_focus	numerical_failure	12	0.18964054398243224	1.9540794154680967	01111111111
-0.023238095238095238	-0.014761904761904763	saddle_focus	numerical_failure	13	0.19332619906439708	2.1294576589910936	011111111111
-0.023238095238095238	-0.013492063492063493	saddle_focus	numerical_failure	14	0.195472512223565	2.3019204375248683	0111111111111
-0.023238095238095238	-0.012222222222222223	saddle_focus	numerical_failure	15	0.19472054915743575	2.4693204189272726	01111111111111
-0.023238095238095238	-0.010952380952380953	saddle_focus	numerical_failure	17	2.35323515989436	4.984710334693989	0111111111111110
-0.023238095238095238	-0.009682539682539683	saddle_focus	complete	64	1.6039788544249705	31.74604719315556	011111111111111101110111011101110111011101110111011101110111011
-0.023238095238095238	-0.008412698412698413	saddle_focus	complete	64	1.3049317656129378	25.151507642285733	011111111111111111011101110111011101110111011101110111011101110
-0.023238095238095238	-0.007142857142857143	saddle_focus	complete	64	1.1332205743315358	22.83298453768584	011111111111111111110111011101110111011101110111011101110111011
-0.023238095238095238	-0.005873015873015873	saddle_focus	complete	64	1.0371581023565035	20.541145001674156	011111111111111111111110011011101110111011101110111011101110111
-0.023238095238095238	-0.004603174603174603	saddle_focus	complete	64	0.9335307716914523	18.698095156733707	011111111111111111111111110111101110111011101110111011101110111
-0.023238095238095238	-0.0033333333333333335	saddle_focus	complete	64	0.8964836774123119	16.914932762509927	011111111111111111111111111111110111001110111101111011110111101
-0.023238095238095238	-0.0020634920634920637	saddle_focus	complete	64	0.8399306445477563	14.886544401482903	011111111111111111111111111111111111111101111011110111101111011
-0.023238095238095238	-0.0007936507936507937	saddle_focus	complete	64	0.7954683836602303	11.695845615395497	011111111111111111111111111111111111111111111111111111111011110
-0.023238095238095238	0.0004761904761904762	saddle_focus	complete	64	0.17419003098496866	10.770915743883082	011111111111111111111111111111111111111111111111111111111111111
-0.023238095238095238	0.001746031746031746	saddle_focus	complete	64	0.17207683470104662	10.662517647278994	011111111111111111111111111111111111111111111111111111111111111
-0.023238095238095238	0.003015873015873016	saddle_focus	complete	64	0.17027994739988017	10.552776682948469	011111111111111111111111111111111111111111111111111111111111111
-0.023238095238095238	0.004285714285714286	saddle_focus	complete	64	0.1684878902125515	10.437162322152304	011111111111111111111111111111111111111111111111111111111111111
-0.023238095238095238	0.005555555555555556	saddle_focus	complete	64	0.16661442290009099	10.31354851846073	011111111111111111111111111111111111111111111111111111111111111
-0.023238095238095238	0.006825396825396826	saddle_focus	complete	64	0.16461817300969628	10.180480964791107	011111111111111111111111111111111111111111111111111111111111111
-0.023238095238095238	0.008095238095238095	saddle_focus	complete	64	0.16247111209811393	10.03675414101022	011111111111111111111111111111111111111111111111111111111111111
-0.023238095238095238	0.009365079365079364	saddle_focus	complete	64	0.16015075942099521	9.881309632195972	011111111111111111111111111111111111111111111111111111111111111
-0.023238095238095238	0.011904761904761904	saddle_focus	complete	64	0.1549158530334136	9.531781426496497	011111111111111111111111111111111111111111111111111111111111111
-0.023238095238095238	0.014444444444444444	saddle_focus	complete	64	0.14879856313648254	9.12731422676063	011111111111111111111111111111111111111111111111111111111111111
-0.023238095238095238	0.015714285714285715	saddle_focus	complete	64	0.14539201679684943	8.904607258795076	011111111111111111111111111111111111111111111111111111111111111
-0.023238095238095238	0.022063492063492063	saddle_focus	complete	64	0.12277691939848712	7.831625542755476	011111111111111111111111111111111111111111111111111111111111111
-0.02292063492063492	-0.03	saddle_focus	numerical_failure	7	0.1926914192540753	1.1227405854583228	011111
-0.02292063492063492	-0.02873015873015873	saddle_focus	numerical_failure	7	0.18660862126650413	1.1123386902288694	011111
-0.02292063492063492	-0.02746031746031746	saddle_focus	numerical_failure	7	0.18307223231484082	1.104573527402221	011111
-0.02292063492063492	-0.02619047619047619	saddle_focus	numerical_failure	8	0.1972448026873599	1.295259387553287	0111111
-0.02292063492063492	-0.02492063492063492	saddle_focus	numerical_failure	8	0.18798463196554005	1.2800701894307251	0111111
-0.02292063492063492	-0.02365079365079365	saddle_focus	numerical_failure	9	0.23156676097939788	1.501445992057702	01111110
-0.02292063492063492	-0.02238095238095238	saddle_focus	numerical_failure	9	0.19356936199112607	1.4552358406579913	01111111
-0.02292063492063492	-0.021111111111111112	saddle_focus	numerical_failure	9	0.18562666901903913	1.4401034712165173	01111111
-0.02292063492063492	-0.01984126984126984	saddle_focus	numerical_failure	10	0.19654934916415234	1.6259781608472748	011111111
-0.02292063492063492	-0.018571428571428572	saddle_focus	numerical_failure	10	0.1861374385025587	1.6068148893991614	011111111
-0.02292063492063492	-0.0173015873015873	saddle_focus	numerical_failure	11	0.19380792643972478	1.7881490611643058	0111111111
-0.02292063492063492	-0.016031746031746032	saddle_focus	numerical_failure	12	0.20978515421578847	1.978580742602461	01111111110
-0.02292063492063492	-0.014761904761904763	saddle_focus	numerical_failure	12	0.18788802593508236	1.9435771929488137	01111111111
-0.02292063492063492	-0.013492063492063493	saddle_focus	numerical_failure	13	0.19119335357851996	2.1175411446526184	011111111111
-0.02292063492063492	-0.012222222222222223	saddle_focus	numerical_failure	14	0.1931309664019656	2.288762336706766	0111111111111
-0.02292063492063492	-0.010952380952380953	saddle_focus	numerical_failure	16	2.350606988477086	4.805970478835557	011111111111110
-0.02292063492063492	-0.009682539682539683	saddle_focus	complete	64	1.5762200932566648	37.53357308182911	011111111111111011011011011011011011011011011011011011011011011
-0.02292063492063492	-0.008412698412698413	saddle_focus	complete	64	1.3137165953464205	27.745575066286463	011111111111111101110011001100110011001100110011001100110011001
-0.02292063492063492	-0.007142857142857143	saddle_focus	complete	64	1.1421867776242696	23.230473354821477	011111111111111111011101110111011101110111011101110111011101110
-0.02292063492063492	-0.005873015873015873	saddle_focus	complete	64	1.0268313019873876	21.664141477143477	011111111111111111110111011101110111011101110111011101110111011
-0.02292063492063492	-0.004603174603174603	saddle_focus	complete	64	0.9603339220500615	19.802219388679244	011111111111111111111110011011101110111011101110111011101110111
-0.02292063492063492	-0.0033333333333333335	saddle_focus	complete	64	0.8757712406517744	18.210835066163884	011111111111111111111111110111011101110111011101110111011101110
-0.02292063492063492	-0.0020634920634920637	saddle_focus	complete	64	0.8232594308029464	16.875497737439545	011111111111111111111111111111110111011101110111011101110111011
-0.02292063492063492	-0.0007936507936507937	saddle_focus	complete	64	0.8088199159609353	14.734953914626695	011111111111111111111111111111111111111101110011101111011110111
-0.02292063492063492	0.0004761904761904762	saddle_focus	complete	64	0.7701654082444502	12.23914914007329	011111111111111111111111111111111111111111111111111111110111101
-0.02292063492063492	0.001746031746031746	saddle_focus	complete	64	0.17377423449249463	10.725080104921128	011111111111111111111111111111111111111111111111111111111111111
-0.02292063492063492	0.003015873015873016	saddle_focus	complete	64	0.17148775100395675	10.609182616108649	011111111111111111111111111111111111111111111111111111111111111
-0.02292063492063492	0.004285714285714286	saddle_focus	complete	64	0.16955630984047154	10.491679379483502	011111111111111111111111111111111111111111111111111111111111111
-0.02292063492063492	0.005555555555555556	saddle_focus	complete	64	0.1676303502164469	10.367694366442594	011111111111111111111111111111111111111111111111111111111111111
-0.02292063492063492	0.006825396825396826	saddle_focus	complete	64	0.16561402452558305	10.234927940360109	011111111111111111111111111111111111111111111111111111111111111
-0.02292063492063492	0.008095238095238095	saddle_focus	complete	64	0.16346211965641722	10.091822207032575	011111111111111111111111111111111111111111111111111111111111111
-0.02292063492063492	0.009365079365079364	saddle_focus	complete	64	0.16114443688085878	9.937125346850118	011111111111111111111111111111111111111111111111111111111111111
-0.02292063492063492	0.010634920634920634	saddle_focus	complete	64	0.15863755501102084	9.769783513592467	011111111111111111111111111111111111111111111111111111111111111
-0.02292063492063492	0.013174603174603174	saddle_focus	complete	64	0.1529836590184619	9.394077162858338	011111111111111111111111111111111111111111111111111111111111111
-0.02292063492063492	0.015714285714285715	saddle_focus	complete	64	0.14640196222259938	8.961900460694837	011111111111111111111111111111111111111111111111111111111111111
-0.02292063492063492	0.020793650793650795	saddle_focus	complete	64	0.1294812083946164	7.978853979652172	011111111111111111111111111111111111111111111111111111111111111
-0.022603174603174604	-0.03	saddle_focus	numerical_failure	7	0.20223271054189884	1.1327095299400622	011110
-0.022603174603174604	-0.02873015873015873	saddle_focus	numerical_failure	7	0.190497962898729	1.1164315518858707	011111
-0.022603174603174604	-0.02746031746031746	saddle_focus	numerical_failure	7	0.18516207206130708	1.1067364410249758	011111
-0.022603174603174604	-0.02619047619047619	saddle_focus	numerical_failure	8	0.23038094183116375	1.3296070613119984	0111110
-0.022603174603174604	-0.02492063492063492	saddle_focus	numerical_failure	8	0.194274214968708	1.2870332886541833	0111111
-0.022603174603174604	-0.02365079365079365	saddle_focus	numerical_failure	8	0.1863472933254322	1.2731949834049376	0111111
-0.022603174603174604	-0.02238095238095238	saddle_focus	numerical_failure	9	0.2142054988485167	1.4776458170932725	01111110
-0.022603174603174604	-0.021111111111111112	saddle_focus	numerical_failure	9	0.1911800853648975	1.4466134353398177	01111111
-0.022603174603174604	-0.01984126984126984	saddle_focus	numerical_failure	9	0.18420319354210868	1.4325530224739806	01111111
-0.022603174603174604	-0.018571428571428572	saddle_focus	numerical_failure	10	0.19368648662033383	1.615979472205135	011111111
-0.022603174603174604	-0.0173015873015873	saddle_focus	numerical_failure	11	0.2912201554524749	1.8896015604135485	0111111110
-0.022603174603174604	-0.016031746031746032	saddle_focus	numerical_failure	11	0.19141892663386129	1.7778003995591583	0111111111
-0.022603174603174604	-0.014761904761904763	saddle_focus	numerical_failure	12	0.2040140685715086	1.9636763354069409	01111111110
-0.022603174603174604	-0.013492063492063493	saddle_focus	numerical_failure	12	0.18625126205896558	1.933115159735494	01111111111
-0.022603174603174604	-0.012222222222222223	saddle_focus	numerical_failure	13	0.18922192905538093	2.105680751257262	011111111111
-0.022603174603174604	-0.010952380952380953	saddle_focus	numerical_failure	15	2.345535560662816	4.621187480310799	01111111111110
-0.022603174603174604	-0.009682539682539683	saddle_focus	complete	64	1.5826657263747945	39.195634241097416	011111111111110110110110110110110110110110110110110110110110110
-0.022603174603174604	-0.008412698412698413	saddle_focus	complete	64	1.3141913362825366	30.852675443731336	011111111111111001101101101101101101101101101101101101101101101
-0.022603174603174604	-0.007142857142857143	saddle_focus	complete	64	1.1281119793280134	27.539312439097603	011111111111111101110110110110110110110110110110110110110110110
-0.022603174603174604	-0.005873015873015873	saddle_focus	complete	64	1.0437452654762662	22.392550732848758	011111111111111111011100110011001100110011001100110011001100110
-0.022603174603174604	-0.004603174603174603	saddle_focus	complete	64	0.9568675728368303	20.926195460951796	011111111111111111110111011101110111011101110111011101110111011
-0.022603174603174604	-0.0033333333333333335	saddle_focus	complete	64	0.9006547595367964	19.27809418440378	011111111111111111111110011011101110111011101110111011101110111
-0.022603174603174604	-0.0020634920634920637	saddle_focus	complete	64	0.8348381044099078	17.841498136917874	011111111111111111111111110111011101110111011101110111011101110
-0.022603174603174604	-0.0007936507936507937	saddle_focus	complete	64	0.7881792243823575	16.61557372799238	011111111111111111111111111111101110111011101110111011101110111
-0.022603174603174604	0.0004761904761904762	saddle_focus	complete	64	0.7575543682782673	14.89170100053887	011111111111111111111111111111111111111011110111011101110111011
-0.022603174603174604	0.001746031746031746	saddle_focus	complete	64	0.7441536845049566	12.239685476915904	011111111111111111111111111111111111111111111111111111101111011
-0.022603174603174604	0.003015873015873016	saddle_focus	complete	64	0.17335964832636286	10.67741787102428	011111111111111111111111111111111111111111111111111111111111111
-0.022603174603174604	0.004285714285714286	saddle_focus	complete	64	0.17087860623620266	10.553202098014465	011111111111111111111111111111111111111111111111111111111111111
-0.022603174603174604	0.005555555555555556	saddle_focus	complete	64	0.16879687410690813	10.42711344719083	011111111111111111111111111111111111111111111111111111111111111
-0.022603174603174604	0.006825396825396826	saddle_focus	complete	64	0.1667219662236885	10.29389295103012	011111111111111111111111111111111111111111111111111111111111111
-0.022603174603174604	0.008095238095238095	saddle_focus	complete	64	0.16454711718868076	10.151047661228057	011111111111111111111111111111111111111111111111111111111111111
-0.022603174603174604	0.009365079365079364	saddle_focus	complete	64	0.16222278728250572	9.996929309874403	011111111111111111111111111111111111111111111111111111111111111
-0.022603174603174604	0.010634920634920634	saddle_focus	complete	64	0.1597169409184449	9.830262049104547	011111111111111111111111111111111111111111111111111111111111111
-0.022603174603174604	0.011904761904761904	saddle_focus	complete	64	0.15700560698377863	9.650044841700836	011111111111111111111111111111111111111111111111111111111111111
-0.022603174603174604	0.013174603174603174	saddle_focus	complete	64	0.1540706180773288	9.455581300311803	011111111111111111111111111111111111111111111111111111111111111
-0.022603174603174604	0.015714285714285715	saddle_focus	complete	64	0.1474859735709515	9.023177279474584	011111111111111111111111111111111111111111111111111111111111111
-0.022603174603174604	0.019523809523809523	saddle_focus	complete	64	0.13578754879651989	8.28044821727088	011111111111111111111111111111111111111111111111111111111111111
-0.022285714285714287	-0.03	saddle_focus	numerical_failure	6	0.18112501472576903	0.9311963761947814	01111
-0.022285714285714287	-0.02873015873015873	saddle_focus	numerical_failure	7	0.19809346666329808	1.1244222936094077	011110
-0.022285714285714287	-0.02746031746031746	saddle_focus	numerical_failure	7	0.18855468522823604	1.1103303117755112	011111
-0.022285714285714287	-0.02619047619047619	saddle_focus	numerical_failure	7	0.1838192101475744	1.101178552127788	011111
-0.022285714285714287	-0.02492063492063492	saddle_focus	numerical_failure	8	0.2132789118836329	1.3071498396948924	0111110
-0.022285714285714287	-0.02365079365079365	saddle_focus	numerical_failure	8	0.19173349290381458	1.2792119443283765	0111111
-0.022285714285714287	-0.02238095238095238	saddle_focus	numerical_failure	8	0.18483310743560355	1.2664174368353018	0111111
-0.022285714285714287	-0.021111111111111112	saddle_focus	numerical_failure	9	0.20610421598874806	1.463150889132882	01111110
-0.022285714285714287	-0.01984126984126984	saddle_focus	numerical_failure	9	0.18905449521721884	1.4382854032779202	01111111
-0.022285714285714287	-0.018571428571428572	saddle_focus	numerical_failure	10	0.23374406067171427	1.658856704091789	011111110
-0.022285714285714287	-0.0173015873015873	saddle_focus	numerical_failure	10	0.19119811298783929	1.606404930629662	011111111
-0.022285714285714287	-0.016031746031746032	saddle_focus	numerical_failure	11	0.22218333561103254	1.8122266295761893	0111111110
-0.022285714285714287	-0.014761904761904763	saddle_focus	numerical_failure	11	0.1892752087442906	1.7676913099196536	0111111111
-0.022285714285714287	-0.013492063492063493	saddle_focus	numerical_failure	12	0.1996322471718024	1.9501495227041956	01111111110
-0.022285714285714287	-0.012222222222222223	saddle_focus	numerical_failure	13	0.22675276081021356	2.149396743351261	011111111110
-0.022285714285714287	-0.010952380952380953	saddle_focus	numerical_failure	14	2.3378333769655613	4.431659423260662	0111111111110
-0.022285714285714287	-0.009682539682539683	saddle_focus	complete	64	1.589971170761256	39.73274737399349	011111111111101011011011011011011011011011011011011011011011011
-0.022285714285714287	-0.008412698412698413	saddle_focus	complete	64	1.2917002370137585	32.08951959031974	011111111111110110110110110110110110110110110110110110110110110
-0.022285714285714287	-0.007142857142857143	saddle_focus	complete	64	1.1469838958675824	27.8386590103753	011111111111111011101101101101101101101101101101101101101101101
-0.022285714285714287	-0.005873015873015873	saddle_focus	complete	64	1.0187381060465048	25.740316357723092	011111111111111110110110110110110110110110110110110110110110110
-0.022285714285714287	-0.004603174603174603	saddle_focus	complete	64	0.951005481070601	23.57654977498541	011111111111111111011101101101101101101101101101101101101101101
-0.022285714285714287	-0.0033333333333333335	saddle_focus	complete	64	0.906244971889187	20.65157275274855	011111111111111111110111001100110011001100110011001100110011001
-0.022285714285714287	-0.0020634920634920637	saddle_focus	complete	64	0.8519357609538858	18.92652504441668	011111111111111111111110111011101110111011101110111011101110111
-0.022285714285714287	-0.0007936507936507937	saddle_focus	complete	64	0.8025017512937911	17.569900148852167	011111111111111111111111110111011101110111011101110111011101110
-0.022285714285714287	0.0004761904761904762	saddle_focus	complete	64	0.7616658135460082	16.403163152371768	011111111111111111111111111111101110111011101110111011101110111
-0.022285714285714287	0.001746031746031746	saddle_focus	complete	64	0.7393646212434923	14.772712493380457	011111111111111111111111111111111111111011101110111011101110111
-0.022285714285714287	0.003015873015873016	saddle_focus	complete	64	0.7155664178667198	12.076264094421553	011111111111111111111111111111111111111111111111111111011110111
-0.022285714285714287	0.004285714285714286	saddle_focus	complete	64	0.17294501084201563	10.627690915680027	011111111111111111111111111111111111111111111111111111111111111
-0.022285714285714287	0.005555555555555556	saddle_focus	complete	64	0.17024606039085377	10.494253035344203	011111111111111111111111111111111111111111111111111111111111111
-0.022285714285714287	0.006825396825396826	saddle_focus	complete	64	0.16799673197765586	10.358672819685815	011111111111111111111111111111111111111111111111111111111111111
-0.022285714285714287	0.008095238095238095	saddle_focus	complete	64	0.1657560289106339	10.21526173868347	011111111111111111111111111111111111111111111111111111111111111
-0.022285714285714287	0.009365079365079364	saddle_focus	complete	64	0.16340520760908284	10.061329591688839	011111111111111111111111111111111111111111111111111111111111111
-0.022285714285714287	0.010634920634920634	saddle_focus	complete	64	0.16089012951981907	9.895153952862241	011111111111111111111111111111111111111111111111111111111111111
-0.022285714285714287	0.011904761904761904	saddle_focus	complete	64	0.15817719954167586	9.715476111942722	011111111111111111111111111111111111111111111111111111111111111
-0.022285714285714287	0.013174603174603174	saddle_focus	complete	64	0.15524278487928633	9.521414595313189	011111111111111111111111111111111111111111111111111111111111111
-0.022285714285714287	0.014444444444444444	saddle_focus	complete	64	0.1520707315856047	9.312506506252085	011111111111111111111111111111111111111111111111111111111111111
-0.022285714285714287	0.015714285714285715	saddle_focus	complete	64	0.14865227822889793	9.088808186686196	011111111111111111111111111111111111111111111111111111111111111
-0.022285714285714287	0.018253968253968255	saddle_focus	complete	64	0.14107815706611326	8.600779566561998	011111111111111111111111111111111111111111111111111111111111111
-0.021968253968253967	-0.03	saddle_focus	numerical_failure	6	0.18230909204232504	0.9323344541958086	01111
-0.021968253968253967	-0.02873015873015873	saddle_focus	numerical_failure	7	0.23321896270924136	1.16020975417923	011110
-0.021968253968253967	-0.02746031746031746	saddle_focus	numerical_failure	7	0.19482811338741635	1.1169810967372726	011111
-0.021968253968253967	-0.02619047619047619	saddle_focus	numerical_failure	7	0.18680488149585073	1.104374474730847	011111
-0.021968253968253967	-0.02492063492063492	saddle_focus	numerical_failure	7	0.18256396646004935	1.0956502334654772	011111
-0.021968253968253967	-0.02365079365079365	saddle_focus	numerical_failure	8	0.20534543432474717	1.2938553434765643	0111110
-0.021968253968253967	-0.02238095238095238	saddle_focus	numerical_failure	8	0.18950485721871058	1.2716887103659722	0111111
-0.021968253968253967	-0.021111111111111112	saddle_focus	numerical_failure	8	0.18342451849077746	1.2597358240746883	0111111
-0.021968253968253967	-0.01984126984126984	saddle_focus	numerical_failure	9	0.20072614873414518	1.4514342717954039	01111110
-0.021968253968253967	-0.018571428571428572	saddle_focus	numerical_failure	9	0.1871379321509905	1.4302037371573888	01111111
-0.021968253968253967	-0.0173015873015873	saddle_focus	numerical_failure	10	0.21455588847095375	1.6323253648056069	011111110
-0.021968253968253967	-0.016031746031746032	saddle_focus	numerical_failure	10	0.18899134946341745	1.5971443099189646	011111111
-0.021968253968253967	-0.014761904761904763	saddle_focus	numerical_failure	11	0.21047779557277768	1.79224163899956	0111111110
-0.021968253968253967	-0.013492063492063493	saddle_focus	numerical_failure	11	0.18732508354199884	1.7577366737597788	0111111111
-0.021968253968253967	-0.012222222222222223	saddle_focus	numerical_failure	12	0.1960593075665613	1.9373833601104948	01111111110
-0.021968253968253967	-0.010952380952380953	saddle_focus	numerical_failure	14	2.3622807143501197	4.48759875313409	0111111111101
-0.021968253968253967	-0.009682539682539683	saddle_focus	complete	64	1.598045830361758	40.09078247725231	011111111111010110110110110110110110110110110110110110110110110
-0.021968253968253967	-0.008412698412698413	saddle_focus	complete	64	1.300088130035646	32.43339140998933	011111111111101011011011011011011011011011011011011011011011011
-0.021968253968253967	-0.007142857142857143	saddle_focus	complete	64	1.1321944883653945	28.92704001346248	011111111111110101101101101101101101101101101101101101101101101
-0.021968253968253967	-0.005873015873015873	saddle_focus	complete	64	1.0361954670231768	26.02314224618744	011111111111111011101101101101101101101101101101101101101101101
-0.021968253968253967	-0.004603174603174603	saddle_focus	complete	64	0.938707275855549	24.496314750805453	011111111111111110110110110110110110110110110110110110110110110
-0.021968253968253967	-0.0033333333333333335	saddle_focus	complete	64	0.8889419911557948	22.708507926699863	011111111111111111011101101101101101101101101101101101101101101
-0.021968253968253967	-0.0020634920634920637	saddle_focus	complete	64	0.8359196691508304	21.133446502632488	011111111111111111110111011011011011011011011011011011011011011
-0.021968253968253967	-0.0007936507936507937	saddle_focus	complete	64	0.8185932960985802	18.920428396240254	011111111111111111111110111001100110011001100110011001100110011
-0.021968253968253967	0.0004761904761904762	saddle_focus	complete	64	0.7770168624999609	17.405798881296786	011111111111111111111111110111011101110111011101110111011101110
-0.021968253968253967	0.001746031746031746	saddle_focus	complete	64	0.740140574298116	16.24335781474649	011111111111111111111111111111101110111011101110111011101110111
-0.021968253968253967	0.003015873015873016	saddle_focus	complete	64	0.7244809587764891	14.685386944213576	011111111111111111111111111111111111111001101110111011101110111
-0.021968253968253967	0.004285714285714286	saddle_focus	complete	64	0.6843980619908887	12.482575527496357	011111111111111111111111111111111111111111111111111110111011101
-0.021968253968253967	0.005555555555555556	saddle_focus	complete	64	0.17252849636729906	10.575619460364857	011111111111111111111111111111111111111111111111111111111111111
-0.021968253968253967	0.006825396825396826	saddle_focus	complete	64	0.16958662972893812	10.431969829778689	011111111111111111111111111111111111111111111111111111111111111
-0.021968253968253967	0.008095238095238095	saddle_focus	complete	64	0.16715019563622846	10.285895210752809	011111111111111111111111111111111111111111111111111111111111111
-0.021968253968253967	0.009365079365079364	saddle_focus	complete	64	0.16472495954402788	10.131245239745539	011111111111111111111111111111111111111111111111111111111111111
-0.021968253968253967	0.010634920634920634	saddle_focus	complete	64	0.16217872160575908	9.965136087246403	011111111111111111111111111111111111111111111111111111111111111
-0.021968253968253967	0.011904761904761904	saddle_focus	complete	64	0.1594529391924162	9.785800589841559	011111111111111111111111111111111111111111111111111111111111111
-0.021968253968253967	0.013174603174603174	saddle_focus	complete	64	0.1565129077153138	9.592061474546203	011111111111111111111111111111111111111111111111111111111111111
-0.021968253968253967	0.015714285714285715	saddle_focus	complete	64	0.14991073192062565	9.15922356263243	011111111111111111111111111111111111111111111111111111111111111
-0.021968253968253967	0.016984126984126983	saddle_focus	complete	64	0.1462321624399987	8.920576958764721	011111111111111111111111111111111111111111111111111111111111111
-0.021968253968253967	0.020793650793650795	saddle_focus	complete	64	0.13352754875392137	8.139685257399298	011111111111111111111111111111111111111111111111111111111111111
-0.02165079365079365	-0.03	saddle_focus	numerical_failure	6	0.1840788322009107	0.9341048944554213	01111
-0.02165079365079365	-0.02873015873015873	saddle_focus	numerical_failure	6	0.18121790395088522	0.9280327229554396	01111
-0.02165079365079365	-0.02746031746031746	saddle_focus	numerical_failure	7	0.21337037792475944	1.136145616586271	011110
-0.02165079365079365	-0.02619047619047619	saddle_focus	numerical_failure	7	0.19211574587286584	1.1100580298877296	011111
-0.02165079365079365	-0.02492063492063492	saddle_focus	numerical_failure	7	0.1852093908567447	1.0985246809207707	011111
-0.02165079365079365	-0.02365079365079365	saddle_focus	numerical_failure	7	0.18138499771530947	1.0901465679848195	011111
-0.02165079365079365	-0.02238095238095238	saddle_focus	numerical_failure	8	0.2000922885376677	1.2832431256042849	0111110
-0.02165079365079365	-0.021111111111111112	saddle_focus	numerical_failure	8	0.18751509775260522	1.2644050861638352	0111111
-0.02165079365079365	-0.01984126984126984	saddle_focus	numerical_failure	8	0.18210813084000987	1.2531521191146628	0111111
-0.02165079365079365	-0.018571428571428572	saddle_focus	numerical_failure	9	0.1966653950148165	1.441095632966012	01111110
-0.02165079365079365	-0.0173015873015873	saddle_focus	numerical_failure	9	0.1853916817413126	1.4223289568349815	01111111
-0.02165079365079365	-0.016031746031746032	saddle_focus	numerical_failure	10	0.20598258011010784	1.6164873441241594	011111110
-0.02165079365079365	-0.014761904761904763	saddle_focus	numerical_failure	10	0.18700498496265006	1.5881128552839243	011111111
-0.02165079365079365	-0.013492063492063493	saddle_focus	numerical_failure	11	0.20364367935661498	1.7771489294153981	0111111110
-0.02165079365079365	-0.012222222222222223	saddle_focus	numerical_failure	11	0.18553184107444887	1.7478697224030082	0111111111
-0.02165079365079365	-0.010952380952380953	saddle_focus	numerical_failure	13	2.341694659053	4.266767054085957	011111111110
-0.02165079365079365	-0.009682539682539683	saddle_focus	complete	64	1.6072996370319483	40.58700507824389	011111111110110110110110110110110110110110110110110110110110110
-0.02165079365079365	-0.008412698412698413	saddle_focus	complete	64	1.3222137610436402	32.813635047029656	011111111111001011011011011011011011011011011011011011011011011
-0.02165079365079365	-0.007142857142857143	saddle_focus	complete	64	1.1410572607139002	29.24271010983269	011111111111101011011011011011011011011011011011011011011011011
-0.02165079365079365	-0.005873015873015873	saddle_focus	complete	64	1.0481301422417486	26.275857817858537	011111111111110010110110110110110110110110110110110110110110110
-0.02165079365079365	-0.004603174603174603	saddle_focus	complete	64	0.9551924935117562	24.77726774277722	011111111111111011011011011011011011011011011011011011011011011
-0.02165079365079365	-0.0033333333333333335	saddle_focus	complete	64	0.8829733482878668	23.573186633768948	011111111111111110110110110110110110110110110110110110110110110
-0.02165079365079365	-0.0020634920634920637	saddle_focus	complete	64	0.8382476630931217	22.026580550785006	011111111111111111011101101101101101101101101101101101101101101
-0.02165079365079365	-0.0007936507936507937	saddle_focus	complete	64	0.7936880257537053	20.62898070198221	011111111111111111110111011011011011011011011011011011011011011
-0.02165079365079365	0.0004761904761904762	saddle_focus	complete	64	0.7746572357646633	19.414046633813616	011111111111111111111110111011011011011011011011011011011011011
-0.02165079365079365	0.001746031746031746	saddle_focus	complete	64	0.755208097887099	17.689059968007818	011111111111111111111111111011001100110011001100110011001100110
-0.02165079365079365	0.003015873015873016	saddle_focus	complete	64	0.7229045828260725	16.15617579936803	011111111111111111111111111111101110111011101110111011101110111
-0.02165079365079365	0.004285714285714286	saddle_focus	complete	64	0.6951103101054024	14.530663489579272	011111111111111111111111111111111111111011011101110111011101110
-0.02165079365079365	0.005555555555555556	saddle_focus	complete	64	0.6662704279170573	12.433662875110674	011111111111111111111111111111111111111111111111111110110111011
-0.02165079365079365	0.006825396825396826	saddle_focus	complete	64	0.1721076299373312	10.520880384866008	011111111111111111111111111111111111111111111111111111111111111
-0.02165079365079365	0.008095238095238095	saddle_focus	complete	64	0.16889569868412835	10.365930518993988	011111111111111111111111111111111111111111111111111111111111111
-0.02165079365079365	0.009365079365079364	saddle_focus	complete	64	0.16625036703131002	10.208256869687201	011111111111111111111111111111111111111111111111111111111111111
-0.02165079365079365	0.010634920634920634	saddle_focus	complete	64	0.16361978268402488	10.041226168872406	011111111111111111111111111111111111111111111111111111111111111
-0.02165079365079365	0.013174603174603174	saddle_focus	complete	64	0.15789879985228517	9.668139193751875	011111111111111111111111111111111111111111111111111111111111111
-0.02165079365079365	0.015714285714285715	saddle_focus	complete	64	0.15127389605356534	9.234933883689237	011111111111111111111111111111111111111111111111111111111111111
-0.02165079365079365	0.016984126984126983	saddle_focus	complete	64	0.1475795742894057	8.99538144711661	011111111111111111111111111111111111111111111111111111111111111
-0.02165079365079365	0.023333333333333334	saddle_focus	complete	64	0.12283671259750673	7.82638327249582	011111111111111111111111111111111111111111111111111111111111111
-0.021333333333333333	-0.03	saddle_focus	numerical_failure	6	0.18682436900967392	0.936913399070274	01111
-0.021333333333333333	-0.02873015873015873	saddle_focus	numerical_failure	6	0.18279504466677254	0.9296409947191844	01111
-0.021333333333333333	-0.02746031746031746	saddle_focus	numerical_failure	6	0.18019034557855718	0.9237448104823968	01111
-0.021333333333333333	-0.02619047619047619	saddle_focus	numerical_failure	7	0.2050992648445633	1.1236400453058724	011110
-0.021333333333333333	-0.02492063492063492	saddle_focus	numerical_failure	7	0.1897855405962845	1.1034804052049059	011111
-0.021333333333333333	-0.02365079365079365	saddle_focus	numerical_failure	7	0.18374064745146323	1.0927583324524357	011111
-0.021333333333333333	-0.02238095238095238	saddle_focus	numerical_failure	7	0.18027262215551787	1.084670153003806	011111
-0.021333333333333333	-0.021111111111111112	saddle_focus	numerical_failure	8	0.19613029040156915	1.2739369379393248	0111110
-0.021333333333333333	-0.01984126984126984	saddle_focus	numerical_failure	8	0.1857153706145087	1.2573271452612775	0111111
-0.021333333333333333	-0.018571428571428572	saddle_focus	numerical_failure	8	0.1808730656923372	1.2466675280058663	0111111
-0.021333333333333333	-0.0173015873015873	saddle_focus	numerical_failure	9	0.19338430717973476	1.4315975663873362	01111111
-0.021333333333333333	-0.016031746031746032	saddle_focus	numerical_failure	9	0.18378816313446733	1.4146247362304365	01111111
-0.021333333333333333	-0.014761904761904763	saddle_focus	numerical_failure	10	0.20036583664010243	1.6036588876197528	011111110
-0.021333333333333333	-0.013492063492063493	saddle_focus	numerical_failure	10	0.185195639460628	1.5792393740653752	011111111
-0.021333333333333333	-0.012222222222222223	saddle_focus	numerical_failure	11	0.19874648249426952	1.7639792138090262	0111111110
-0.021333333333333333	-0.010952380952380953	saddle_focus	numerical_failure	12	2.324388928452432	4.062431013226895	01111111110
-0.021333333333333333	-0.009682539682539683	saddle_focus	complete	64	1.6193577716923775	42.9004755803264	011111111110100100100100100100100100100100100100100100100100100
-0.021333333333333333	-0.008412698412698413	saddle_focus	complete	64	1.3197834661404695	33.215103985850014	011111111110110110110110110110110110110110110110110110110110110
-0.021333333333333333	-0.007142857142857143	saddle_focus	complete	64	1.1539009227779107	29.6253453613369	011111111111011011011011011011011011011011011011011011011011011
-0.021333333333333333	-0.005873015873015873	saddle_focus	complete	64	1.0495810952655513	27.378623960140413	011111111111101101101101101101101101101101101101101101101101101
-0.021333333333333333	-0.004603174603174603	saddle_focus	complete	64	0.9653581314355244	25.036214891408786	011111111111110110110110110110110110110110110110110110110110110
-0.021333333333333333	-0.0033333333333333335	saddle_focus	complete	64	0.8920256940907167	23.86157890093167	011111111111111011011011011011011011011011011011011011011011011
-0.021333333333333333	-0.0020634920634920637	saddle_focus	complete	64	0.8396522441176009	22.858626136356666	011111111111111110101101101101101101101101101101101101101101101
-0.021333333333333333	-0.0007936507936507937	saddle_focus	complete	64	0.7955358904831424	21.478316075680333	011111111111111111101101101101101101101101101101101101101101101
-0.021333333333333333	0.0004761904761904762	saddle_focus	complete	64	0.7575465445258152	20.204558190365248	011111111111111111111011011011011011011011011011011011011011011
-0.021333333333333333	0.001746031746031746	saddle_focus	complete	64	0.742497308922637	19.085722563105602	011111111111111111111110111011011011011011011011011011011011011
-0.021333333333333333	0.003015873015873016	saddle_focus	complete	64	0.6973336117542521	17.99326303354274	011111111111111111111111111011011011011011011011011011011011011
-0.021333333333333333	0.004285714285714286	saddle_focus	complete	64	0.7008835500837076	16.806017599547303	011111111111111111111111111111101110011100110110110110110110110
-0.021333333333333333	0.005555555555555556	saddle_focus	complete	64	0.6821172919359046	14.510769931214886	011111111111111111111111111111111111111011001101110111011101110
-0.021333333333333333	0.006825396825396826	saddle_focus	complete	64	0.6542205378233437	12.405529500630198	011111111111111111111111111111111111111111111111111101110111011
-0.021333333333333333	0.008095238095238095	saddle_focus	complete	64	0.17167856718735486	10.463093145363564	011111111111111111111111111111111111111111111111111111111111111
-0.021333333333333333	0.009365079365079364	saddle_focus	complete	64	0.16816773690127285	10.29564988406774	011111111111111111111111111111111111111111111111111111111111111
-0.021333333333333333	0.010634920634920634	saddle_focus	complete	64	0.1652895724965706	10.12516769963564	011111111111111111111111111111111111111111111111111111111111111
-0.021333333333333333	0.011904761904761904	saddle_focus	complete	64	0.16243036684068635	9.944517504758979	011111111111111111111111111111111111111111111111111111111111111
-0.021333333333333333	0.014444444444444444	saddle_focus	complete	64	0.15621447379603204	9.541417996976175	011111111111111111111111111111111111111111111111111111111111111
-0.021333333333333333	0.016984126984126983	saddle_focus	complete	64	0.14904282318155104	9.076030858618742	011111111111111111111111111111111111111111111111111111111111111
-0.021333333333333333	0.022063492063492063	saddle_focus	complete	64	0.13076045564352512	8.008575231736595	011111111111111111111111111111111111111111111111111111111111111
-0.021015873015873016	-0.03	saddle_focus	numerical_failure	6	0.1914868023858416	0.9417210192043691	01111
-0.021015873015873016	-0.02873015873015873	saddle_focus	numerical_failure	6	0.1852229283996648	0.9321571981545842	01111
-0.021015873015873016	-0.02746031746031746	saddle_focus	numerical_failure	6	0.18160138807684179	0.9252266492632345	01111
-0.021015873015873016	-0.02619047619047619	saddle_focus	numerical_failure	6	0.1792182926089212	0.9194586895181007	01111
-0.021015873015873016	-0.02492063492063492	saddle_focus	numerical_failure	7	0.19978756885966864	1.1140710734996546	011110
-0.021015873015873016	-0.02365079365079365	saddle_focus	numerical_failure	7	0.1877358218248545	1.0971494839845188	011111
-0.021015873015873016	-0.02238095238095238	saddle_focus	numerical_failure	7	0.1823785317403488	1.087065643130429	011111
-0.021015873015873016	-0.021111111111111112	saddle_focus	numerical_failure	7	0.17922013768060663	1.0792291061905233	011111
-0.021015873015873016	-0.01984126984126984	saddle_focus	numerical_failure	8	0.1929318492358505	1.2654223718028055	0111111
-0.021015873015873016	-0.018571428571428572	saddle_focus	numerical_failure	8	0.18407231886854203	1.2504337287115497	0111111
-0.021015873015873016	-0.0173015873015873	saddle_focus	numerical_failure	9	0.25468747668391534	1.494966760675701	01111110
-0.021015873015873016	-0.016031746031746032	saddle_focus	numerical_failure	9	0.19062157146120629	1.4226709805288618	01111111
-0.021015873015873016	-0.014761904761904763	saddle_focus	numerical_failure	9	0.18230564459909915	1.4070537528786258	01111111
-0.021015873015873016	-0.013492063492063493	saddle_focus	numerical_failure	10	0.19614944161586356	1.5922557558997288	011111110
-0.021015873015873016	-0.012222222222222223	saddle_focus	numerical_failure	10	0.18353172100762727	1.5704664227493725	011111111
-0.021015873015873016	-0.010952380952380953	saddle_focus	numerical_failure	12	2.340398286397863	4.092207313415356	01111111101
-0.021015873015873016	-0.009682539682539683	saddle_focus	complete	64	1.57674916613424	56.28325147674886	011111111101010101010101010101010101010101010101010101010101010
-0.021015873015873016	-0.008412698412698413	saddle_focus	complete	64	1.2947773194311882	42.93825586404859	011111111110101010101010101010101010101010101010101010101010101
-0.021015873015873016	-0.007142857142857143	saddle_focus	complete	64	1.1624531831244185	30.2132150493041	011111111110110010010010010010010010010010010010010010010010010
-0.021015873015873016	-0.005873015873015873	saddle_focus	complete	64	1.0485102515920448	27.79579211342242	011111111111011011011011011011011011011011011011011011011011011
-0.021015873015873016	-0.004603174603174603	saddle_focus	complete	64	0.9666244947981024	26.11109369118277	011111111111101101101101101101101101101101101101101101101101101
-0.021015873015873016	-0.0033333333333333335	saddle_focus	complete	64	0.9011081903996803	24.14749853732133	011111111111110110110110110110110110110110110110110110110110110
-0.021015873015873016	-0.0020634920634920637	saddle_focus	complete	64	0.8483603603016769	23.1642865413678	011111111111111011011011011011011011011011011011011011011011011
-0.021015873015873016	-0.0007936507936507937	saddle_focus	complete	64	0.8050561014180921	22.291214545820107	011111111111111110101101101101101101101101101101101101101101101
-0.021015873015873016	0.0004761904761904762	saddle_focus	complete	64	0.7666564501683109	21.03090307858903	011111111111111111101011011011011011011011011011011011011011011
-0.021015873015873016	0.001746031746031746	saddle_focus	complete	64	0.7335258664033324	19.848216295338446	011111111111111111111010110110110110110110110110110110110110110
-0.021015873015873016	0.003015873015873016	saddle_focus	complete	64	0.7131381222397595	18.795998082817746	011111111111111111111110111011011011011011011011011011011011011
-0.021015873015873016	0.004285714285714286	saddle_focus	complete	64	0.6762343133612596	17.769456025702844	011111111111111111111111111011011011011011011011011011011011011
-0.021015873015873016	0.005555555555555556	saddle_focus	complete	64	0.6619307138887418	16.783728104367484	011111111111111111111111111111101110110110110110110110110110110
-0.021015873015873016	0.006825396825396826	saddle_focus	complete	64	0.6331887651475014	14.892919738291756	011111111111111111111111111111111111111011011011011011011011011
-0.021015873015873016	0.008095238095238095	saddle_focus	complete	64	0.647748637788002	12.29787641338188	011111111111111111111111111111111111111111111111111101101100110
-0.021015873015873016	0.009365079365079364	saddle_focus	complete	64	0.1712362623560626	10.401810052058936	011111111111111111111111111111111111111111111111111111111111111
-0.021015873015873016	0.010634920634920634	saddle_focus	complete	64	0.16739609271795253	10.2205715913785	011111111111111111111111111111111111111111111111111111111111111
-0.021015873015873016	0.011904761904761904	saddle_focus	complete	64	0.16425836182821918	10.035960139830026	011111111111111111111111111111111111111111111111111111111111111
-0.021015873015873016	0.013174603174603174	saddle_focus	complete	64	0.16114500661302777	9.840367303180134	011111111111111111111111111111111111111111111111111111111111111
-0.021015873015873016	0.014444444444444444	saddle_focus	complete	64	0.15787714672274156	9.630503124801503	011111111111111111111111111111111111111111111111111111111111111
-0.021015873015873016	0.015714285714285715	saddle_focus	complete	64	0.15438579837786826	9.404898008714131	011111111111111111111111111111111111111111111111111111111111111
-0.021015873015873016	0.016984126984126983	saddle_focus	complete	64	0.1506403994325325	9.163234805004397	011111111111111111111111111111111111111111111111111111111111111
-0.021015873015873016	0.020793650793650795	saddle_focus	complete	64	0.1378134237975459	8.355898004404521	011111111111111111111111111111111111111111111111111111111111111
-0.0206984126984127	-0.03	saddle_focus	numerical_failure	6	0.20158555020806412	0.9520746947552675	01110
-0.0206984126984127	-0.02873015873015873	saddle_focus	numerical_failure	6	0.18923872939070607	0.9363376302035056	01111
-0.0206984126984127	-0.02746031746031746	saddle_focus	numerical_failure	6	0.18376547176405766	0.9275138426732806	01111
-0.0206984126984127	-0.02619047619047619	saddle_focus	numerical_failure	6	0.18048451829332668	0.92084370111072	01111
-0.0206984126984127	-0.02492063492063492	saddle_focus	numerical_failure	6	0.17829542706199353	0.9151675124793295	01111
-0.0206984126984127	-0.02365079365079365	saddle_focus	numerical_failure	7	0.19584577878410148	1.1058502759753204	011110
-0.0206984126984127	-0.02238095238095238	saddle_focus	numerical_failure	7	0.18590203056970844	1.0910094535932109	011111
-0.0206984126984127	-0.021111111111111112	saddle_focus	numerical_failure	7	0.1811080705165088	1.081445456931196	011111
-0.0206984126984127	-0.01984126984126984	saddle_focus	numerical_failure	8	0.22292294443796323	1.296757297264749	0111110
-0.0206984126984127	-0.018571428571428572	saddle_focus	numerical_failure	8	0.19024029524555375	1.2574550520777972	0111111
-0.0206984126984127	-0.0173015873015873	saddle_focus	numerical_failure	8	0.18256119059885867	1.2437074715173608	0111111
-0.0206984126984127	-0.016031746031746032	saddle_focus	numerical_failure	9	0.21686056063051318	1.4508395430285688	01111110
-0.0206984126984127	-0.014761904761904763	saddle_focus	numerical_failure	9	0.18822982974053892	1.414155013824357	01111111
-0.0206984126984127	-0.013492063492063493	saddle_focus	numerical_failure	9	0.1809273757476786	1.3995793368871248	01111111
-0.0206984126984127	-0.012222222222222223	saddle_focus	numerical_failure	10	0.1927498664568814	1.5816666387243705	011111111
-0.0206984126984127	-0.010952380952380953	saddle_focus	numerical_failure	11	2.3168597211913005	3.8786092532856205	0111111110
-0.0206984126984127	-0.009682539682539683	saddle_focus	complete	64	1.5966501159798367	56.66951101200432	011111111101010101010101010101010101010101010101010101010101010
-0.0206984126984127	-0.008412698412698413	saddle_focus	complete	64	1.3319565074760995	43.242924699959026	011111111100101010101010101010101010101010101010101010101010101
-0.0206984126984127	-0.007142857142857143	saddle_focus	complete	64	1.129069047781824	37.86594541693163	011111111110101010101010101010101010101010101010101010101010101
-0.0206984126984127	-0.005873015873015873	saddle_focus	complete	64	1.0312702327383132	34.523101474856816	011111111111010101010101010101010101010101010101010101010101010
-0.0206984126984127	-0.004603174603174603	saddle_focus	complete	64	0.977039214109011	26.743229622788363	011111111111011001001001001001001001001001001001001001001001001
-0.0206984126984127	-0.0033333333333333335	saddle_focus	complete	64	0.9112027850473501	25.259134569318945	011111111111101101101101101101101101101101101101101101101101101
-0.0206984126984127	-0.0020634920634920637	saddle_focus	complete	64	0.8580456180501734	23.50350605371026	011111111111110110110110110110110110110110110110110110110110110
-0.0206984126984127	-0.0007936507936507937	saddle_focus	complete	64	0.813736695421341	22.629921602376925	011111111111111101011011011011011011011011011011011011011011011
-0.0206984126984127	0.0004761904761904762	saddle_focus	complete	64	0.7912681753273176	21.359041456737106	011111111111111110010110110110110110110110110110110110110110110
-0.0206984126984127	0.001746031746031746	saddle_focus	complete	64	0.7426342194685498	20.664613971174052	011111111111111111101011011011011011011011011011011011011011011
-0.0206984126984127	0.003015873015873016	saddle_focus	complete	64	0.7134967286003304	19.5481657834589	011111111111111111111010110110110110110110110110110110110110110
-0.0206984126984127	0.004285714285714286	saddle_focus	complete	64	0.6857236785149876	18.545836660061692	011111111111111111111110110110110110110110110110110110110110110
-0.0206984126984127	0.005555555555555556	saddle_focus	complete	64	0.6639218392671253	17.55611854386284	011111111111111111111111111010111010110110110110110110110110110
-0.0206984126984127	0.006825396825396826	saddle_focus	complete	64	0.6394453278801908	16.618612793182464	011111111111111111111111111111110110110110110110110110110110110
-0.0206984126984127	0.008095238095238095	saddle_focus	complete	64	0.6145966748808638	14.8042532944473	011111111111111111111111111111111111111011011011011011011011011
-0.0206984126984127	0.009365079365079364	saddle_focus	complete	64	0.6033679130125229	12.516132243603474	011111111111111111111111111111111111111111111111111011101101101
-0.0206984126984127	0.010634920634920634	saddle_focus	complete	64	0.17077400157560874	10.3365067037945	011111111111111111111111111111111111111111111111111111111111111
-0.0206984126984127	0.011904761904761904	saddle_focus	complete	64	0.16657238933782814	10.140053846061091	011111111111111111111111111111111111111111111111111111111111111
-0.0206984126984127	0.013174603174603174	saddle_focus	complete	64	0.16314594442863317	9.939884925540747	011111111111111111111111111111111111111111111111111111111111111
-0.0206984126984127	0.014444444444444444	saddle_focus	complete	64	0.15975042402819994	9.72795915137861	011111111111111111111111111111111111111111111111111111111111111
-0.0206984126984127	0.016984126984126983	saddle_focus	complete	64	0.1523979285611734	9.25788996702156	011111111111111111111111111111111111111111111111111111111111111
-0.0206984126984127	0.018253968253968255	saddle_focus	complete	64	0.14834484998674036	8.998911191061849	011111111111111111111111111111111111111111111111111111111111111
-0.0206984126984127	0.022063492063492063	saddle_focus	complete	64	0.13437205843860056	8.15361714003637	011111111111111111111111111111111111111111111111111111111111111
-0.02038095238095238	-0.03	saddle_focus	numerical_failure	5	0.17753262078398957	0.7508903508100957	0111
-0.02038095238095238	-0.02873015873015873	saddle_focus	numerical_failure	6	0.1972124378970891	0.9445770575954792	01110
-0.02038095238095238	-0.02746031746031746	saddle_focus	numerical_failure	6	0.18727945558599635	0.9312213904708575	01111
-0.02038095238095238	-0.02619047619047619	saddle_focus	numerical_failure	6	0.1824254763905664	0.9229517960957798	01111
-0.02038095238095238	-0.02492063492063492	saddle_focus	numerical_failure	6	0.1794342843595167	0.9164809726836081	01111
-0.02038095238095238	-0.02365079365079365	saddle_focus	numerical_failure	7	0.2556102568991978	1.166480039767385	011110
-0.02038095238095238	-0.02238095238095238	saddle_focus	numerical_failure	7	0.19269562159606823	1.0984055361625196	011111
-0.02038095238095238	-0.021111111111111112	saddle_focus	numerical_failure	7	0.18424003259373	1.0850284021296952	011111
-0.02038095238095238	-0.01984126984126984	saddle_focus	numerical_failure	7	0.1799178488464891	1.0759024910977966	011111
-0.02038095238095238	-0.018571428571428572	saddle_focus	numerical_failure	8	0.20916160243858584	1.2776584361305707	0111110
-0.02038095238095238	-0.0173015873015873	saddle_focus	numerical_failure	8	0.18791291639366237	1.24990041202276	0111111
-0.02038095238095238	-0.016031746031746032	saddle_focus	numerical_failure	8	0.18116284984241582	1.2371300934856984	0111111
-0.02038095238095238	-0.014761904761904763	saddle_focus	numerical_failure	9	0.20632265167648112	1.434075360484739	01111110
-0.02038095238095238	-0.013492063492063493	saddle_focus	numerical_failure	9	0.18611754853256834	1.4059395344287655	01111111
-0.02038095238095238	-0.012222222222222223	saddle_focus	numerical_failure	9	0.17963936181463125	1.3921665370638359	01111111
-0.02038095238095238	-0.010952380952380953	saddle_focus	numerical_failure	11	2.330609602525122	3.9021968758312586	0111111110
-0.02038095238095238	-0.009682539682539683	saddle_focus	complete	64	1.5844235153416286	57.32160196911776	011111111010101010101010101010101010101010101010101010101010101
-0.02038095238095238	-0.008412698412698413	saddle_focus	complete	64	1.304090504547929	44.47618999377782	011111111101010101010101010101010101010101010101010101010101010
-0.02038095238095238	-0.007142857142857143	saddle_focus	complete	64	1.1629614726204176	38.1049025714043	011111111101101010101010101010101010101010101010101010101010101
-0.02038095238095238	-0.005873015873015873	saddle_focus	complete	64	1.0185858558244265	34.80190681146214	011111111110101010101010101010101010101010101010101010101010101
-0.02038095238095238	-0.004603174603174603	saddle_focus	complete	64	0.9501381822770796	32.463980481497536	011111111111010101010101010101010101010101010101010101010101010
-0.02038095238095238	-0.0033333333333333335	saddle_focus	complete	64	0.8966020991077861	29.987545651028825	011111111111011010101010101010101010101010101010101010101010101
-0.02038095238095238	-0.0020634920634920637	saddle_focus	complete	64	0.8697337505558207	24.867852990755548	011111111111101100100100100100100100100100100100100100100100100
-0.02038095238095238	-0.0007936507936507937	saddle_focus	complete	64	0.8242417763425447	23.085540329598402	011111111111110110110110110110110110110110110110110110110110110
-0.02038095238095238	0.0004761904761904762	saddle_focus	complete	64	0.7856663462126492	22.239257802613643	011111111111111101011011011011011011011011011011011011011011011
-0.02038095238095238	0.001746031746031746	saddle_focus	complete	64	0.7551220518357544	21.004468368842808	011111111111111110110110110110110110110110110110110110110110110
-0.02038095238095238	0.003015873015873016	saddle_focus	complete	64	0.7228853733468732	20.368635816513383	011111111111111111101011011011011011011011011011011011011011011
-0.02038095238095238	0.004285714285714286	saddle_focus	complete	64	0.7131961247292309	19.412614358035768	011111111111111111111001011011011011011011011011011011011011011
-0.02038095238095238	0.005555555555555556	saddle_focus	complete	64	0.670665258330911	18.332573833326894	011111111111111111111111010110110110110110110110110110110110110
-0.02038095238095238	0.006825396825396826	saddle_focus	complete	64	0.6682968981769193	17.46074076159065	011111111111111111111111111001011011011011011011011011011011011
-0.02038095238095238	0.008095238095238095	saddle_focus	complete	64	0.6273789807533774	16.459260654543048	011111111111111111111111111111110101101101101101101101101101101
-0.02038095238095238	0.009365079365079364	saddle_focus	complete	64	0.6085836555726072	14.685944367732915	011111111111111111111111111111111111111010111011011011011011011
-0.02038095238095238	0.010634920634920634	saddle_focus	complete	64	0.5946742411857375	12.452200096940532	011111111111111111111111111111111111111111111111111011101101101
-0.02038095238095238	0.011904761904761904	saddle_focus	complete	64	0.1702829896377942	10.26656437984741	011111111111111111111111111111111111111111111111111111111111111
-0.02038095238095238	0.013174603174603174	saddle_focus	complete	64	0.16568643373552305	10.053359781544504	011111111111111111111111111111111111111111111111111111111111111
-0.02038095238095238	0.015714285714285715	saddle_focus	complete	64	0.15823163008129448	9.606425324274225	011111111111111111111111111111111111111111111111111111111111111
-0.02038095238095238	0.018253968253968255	saddle_focus	complete	64	0.1502358434382689	9.099823231783658	011111111111111111111111111111111111111111111111111111111111111
-0.02038095238095238	0.024603174603174603	saddle_focus	complete	64	0.12290213528364546	7.82140992953389	011111111111111111111111111111111111111111111111111111111111111
-0.020063492063492065	-0.03	saddle_focus	numerical_failure	5	0.17804861775050618	0.7514899932218045	0111
-0.020063492063492065	-0.02873015873015873	saddle_focus	numerical_failure	6	0.24622892580623668	0.9939956795080044	01110
-0.020063492063492065	-0.02746031746031746	saddle_focus	numerical_failure	6	0.19386122902231895	0.9380911499538335	01110
-0.020063492063492065	-0.02619047619047619	saddle_focus	numerical_failure	6	0.18553883167175378	0.9262974595842852	01111
-0.020063492063492065	-0.02492063492063492	saddle_focus	numerical_failure	6	0.1811844277176119	0.9184505114241611	01111
-0.020063492063492065	-0.02365079365079365	saddle_focus	numerical_failure	6	0.1784420700124092	0.9121326234878679	01111
-0.020063492063492065	-0.02238095238095238	saddle_focus	numerical_failure	7	0.21641058898940846	1.1229797846318608	011110
-0.020063492063492065	-0.021111111111111112	saddle_focus	numerical_failure	7	0.19006144265325975	1.0914718876456626	011111
-0.020063492063492065	-0.01984126984126984	saddle_focus	numerical_failure	7	0.1827199873646036	1.0791912479909047	011111
-0.020063492063492065	-0.018571428571428572	saddle_focus	numerical_failure	7	0.1787985893127737	1.070442431797323	011111
-0.020063492063492065	-0.0173015873015873	saddle_focus	numerical_failure	8	0.20195055735948753	1.2651745172152618	0111110
-0.020063492063492065	-0.016031746031746032	saddle_focus	numerical_failure	8	0.18586034620160374	1.2426716879485071	0111111
-0.020063492063492065	-0.014761904761904763	saddle_focus	numerical_failure	8	0.179863113306586	1.2306821884510928	0111111
-0.020063492063492065	-0.013492063492063493	saddle_focus	numerical_failure	9	0.20002356967201362	1.421606188053844	01111110
-0.020063492063492065	-0.012222222222222223	saddle_focus	numerical_failure	9	0.18422363320455037	1.3979434442396972	01111111
-0.020063492063492065	-0.010952380952380953	saddle_focus	numerical_failure	11	2.358370523417363	4.008550757501119	0111111100
-0.020063492063492065	-0.009682539682539683	saddle_focus	complete	64	1.5961336284762737	57.76203672089104	011111111010101010101010101010101010101010101010101010101010101
-0.020063492063492065	-0.008412698412698413	saddle_focus	complete	64	1.2964161175695486	44.79494745492581	011111111010101010101010101010101010101010101010101010101010101
-0.020063492063492065	-0.007142857142857143	saddle_focus	complete	64	1.1384710498943627	39.17493770763486	011111111101010101010101010101010101010101010101010101010101010
-0.020063492063492065	-0.005873015873015873	saddle_focus	complete	64	1.0506384205960115	35.01656838502177	011111111101101010101010101010101010101010101010101010101010101
-0.020063492063492065	-0.004603174603174603	saddle_focus	complete	64	0.938508285029398	32.678749021973914	011111111110101010101010101010101010101010101010101010101010101
-0.020063492063492065	-0.0033333333333333335	saddle_focus	complete	64	0.8867884269160613	30.887049812146532	011111111111010101010101010101010101010101010101010101010101010
-0.020063492063492065	-0.0020634920634920637	saddle_focus	complete	64	0.8446447757660525	28.841641052525446	011111111111101010101010101010101010101010101010101010101010101
-0.020063492063492065	-0.0007936507936507937	saddle_focus	complete	64	0.8058103607136506	27.606175572040762	011111111111101101010101010101010101010101010101010101010101010
-0.020063492063492065	0.0004761904761904762	saddle_focus	complete	64	0.7967417571604094	23.202026286996244	011111111111111010010010010010010010010010010010010010010010010
-0.020063492063492065	0.001746031746031746	saddle_focus	complete	64	0.7630310808585832	22.031488112976255	011111111111111101001001001001001001001001001001001001001001001
-0.020063492063492065	0.003015873015873016	saddle_focus	complete	64	0.7316828675311369	20.774855275419753	011111111111111110110110110110110110110110110110110110110110110
-0.020063492063492065	0.004285714285714286	saddle_focus	complete	64	0.7148258927728093	20.20721508477441	011111111111111111100101101101101101101101101101101101101101101
-0.020063492063492065	0.005555555555555556	saddle_focus	complete	64	0.6848655638448258	19.161261415151547	011111111111111111111011011011011011011011011011011011011011011
-0.020063492063492065	0.006825396825396826	saddle_focus	complete	64	0.6582700563984467	18.15499425524416	011111111111111111111111010110110110110110110110110110110110110
-0.020063492063492065	0.008095238095238095	saddle_focus	complete	64	0.6424992340705797	17.27847159503809	011111111111111111111111111011011011011011011011011011011011011
-0.020063492063492065	0.009365079365079364	saddle_focus	complete	64	0.628836146653601	16.157841348264014	011111111111111111111111111111110011011011011011011011011011011
-0.020063492063492065	0.010634920634920634	saddle_focus	complete	64	0.6224755749645121	14.661980718685959	011111111111111111111111111111111111111001011011011011011011011
-0.020063492063492065	0.011904761904761904	saddle_focus	complete	64	0.579649656808682	12.363125219803063	011111111111111111111111111111111111111111111111111011011011011
-0.020063492063492065	0.013174603174603174	saddle_focus	complete	64	0.16975205717136177	10.191255673553938	011111111111111111111111111111111111111111111111111111111111111
-0.020063492063492065	0.015714285714285715	saddle_focus	complete	64	0.16062327026157242	9.72372470681805	011111111111111111111111111111111111111111111111111111111111111
-0.020063492063492065	0.018253968253968255	saddle_focus	complete	64	0.152347692608247	9.210350580176025	011111111111111111111111111111111111111111111111111111111111111
-0.020063492063492065	0.022063492063492063	saddle_focus	complete	64	0.13812773340492512	8.33528174316471	011111111111111111111111111111111111111111111111111111111111111
-0.019746031746031747	-0.03	saddle_focus	numerical_failure	5	0.17882788055521426	0.7523645227093525	0111
-0.019746031746031747	-0.02873015873015873	saddle_focus	numerical_failure	5	0.17723740320897574	0.7483536458999107	0111
-0.019746031746031747	-0.02746031746031746	saddle_focus	numerical_failure	6	0.2149972412722504	0.9596421522327301	01110
-0.019746031746031747	-0.02619047619047619	saddle_focus	numerical_failure	6	0.1911364172327059	0.9322154828277494	01111
-0.019746031746031747	-0.02492063492063492	saddle_focus	numerical_failure	6	0.1839699473181704	0.9215161489603124	01111
-0.019746031746031747	-0.02365079365079365	saddle_focus	numerical_failure	6	0.18002770318768935	0.9139971454889184	01111
-0.019746031746031747	-0.02238095238095238	saddle_focus	numerical_failure	6	0.17750210844443215	0.907799241076151	01111
-0.019746031746031747	-0.021111111111111112	saddle_focus	numerical_failure	7	0.2061932462213255	1.1084671713088514	011110
-0.019746031746031747	-0.01984126984126984	saddle_focus	numerical_failure	7	0.1877934857045035	1.0849127713181168	011111
-0.019746031746031747	-0.018571428571428572	saddle_focus	numerical_failure	7	0.18131912364930958	1.0734903849164346	011111
-0.019746031746031747	-0.0173015873015873	saddle_focus	numerical_failure	7	0.1777436191922862	1.0650716640861535	011111
-0.019746031746031747	-0.016031746031746032	saddle_focus	numerical_failure	8	0.19703177288302842	1.2550515506864572	0111110
-0.019746031746031747	-0.014761904761904763	saddle_focus	numerical_failure	8	0.18402516916275702	1.2357084028948582	0111111
-0.019746031746031747	-0.013492063492063493	saddle_focus	numerical_failure	8	0.1786496341519741	1.2243412387009076	0111111
-0.019746031746031747	-0.012222222222222223	saddle_focus	numerical_failure	9	0.1955021088766451	1.4109505011934758	01111110
-0.019746031746031747	-0.010952380952380953	saddle_focus	numerical_failure	10	2.3149950543509874	3.7051010652026872	011111110
-0.019746031746031747	-0.009682539682539683	saddle_focus	complete	64	1.624735611871749	58.26088734546469	011111110110101010101010101010101010101010101010101010101010101
-0.019746031746031747	-0.008412698412698413	saddle_focus	complete	64	1.3049264124566884	45.05296289501375	011111111010101010101010101010101010101010101010101010101010101
-0.019746031746031747	-0.007142857142857143	saddle_focus	complete	64	1.1717250046732162	39.42891912150898	011111111011010101010101010101010101010101010101010101010101010
-0.019746031746031747	-0.005873015873015873	saddle_focus	complete	64	1.0279876665278749	35.97864341031642	011111111101010101010101010101010101010101010101010101010101010
-0.019746031746031747	-0.004603174603174603	saddle_focus	complete	64	0.9684806292355328	32.88010492754073	011111111101101010101010101010101010101010101010101010101010101
-0.019746031746031747	-0.0033333333333333335	saddle_focus	complete	64	0.8809119125052187	31.088435625907067	011111111110101010101010101010101010101010101010101010101010101
-0.019746031746031747	-0.0020634920634920637	saddle_focus	complete	64	0.8350234535934598	29.642025345459523	011111111111010101010101010101010101010101010101010101010101010
-0.019746031746031747	-0.0007936507936507937	saddle_focus	complete	64	0.8008329311241842	27.874589295376047	011111111111101010101010101010101010101010101010101010101010101
-0.019746031746031747	0.0004761904761904762	saddle_focus	complete	64	0.7676701806861335	26.837962754931617	011111111111110101010101010101010101010101010101010101010101010
-0.019746031746031747	0.001746031746031746	saddle_focus	complete	64	0.732725823581061	25.404038800868037	011111111111111010101010101010101010101010101010101010101010101
-0.019746031746031747	0.003015873015873016	saddle_focus	complete	64	0.6904812648141667	24.477672212316577	011111111111111101010101010101010101010101010101010101010101010
-0.019746031746031747	0.004285714285714286	saddle_focus	complete	64	0.7153506231080327	20.741864379107607	011111111111111110110010010010010010010010010010010010010010010
-0.019746031746031747	0.005555555555555556	saddle_focus	complete	64	0.6897235067406564	20.040261394370372	011111111111111111101101101101101101101101101101101101101101101
-0.019746031746031747	0.006825396825396826	saddle_focus	complete	64	0.6667685800316052	19.005685789142273	011111111111111111111011011011011011011011011011011011011011011
-0.019746031746031747	0.008095238095238095	saddle_focus	complete	64	0.6576480609641191	18.1304373595452	011111111111111111111111001011011011011011011011011011011011011
-0.019746031746031747	0.009365079365079364	saddle_focus	complete	64	0.6261136898749937	17.133888098279094	011111111111111111111111111011011011011011011011011011011011011
-0.019746031746031747	0.010634920634920634	saddle_focus	complete	64	0.6151432520013014	15.832271495327642	011111111111111111111111111111110110110110110110110110110110110
-0.019746031746031747	0.011904761904761904	saddle_focus	complete	64	0.5968802118587577	14.512884432800615	011111111111111111111111111111111111111011011011011011011011011
-0.019746031746031747	0.013174603174603174	saddle_focus	complete	64	0.5759859336336852	12.258221845475319	011111111111111111111111111111111111111111111111111101011011011
-0.019746031746031747	0.014444444444444444	saddle_focus	complete	64	0.16916668165699633	10.109729793619836	011111111111111111111111111111111111111111111111111111111111111
-0.019746031746031747	0.015714285714285715	saddle_focus	complete	64	0.16367395255443284	9.857972205885728	011111111111111111111111111111111111111111111111111111111111111
-0.019746031746031747	0.016984126984126983	saddle_focus	complete	64	0.15918025665252422	9.601744039751814	011111111111111111111111111111111111111111111111111111111111111
-0.019746031746031747	0.018253968253968255	saddle_focus	complete	64	0.15475204620768857	9.332427222446393	011111111111111111111111111111111111111111111111111111111111111
-0.019746031746031747	0.020793650793650795	saddle_focus	complete	64	0.14532454072319823	8.749365333410866	011111111111111111111111111111111111111111111111111111111111111
-0.019746031746031747	0.024603174603174603	saddle_focus	complete	64	0.12642777715550224	7.880061825426093	011111111111111111111111111111111111111111111111111111111111111
-0.019428571428571427	-0.03	saddle_focus	numerical_failure	5	0.1799860402230592	0.7536340507770445	0111
-0.019428571428571427	-0.02873015873015873	saddle_focus	numerical_failure	5	0.17793892503310138	0.7491966647931068	0111
-0.019428571428571427	-0.02746031746031746	saddle_focus	numerical_failure	5	0.1764646381779048	0.7452328001704016	0111
-0.019428571428571427	-0.02619047619047619	saddle_focus	numerical_failure	6	0.20560290616852706	0.9471213452683377	01110
-0.019428571428571427	-0.02492063492063492	saddle_focus	numerical_failure	6	0.18883534794237977	0.9267442291600723	01111
-0.019428571428571427	-0.02365079365079365	saddle_focus	numerical_failure	6	0.18254021914916507	0.9168457749551062	01111
-0.019428571428571427	-0.02238095238095238	saddle_focus	numerical_failure	6	0.17894339796439562	0.9095850337467357	01111
-0.019428571428571427	-0.021111111111111112	saddle_focus	numerical_failure	6	0.17660853091054118	0.9034850755719342	01111
-0.019428571428571427	-0.01984126984126984	saddle_focus	numerical_failure	7	0.2001417078519787	1.0981371561236093	011110
-0.019428571428571427	-0.018571428571428572	saddle_focus	numerical_failure	7	0.18579956067877146	1.0786502753054035	011111
-0.019428571428571427	-0.0173015873015873	saddle_focus	numerical_failure	7	0.180020838062677	1.0679225464115067	011111
-0.019428571428571427	-0.016031746031746032	saddle_focus	numerical_failure	7	0.1767470453356147	1.0597927081229725	011111
-0.019428571428571427	-0.014761904761904763	saddle_focus	numerical_failure	8	0.19328844023600955	1.2461710997157147	0111110
-0.019428571428571427	-0.013492063492063493	saddle_focus	numerical_failure	8	0.18236537887406312	1.2289608806270929	0111111
-0.019428571428571427	-0.012222222222222223	saddle_focus	numerical_failure	8	0.17751297385675446	1.2180846341634919	0111111
-0.019428571428571427	-0.010952380952380953	saddle_focus	numerical_failure	10	2.3305678291973564	3.731859676073129	011111101
-0.019428571428571427	-0.009682539682539683	saddle_focus	complete	64	1.5981898106864136	60.0747123011384	011111110101010101010101010101010101010101010101010101010101010
-0.019428571428571427	-0.008412698412698413	saddle_focus	complete	64	1.332109303187147	45.34364682056727	011111110110101010101010101010101010101010101010101010101010101
-0.019428571428571427	-0.007142857142857143	saddle_focus	complete	64	1.1405556244849189	39.63705792937675	011111111010101010101010101010101010101010101010101010101010101
-0.019428571428571427	-0.005873015873015873	saddle_focus	complete	64	1.0587519052974104	36.20187276161664	011111111011010101010101010101010101010101010101010101010101010
-0.019428571428571427	-0.004603174603174603	saddle_focus	complete	64	0.948750189297459	33.76619613830589	011111111101010101010101010101010101010101010101010101010101010
-0.019428571428571427	-0.0033333333333333335	saddle_focus	complete	64	0.9045468523241076	31.282468030484274	011111111101101010101010101010101010101010101010101010101010101
-0.019428571428571427	-0.0020634920634920637	saddle_focus	complete	64	0.877773416128619	29.92790674691193	011111111110010101010101010101010101010101010101010101010101010
-0.019428571428571427	-0.0007936507936507937	saddle_focus	complete	64	0.7924456495767154	28.626343755243276	011111111111010101010101010101010101010101010101010101010101010
-0.019428571428571427	0.0004761904761904762	saddle_focus	complete	64	0.7628416498660258	27.06073613700376	011111111111101010101010101010101010101010101010101010101010101
-0.019428571428571427	0.001746031746031746	saddle_focus	complete	64	0.7338531416573453	26.155624455472637	011111111111110101010101010101010101010101010101010101010101010
-0.019428571428571427	0.003015873015873016	saddle_focus	complete	64	0.7017232189908214	24.865708653606173	011111111111111010101010101010101010101010101010101010101010101
-0.019428571428571427	0.004285714285714286	saddle_focus	complete	64	0.7182789208896141	23.722823438465813	011111111111111100101010101010101010101010101010101010101010101
-0.019428571428571427	0.005555555555555556	saddle_focus	complete	64	0.667277498715416	22.916707357183046	011111111111111111010101010101010101010101010101010101010101010
-0.019428571428571427	0.006825396825396826	saddle_focus	complete	64	0.6775430919277614	20.146338951211202	011111111111111111101100100100100100100100100100100100100100100
-0.019428571428571427	0.008095238095238095	saddle_focus	complete	64	0.6562985031216506	18.952201589814173	011111111111111111111011001011011011011011011011011011011011011
-0.019428571428571427	0.009365079365079364	saddle_focus	complete	64	0.6357024041487573	17.975491278940964	011111111111111111111111011011011011011011011011011011011011011
-0.019428571428571427	0.010634920634920634	saddle_focus	complete	64	0.6185207408264359	17.025882787710607	011111111111111111111111111101011011011011011011011011011011011
-0.019428571428571427	0.011904761904761904	saddle_focus	complete	64	0.6001330284484521	15.714811473970293	011111111111111111111111111111110110110110110110110110110110110
-0.019428571428571427	0.013174603174603174	saddle_focus	complete	64	0.5841948616122794	14.391359897534048	011111111111111111111111111111111111111101011011011011011011011
-0.019428571428571427	0.014444444444444444	saddle_focus	complete	64	0.579190443067267	12.173006130181525	011111111111111111111111111111111111111111111111111101101101101
-0.019428571428571427	0.015714285714285715	saddle_focus	complete	64	0.1685077489657303	10.020992142312359	011111111111111111111111111111111111111111111111111111111111111
-0.019428571428571427	0.018253968253968255	saddle_focus	complete	64	0.1575894192929983	9.469144051699296	011111111111111111111111111111111111111111111111111111111111111
-0.019428571428571427	0.019523809523809523	saddle_focus	complete	64	0.15275169529942723	9.178287054057183	011111111111111111111111111111111111111111111111111111111111111
-0.019428571428571427	0.023333333333333334	saddle_focus	complete	64	0.13687673348910323	8.237494471628171	011111111111111111111111111111111111111111111111111111111111111
-0.01911111111111111	-0.03	saddle_focus	numerical_failure	5	0.18172101134184504	0.755502513095379	0111
-0.01911111111111111	-0.02873015873015873	saddle_focus	numerical_failure	5	0.17899183069357838	0.7504048616526057	0111
-0.01911111111111111	-0.02746031746031746	saddle_focus	numerical_failure	5	0.17709645835280508	0.7460598817026379	0111
-0.01911111111111111	-0.02619047619047619	saddle_focus	numerical_failure	5	0.1757257084549736	0.7421200928290956	0111
-0.01911111111111111	-0.02492063492063492	saddle_focus	numerical_failure	6	0.1999673507755657	0.9383505442265195	01110
-0.01911111111111111	-0.02365079365079365	saddle_focus	numerical_failure	6	0.18684115687935	0.9215600742843377	01111
-0.01911111111111111	-0.02238095238095238	saddle_focus	numerical_failure	6	0.1812267013649661	0.912266886198908	01111
-0.01911111111111111	-0.021111111111111112	saddle_focus	numerical_failure	6	0.17792301406008726	0.9052146839762473	01111
-0.01911111111111111	-0.01984126984126984	saddle_focus	numerical_failure	6	0.17575743991270476	0.8991994932542218	01111
-0.01911111111111111	-0.018571428571428572	saddle_focus	numerical_failure	7	0.1958290785217316	1.0895753192220938	011110
-0.01911111111111111	-0.0173015873015873	saddle_focus	numerical_failure	7	0.1840206996482021	1.072638976847672	011111
-0.01911111111111111	-0.016031746031746032	saddle_focus	numerical_failure	7	0.1788130230615712	1.0624850744781973	011111
-0.01911111111111111	-0.014761904761904763	saddle_focus	numerical_failure	7	0.1758032514276665	1.0546041424323014	011111
-0.01911111111111111	-0.013492063492063493	saddle_focus	numerical_failure	8	0.1902622734151307	1.2380689866653856	0111111
-0.01911111111111111	-0.012222222222222223	saddle_focus	numerical_failure	8	0.180852076982843	1.2223888756849846	0111111
-0.01911111111111111	-0.010952380952380953	saddle_focus	numerical_failure	9	2.300047333205662	3.511937686239452	01111110
-0.01911111111111111	-0.009682539682539683	saddle_focus	complete	64	1.6087441987529825	60.603187944393575	011111110101010101010101010101010101010101010101010101010101010
-0.01911111111111111	-0.008412698412698413	saddle_focus	complete	64	1.3120162101226298	46.67195847599147	011111110101010101010101010101010101010101010101010101010101010
-0.01911111111111111	-0.007142857142857143	saddle_focus	complete	64	1.1655949826911385	39.87688722084831	011111110110101010101010101010101010101010101010101010101010101
-0.01911111111111111	-0.005873015873015873	saddle_focus	complete	64	1.0348982601777936	36.39695828098468	011111111010101010101010101010101010101010101010101010101010101
-0.01911111111111111	-0.004603174603174603	saddle_focus	complete	64	0.9762740877699425	33.974377365206664	011111111011010101010101010101010101010101010101010101010101010
-0.01911111111111111	-0.0033333333333333335	saddle_focus	complete	64	0.8909608639326674	32.111796152358224	011111111101010101010101010101010101010101010101010101010101010
-0.01911111111111111	-0.0020634920634920637	saddle_focus	complete	64	0.8525923008293894	30.02702624514739	011111111110101010101010101010101010101010101010101010101010101
-0.01911111111111111	-0.0007936507936507937	saddle_focus	complete	64	0.8314588802729537	28.848120610436414	011111111110110101010101010101010101010101010101010101010101010
-0.01911111111111111	0.0004761904761904762	saddle_focus	complete	64	0.7613879307322806	27.77673426017429	011111111111010101010101010101010101010101010101010101010101010
-0.01911111111111111	0.001746031746031746	saddle_focus	complete	64	0.7294119848090324	26.365229702918082	011111111111101010101010101010101010101010101010101010101010101
-0.01911111111111111	0.003015873015873016	saddle_focus	complete	64	0.7030989848305893	25.558248506065645	011111111111110101010101010101010101010101010101010101010101010
-0.01911111111111111	0.004285714285714286	saddle_focus	complete	64	0.6756894472888542	24.37084941838247	011111111111111010101010101010101010101010101010101010101010101
-0.01911111111111111	0.005555555555555556	saddle_focus	complete	64	0.6887252673233837	23.290801658078678	011111111111111101101010101010101010101010101010101010101010101
-0.01911111111111111	0.006825396825396826	saddle_focus	complete	64	0.6413607403685755	22.618465348764158	011111111111111111010101010101010101010101010101010101010101010
-0.01911111111111111	0.008095238095238095	saddle_focus	complete	64	0.6333417640145877	21.580543458300777	011111111111111111110101010101010101010101010101010101010101010
-0.01911111111111111	0.009365079365079364	saddle_focus	complete	64	0.6452207356320763	19.803126017257075	011111111111111111111101001010101010010101001001001001001001001
-0.01911111111111111	0.010634920634920634	saddle_focus	complete	64	0.6279584208957152	17.979983422906347	011111111111111111111111011001001001001001001001001001001001001
-0.01911111111111111	0.011904761904761904	saddle_focus	complete	64	0.6155433098944476	17.034748716628126	011111111111111111111111111100101101101101101101101101101101101
-0.01911111111111111	0.013174603174603174	saddle_focus	complete	64	0.5971936577425723	15.633584045883136	011111111111111111111111111111111010110110110110110110110110110
-0.01911111111111111	0.014444444444444444	saddle_focus	complete	64	0.5862141557040612	14.321673167802121	011111111111111111111111111111111111111100101101101101101101101
-0.01911111111111111	0.016984126984126983	saddle_focus	complete	64	0.16775072692410298	9.923892694163605	011111111111111111111111111111111111111111111111111111111111111
-0.01911111111111111	0.019523809523809523	saddle_focus	complete	64	0.15582656641387338	9.324912604684519	011111111111111111111111111111111111111111111111111111111111111
-0.01911111111111111	0.025873015873015874	saddle_focus	complete	64	0.12399416177637423	7.831864887361514	011111111111111111111111111111111111111111111111111111111111111
-0.018793650793650793	-0.03	saddle_focus	numerical_failure	5	0.1844187326417237	0.7583630969382509	0111
-0.018793650793650793	-0.02873015873015873	saddle_focus	numerical_failure	5	0.18057420072524577	0.7521614820006011	0111
-0.018793650793650793	-0.02746031746031746	saddle_focus	numerical_failure	5	0.17805828016355552	0.7472279049278758	0111
-0.018793650793650793	-0.02619047619047619	saddle_focus	numerical_failure	5	0.17629604053202863	0.7429466139672645	0111
-0.018793650793650793	-0.02492063492063492	saddle_focus	numerical_failure	5	0.1750175820094999	0.739010748721055	0111
-0.018793650793650793	-0.02365079365079365	saddle_focus	numerical_failure	6	0.19593936786929067	0.9311773662098405	01110
-0.018793650793650793	-0.02238095238095238	saddle_focus	numerical_failure	6	0.18507986370324847	0.9165922214953308	01111
-0.018793650793650793	-0.021111111111111112	saddle_focus	numerical_failure	6	0.18001094298680376	0.9077689604635274	01111
-0.018793650793650793	-0.01984126984126984	saddle_focus	numerical_failure	6	0.1769599192317376	0.9008906089346272	01111
-0.018793650793650793	-0.018571428571428572	saddle_focus	numerical_failure	6	0.17494446162232957	0.8949527986541436	01111
-0.018793650793650793	-0.0173015873015873	saddle_focus	numerical_failure	7	0.19247476521977724	1.082014507872621	011110
-0.018793650793650793	-0.016031746031746032	saddle_focus	numerical_failure	7	0.18241625821535856	1.0668487099355743	011111
-0.018793650793650793	-0.014761904761904763	saddle_focus	numerical_failure	7	0.17768450601261587	1.0571732055962024	011111
-0.018793650793650793	-0.013492063492063493	saddle_focus	numerical_failure	8	0.24523744875819653	1.294738445467418	0111110
-0.018793650793650793	-0.012222222222222223	saddle_focus	numerical_failure	8	0.18772185402523767	1.2305043665824489	0111111
-0.018793650793650793	-0.010952380952380953	saddle_focus	numerical_failure	9	2.3070975568611276	3.5230545309719403	01111110
-0.018793650793650793	-0.009682539682539683	saddle_focus	complete	64	1.608226580514406	61.46671954974878	011111101010101010101010101010101010101010101010101010101010101
-0.018793650793650793	-0.008412698412698413	saddle_focus	complete	64	1.3192053357640279	46.96939178117748	011111110101010101010101010101010101010101010101010101010101010
-0.018793650793650793	-0.007142857142857143	saddle_focus	complete	64	1.1511965429548838	41.00472344647352	011111110101010101010101010101010101010101010101010101010101010
-0.018793650793650793	-0.005873015873015873	saddle_focus	complete	64	1.054380318078364	36.614979722853334	011111110110101010101010101010101010101010101010101010101010101
-0.018793650793650793	-0.004603174603174603	saddle_focus	complete	64	0.9589335235123797	34.16439856460097	011111111010101010101010101010101010101010101010101010101010101
-0.018793650793650793	-0.0033333333333333335	saddle_focus	complete	64	0.9122201542431858	32.3116198834305	011111111011010101010101010101010101010101010101010101010101010
-0.018793650793650793	-0.0020634920634920637	saddle_focus	complete	64	0.845117025668598	30.812147049734715	011111111101010101010101010101010101010101010101010101010101010
-0.018793650793650793	-0.0007936507936507937	saddle_focus	complete	64	0.808992703140845	29.00620593150002	011111111110101010101010101010101010101010101010101010101010101
-0.018793650793650793	0.0004761904761904762	saddle_focus	complete	64	0.7918029117499743	27.984919955812483	011111111110110101010101010101010101010101010101010101010101010
-0.018793650793650793	0.001746031746031746	saddle_focus	complete	64	0.7353503405510318	27.04958733818337	011111111111010101010101010101010101010101010101010101010101010
-0.018793650793650793	0.003015873015873016	saddle_focus	complete	64	0.7068019300486093	25.762240209230555	011111111111101010101010101010101010101010101010101010101010101
-0.018793650793650793	0.004285714285714286	saddle_focus	complete	64	0.681611452560325	25.03149799781124	011111111111110101010101010101010101010101010101010101010101010
-0.018793650793650793	0.005555555555555556	saddle_focus	complete	64	0.664501354367014	23.88739208512119	011111111111111010101010101010101010101010101010101010101010101
-0.018793650793650793	0.006825396825396826	saddle_focus	complete	64	0.6622705100873691	22.906232059155002	011111111111111101101010101010101010101010101010101010101010101
-0.018793650793650793	0.008095238095238095	saddle_focus	complete	64	0.617318670214634	22.296506038246655	011111111111111111010101010101010101010101010101010101010101010
-0.018793650793650793	0.009365079365079364	saddle_focus	complete	64	0.6081158682807595	21.33593558896354	011111111111111111110101010101010101010101010101010101010101010
-0.018793650793650793	0.010634920634920634	saddle_focus	complete	64	0.5829210921720565	20.37323733429602	011111111111111111111101010101010101010101010101010101010101010
-0.018793650793650793	0.011904761904761904	saddle_focus	complete	64	0.577190894064957	19.0782643276447	011111111111111111111111101010101010101010101010101010101010101
-0.018793650793650793	0.013174603174603174	saddle_focus	complete	64	0.6034406682821949	17.054791101276624	011111111111111111111111111101100100100100100100100100100100100
-0.018793650793650793	0.014444444444444444	saddle_focus	complete	64	0.5874549690721738	15.626313689075216	011111111111111111111111111111111011011011011011011011011011011
-0.018793650793650793	0.015714285714285715	saddle_focus	complete	64	0.5736836999941648	14.198758723144861	011111111111111111111111111111111111111110101101101101101101101
-0.018793650793650793	0.016984126984126983	saddle_focus	complete	64	0.5582609738678777	11.579253600146277	011111111111111111111111111111111111111111111111111110110110110
-0.018793650793650793	0.018253968253968255	saddle_focus	complete	64	0.16686412880366852	9.817127389608197	011111111111111111111111111111111111111111111111111111111111111
-0.018793650793650793	0.019523809523809523	saddle_focus	complete	64	0.15975978978623218	9.494034132831418	011111111111111111111111111111111111111111111111111111111111111
-0.018793650793650793	0.022063492063492063	saddle_focus	complete	64	0.1481080055440671	8.83282108022918	011111111111111111111111111111111111111111111111111111111111111
-0.018793650793650793	0.025873015873015874	saddle_focus	complete	64	0.12672659256056207	7.879032565886328	011111111111111111111111111111111111111111111111111111111111111
-0.018793650793650793	0.027142857142857142	saddle_focus	complete	64	0.12204404201471064	7.799797959702264	011111111111111111111111111111111111111111111111111111111111111
-0.018476190476190476	-0.03	saddle_focus	numerical_failure	5	0.18901199322015472	0.7631587596236821	0111
-0.018476190476190476	-0.02873015873015873	saddle_focus	numerical_failure	5	0.1830238194057222	0.7548117249528242	0111
-0.018476190476190476	-0.02746031746031746	saddle_focus	numerical_failure	5	0.17951222769272013	0.7489042924884697	0111
-0.018476190476190476	-0.02619047619047619	saddle_focus	numerical_failure	5	0.17717833785346848	0.7440936408376241	0111
-0.018476190476190476	-0.02492063492063492	saddle_focus	numerical_failure	5	0.17553281451687242	0.7398507332082919	0111
-0.018476190476190476	-0.02365079365079365	saddle_focus	numerical_failure	5	0.17433729531845554	0.7359026251064341	0111
-0.018476190476190476	-0.02238095238095238	saddle_focus	numerical_failure	6	0.19280497201516	0.924889897711408	01110
-0.018476190476190476	-0.021111111111111112	saddle_focus	numerical_failure	6	0.18350203303167323	0.911797087556988	01111
-0.018476190476190476	-0.01984126984126984	saddle_focus	numerical_failure	6	0.17887967985640574	0.9033487516411705	01111
-0.018476190476190476	-0.018571428571428572	saddle_focus	numerical_failure	6	0.17604786891134339	0.8966204432609529	01111
-0.018476190476190476	-0.0173015873015873	saddle_focus	numerical_failure	6	0.17416764925000616	0.8907573709263386	01111
-0.018476190476190476	-0.016031746031746032	saddle_focus	numerical_failure	7	0.18973077197991095	1.0751178031534756	011111
-0.018476190476190476	-0.014761904761904763	saddle_focus	numerical_failure	7	0.18095666273199207	1.0612577011284108	011111
-0.018476190476190476	-0.013492063492063493	saddle_focus	numerical_failure	7	0.1766275497091323	1.0519804203177998	011111
-0.018476190476190476	-0.012222222222222223	saddle_focus	numerical_failure	8	0.21506680225369212	1.2595417490219754	0111110
-0.018476190476190476	-0.010952380952380953	saddle_focus	numerical_failure	9	2.320497835901686	3.543829910874908	01111110
-0.018476190476190476	-0.009682539682539683	saddle_focus	complete	64	1.6135089798882887	62.06721858320968	011111101010101010101010101010101010101010101010101010101010101
-0.018476190476190476	-0.008412698412698413	saddle_focus	complete	64	1.3478423729710216	47.31613951514385	011111101101010101010101010101010101010101010101010101010101010
-0.018476190476190476	-0.007142857142857143	saddle_focus	complete	64	1.156643411849965	41.25086255040885	011111110101010101010101010101010101010101010101010101010101010
-0.018476190476190476	-0.005873015873015873	saddle_focus	complete	64	1.045438867974105	37.623828449531345	011111110101010101010101010101010101010101010101010101010101010
-0.018476190476190476	-0.004603174603174603	saddle_focus	complete	64	0.9729424261269195	34.37144445988155	011111110110101010101010101010101010101010101010101010101010101
-0.018476190476190476	-0.0033333333333333335	saddle_focus	complete	64	0.9010321198634013	32.50073484642269	011111111010101010101010101010101010101010101010101010101010101
-0.018476190476190476	-0.0020634920634920637	saddle_focus	complete	64	0.860302283725523	31.007530809706697	011111111011010101010101010101010101010101010101010101010101010
-0.018476190476190476	-0.0007936507936507937	saddle_focus	complete	64	0.8076954236864702	29.755655816064337	011111111101010101010101010101010101010101010101010101010101010
-0.018476190476190476	0.0004761904761904762	saddle_focus	complete	64	0.7714752081557177	28.155386306907896	011111111110101010101010101010101010101010101010101010101010101
-0.018476190476190476	0.001746031746031746	saddle_focus	complete	64	0.7575279502584551	27.254841146237663	011111111110110101010101010101010101010101010101010101010101010
-0.018476190476190476	0.003015873015873016	saddle_focus	complete	64	0.7466202067730991	26.001784436198818	011111111111001010101010101010101010101010101010101010101010101
-0.018476190476190476	0.004285714285714286	saddle_focus	complete	64	0.6875643296261087	25.230468999459355	011111111111101010101010101010101010101010101010101010101010101
-0.018476190476190476	0.005555555555555556	saddle_focus	complete	64	0.6654571646282572	24.55733361125873	011111111111110101010101010101010101010101010101010101010101010
-0.018476190476190476	0.006825396825396826	saddle_focus	complete	64	0.6759070762603532	23.55588137607774	011111111111111011010101010101010101010101010101010101010101010
-0.018476190476190476	0.008095238095238095	saddle_focus	complete	64	0.6377302921091683	22.557259506914967	011111111111111110101010101010101010101010101010101010101010101
-0.018476190476190476	0.009365079365079364	saddle_focus	complete	64	0.6482767250795476	21.679481245379307	011111111111111111001010101010101010101010101010101010101010101
-0.018476190476190476	0.010634920634920634	saddle_focus	complete	64	0.5899205904609897	21.072837016869034	011111111111111111110101010101010101010101010101010101010101010
-0.018476190476190476	0.011904761904761904	saddle_focus	complete	64	0.6081528256868345	19.862559824631123	011111111111111111111101101010101010101010101010101010101010101
-0.018476190476190476	0.013174603174603174	saddle_focus	complete	64	0.604810067412811	18.99885436789801	011111111111111111111111100101010101010101010101010101010101010
-0.018476190476190476	0.014444444444444444	saddle_focus	complete	64	0.5523654746619773	17.716011988545365	011111111111111111111111111110101010101010101010101010101010101
-0.018476190476190476	0.015714285714285715	saddle_focus	complete	64	0.581567598751441	15.941661399850314	011111111111111111111111111111111101010100100100100100100100100
-0.018476190476190476	0.016984126984126983	saddle_focus	complete	64	0.5679948689488015	13.820816019346207	011111111111111111111111111111111111111110110010010010010010010
-0.018476190476190476	0.019523809523809523	saddle_focus	complete	64	0.16580893519978268	9.699247239395962	011111111111111111111111111111111111111111111111111111111111111
-0.018476190476190476	0.020793650793650795	saddle_focus	complete	64	0.15810418336014465	9.349056463542079	011111111111111111111111111111111111111111111111111111111111111
-0.018476190476190476	0.024603174603174603	saddle_focus	complete	64	0.13882317997295246	8.285436407786724	011111111111111111111111111111111111111111111111111111111111111
-0.01815873015873016	-0.03	saddle_focus	numerical_failure	5	0.1989800137779767	0.7733817377025712	0110
-0.01815873015873016	-0.02873015873015873	saddle_focus	numerical_failure	5	0.18711297552225614	0.7591373209019279	0111
-0.01815873015873016	-0.02746031746031746	saddle_focus	numerical_failure	5	0.1817585988738507	0.7513958424987206	0111
-0.01815873015873016	-0.02619047619047619	saddle_focus	numerical_failure	5	0.17852227555911448	0.7457153158830097	0111
-0.01815873015873016	-0.02492063492063492	saddle_focus	numerical_failure	5	0.17634563194342334	0.7409938378668454	0111
-0.01815873015873016	-0.02365079365079365	saddle_focus	numerical_failure	5	0.17480336075658243	0.736768975500029	0111
-0.01815873015873016	-0.02238095238095238	saddle_focus	numerical_failure	6	0.23317010973914598	0.9659662896560891	01110
-0.01815873015873016	-0.021111111111111112	saddle_focus	numerical_failure	6	0.19024133281980682	0.9191694774933534	01110
-0.01815873015873016	-0.01984126984126984	saddle_focus	numerical_failure	6	0.18207362006748085	0.9071491001922225	01111
-0.01815873015873016	-0.018571428571428572	saddle_focus	numerical_failure	6	0.17782289919753247	0.8990084637202813	01111
-0.01815873015873016	-0.0173015873015873	saddle_focus	numerical_failure	6	0.17518269828928412	0.892413932207214	01111
-0.01815873015873016	-0.016031746031746032	saddle_focus	numerical_failure	7	0.22230655769950602	1.1089304238944493	011110
-0.01815873015873016	-0.014761904761904763	saddle_focus	numerical_failure	7	0.1874129623322316	1.0687093520669584	011111
-0.01815873015873016	-0.013492063492063493	saddle_focus	numerical_failure	7	0.1796207379108007	1.0558478187844829	011111
-0.01815873015873016	-0.012222222222222223	saddle_focus	numerical_failure	7	0.17563462702898258	1.0468978151223378	011111
-0.01815873015873016	-0.010952380952380953	saddle_focus	numerical_failure	9	2.3401797773610604	3.5848236146636006	01111101
-0.01815873015873016	-0.009682539682539683	saddle_focus	complete	64	1.6190045967520277	62.72163860780308	011111101010101010101010101010101010101010101010101010101010101
-0.01815873015873016	-0.008412698412698413	saddle_focus	complete	64	1.328747530823593	47.6880192124414	011111101010101010101010101010101010101010101010101010101010101
-0.01815873015873016	-0.007142857142857143	saddle_focus	complete	64	1.1807822410903586	41.53185264715412	011111101101010101010101010101010101010101010101010101010101010
-0.01815873015873016	-0.005873015873015873	saddle_focus	complete	64	1.0507952236878246	37.84991984439133	011111110101010101010101010101010101010101010101010101010101010
-0.01815873015873016	-0.004603174603174603	saddle_focus	complete	64	0.9693591687981153	35.29988180707222	011111110101010101010101010101010101010101010101010101010101010
-0.01815873015873016	-0.0033333333333333335	saddle_focus	complete	64	0.9096495200589281	32.70239111053035	011111111010101010101010101010101010101010101010101010101010101
-0.01815873015873016	-0.0020634920634920637	saddle_focus	complete	64	0.8550882591759956	31.1980302146255	011111111010101010101010101010101010101010101010101010101010101
-0.01815873015873016	-0.0007936507936507937	saddle_focus	complete	64	0.8168846857938346	29.949595026745058	011111111101010101010101010101010101010101010101010101010101010
-0.01815873015873016	0.0004761904761904762	saddle_focus	complete	64	0.7766550373723176	28.8736177929531	011111111101010101010101010101010101010101010101010101010101010
-0.01815873015873016	0.001746031746031746	saddle_focus	complete	64	0.7444835661698446	27.433051429390744	011111111110101010101010101010101010101010101010101010101010101
-0.01815873015873016	0.003015873015873016	saddle_focus	complete	64	0.727241045426265	26.62655269443586	011111111110110101010101010101010101010101010101010101010101010
-0.01815873015873016	0.004285714285714286	saddle_focus	complete	64	0.7164817414201607	25.451265294826477	011111111111011010101010101010101010101010101010101010101010101
-0.01815873015873016	0.005555555555555556	saddle_focus	complete	64	0.702997048424423	24.815208942666292	011111111111100101010101010101010101010101010101010101010101010
-0.01815873015873016	0.006825396825396826	saddle_focus	complete	64	0.6808667058867623	23.774800856042948	011111111111110110101010101010101010101010101010101010101010101
-0.01815873015873016	0.008095238095238095	saddle_focus	complete	64	0.650449927214332	23.179260681250536	011111111111111011010101010101010101010101010101010101010101010
-0.01815873015873016	0.009365079365079364	saddle_focus	complete	64	0.614142476367054	22.239424240797078	011111111111111110101010101010101010101010101010101010101010101
-0.01815873015873016	0.010634920634920634	saddle_focus	complete	64	0.6214057592741149	21.365815396325203	011111111111111111011010101010101010101010101010101010101010101
-0.01815873015873016	0.011904761904761904	saddle_focus	complete	64	0.6131720869872632	20.513935568591254	011111111111111111110110101010101010101010101010101010101010101
-0.01815873015873016	0.013174603174603174	saddle_focus	complete	64	0.5809144082955839	19.64142613428774	011111111111111111111101101010101010101010101010101010101010101
-0.01815873015873016	0.014444444444444444	saddle_focus	complete	64	0.5732407338909828	18.784025628570657	011111111111111111111111101101010101010101010101010101010101010
-0.01815873015873016	0.015714285714285715	saddle_focus	complete	64	0.5737717054017075	17.60051823170901	011111111111111111111111111110110101010101010101010101010101010
-0.01815873015873016	0.018253968253968255	saddle_focus	complete	64	0.5601941850497933	14.065632885300127	011111111111111111111111111111111111111111011001001010100110010
-0.01815873015873016	0.020793650793650795	saddle_focus	complete	64	0.1645379176719448	9.56871509684699	011111111111111111111111111111111111111111111111111111111111111
-0.01815873015873016	0.023333333333333334	saddle_focus	complete	64	0.14918360506530526	8.81468611830298	011111111111111111111111111111111111111111111111111111111111111
-0.01815873015873016	0.027142857142857142	saddle_focus	complete	64	0.12474872865246667	7.838053343121668	011111111111111111111111111111111111111111111111111111111111111
-0.017841269841269842	-0.03	saddle_focus	numerical_failure	4	0.17456735788497985	0.5747252749150767	011
-0.017841269841269842	-0.02873015873015873	saddle_focus	numerical_failure	5	0.19540679064350852	0.7677162359990259	0110
-0.017841269841269842	-0.02746031746031746	saddle_focus	numerical_failure	5	0.18545843704087506	0.755373477121888	0111
-0.017841269841269842	-0.02619047619047619	saddle_focus	numerical_failure	5	0.1806009127673156	0.7480912748101283	0111
-0.017841269841269842	-0.02492063492063492	saddle_focus	numerical_failure	5	0.17759564921404636	0.7425843841109323	0111
-0.017841269841269842	-0.02365079365079365	saddle_focus	numerical_failure	5	0.17555474008417182	0.7379236483647788	0111
-0.017841269841269842	-0.02238095238095238	saddle_focus	numerical_failure	5	0.17410420708200403	0.7337008180172914	0111
-0.017841269841269842	-0.021111111111111112	saddle_focus	numerical_failure	6	0.21370608640352773	0.9434008461735265	01110
-0.017841269841269842	-0.01984126984126984	saddle_focus	numerical_failure	6	0.18807635045301674	0.9138515227373617	01111
-0.017841269841269842	-0.018571428571428572	saddle_focus	numerical_failure	6	0.18077072568900854	0.9026354790051064	01111
-0.017841269841269842	-0.0173015873015873	saddle_focus	numerical_failure	6	0.17683189910102814	0.8947524009490782	01111
-0.017841269841269842	-0.016031746031746032	saddle_focus	numerical_failure	6	0.17436021505265653	0.8882804456180811	01111
-0.017841269841269842	-0.014761904761904763	saddle_focus	numerical_failure	7	0.20923446300864745	1.0917954716629212	011110
-0.017841269841269842	-0.013492063492063493	saddle_focus	numerical_failure	7	0.18541175901044338	1.062684655894299	011111
-0.017841269841269842	-0.012222222222222223	saddle_focus	numerical_failure	7	0.17839142970262278	1.050603041515437	011111
-0.017841269841269842	-0.010952380952380953	saddle_focus	numerical_failure	8	2.2945280804601262	3.3364429707973526	0111110
-0.017841269841269842	-0.009682539682539683	saddle_focus	complete	64	1.6326025761409615	63.443332915743895	011111010101010101010101010101010101010101010101010101010101010
-0.017841269841269842	-0.008412698412698413	saddle_focus	complete	64	1.3346366091482302	48.036150879024746	011111100101010101010101010101010101010101010101010101010101010
-0.017841269841269842	-0.007142857142857143	saddle_focus	complete	64	1.167946873805752	41.814089088851986	011111101010101010101010101010101010101010101010101010101010101
-0.017841269841269842	-0.005873015873015873	saddle_focus	complete	64	1.069217617361737	38.10476927020217	011111101101010101010101010101010101010101010101010101010101010
-0.017841269841269842	-0.004603174603174603	saddle_focus	complete	64	0.9746009586114028	35.517512777867424	011111110101010101010101010101010101010101010101010101010101010
-0.017841269841269842	-0.0033333333333333335	saddle_focus	complete	64	0.9114007671905493	33.57246487399859	011111110101010101010101010101010101010101010101010101010101010
-0.017841269841269842	-0.0020634920634920637	saddle_focus	complete	64	0.8599977117657862	31.39791325784858	011111111010101010101010101010101010101010101010101010101010101
-0.017841269841269842	-0.0007936507936507937	saddle_focus	complete	64	0.8175748829625382	30.142844865977757	011111111010101010101010101010101010101010101010101010101010101
-0.017841269841269842	0.0004761904761904762	saddle_focus	complete	64	0.7809226809057956	29.070353418301735	011111111101010101010101010101010101010101010101010101010101010
-0.017841269841269842	0.001746031746031746	saddle_focus	complete	64	0.779558739736377	27.678802928249347	011111111100101010101010101010101010101010101010101010101010101
-0.017841269841269842	0.003015873015873016	saddle_focus	complete	64	0.7214979644391284	26.811149130950003	011111111110101010101010101010101010101010101010101010101010101
-0.017841269841269842	0.004285714285714286	saddle_focus	complete	64	0.7000360908406584	26.079355123776683	011111111111010101010101010101010101010101010101010101010101010
-0.017841269841269842	0.005555555555555556	saddle_focus	complete	64	0.6899530793315773	24.976859862357962	011111111111011010101010101010101010101010101010101010101010101
-0.017841269841269842	0.006825396825396826	saddle_focus	complete	64	0.6762416329000032	24.37374781311071	011111111111101101010101010101010101010101010101010101010101010
-0.017841269841269842	0.008095238095238095	saddle_focus	complete	64	0.6553875244893343	23.393840830474026	011111111111110110101010101010101010101010101010101010101010101
-0.017841269841269842	0.009365079365079364	saddle_focus	complete	64	0.6271505930253962	22.84417266021642	011111111111111011010101010101010101010101010101010101010101010
-0.017841269841269842	0.010634920634920634	saddle_focus	complete	64	0.6007781415705171	21.948080690382294	011111111111111110101010101010101010101010101010101010101010101
-0.017841269841269842	0.011904761904761904	saddle_focus	complete	64	0.5970873574985722	21.09940432133788	011111111111111111011010101010101010101010101010101010101010101
-0.017841269841269842	0.013174603174603174	saddle_focus	complete	64	0.586668618367006	20.26719496680508	011111111111111111110110101010101010101010101010101010101010101
-0.017841269841269842	0.014444444444444444	saddle_focus	complete	64	0.5562646895744585	19.431147686970522	011111111111111111111110101010101010101010101010101010101010101
-0.017841269841269842	0.015714285714285715	saddle_focus	complete	64	0.5423937631294296	18.591224209598437	011111111111111111111111110101010101010101010101010101010101010
-0.017841269841269842	0.016984126984126983	saddle_focus	complete	64	0.5359338065440848	17.418757123824303	011111111111111111111111111111010101010101010101010101010101010
-0.017841269841269842	0.018253968253968255	saddle_focus	complete	64	0.5627772832051985	15.951164704198522	011111111111111111111111111111111110010101010101010101010101010
-0.017841269841269842	0.019523809523809523	saddle_focus	complete	64	0.5517953973847609	14.02354298079863	011111111111111111111111111111111111111111100101010101010101010
-0.017841269841269842	0.020793650793650795	saddle_focus	complete	64	0.5385975040501858	10.825604852831537	011111111111111111111111111111111111111111111111111111111011000
-0.017841269841269842	0.022063492063492063	saddle_focus	complete	64	0.1629953176872032	9.423996028029993	011111111111111111111111111111111111111111111111111111111111111
-0.017841269841269842	0.025873015873015874	saddle_focus	complete	64	0.13857184592869487	8.232304086570805	011111111111111111111111111111111111111111111111111111111111111
-0.017523809523809525	-0.03	saddle_focus	numerical_failure	4	0.17462550814882083	0.5751404747723291	011
-0.017523809523809525	-0.02873015873015873	saddle_focus	numerical_failure	4	0.1739986585531219	0.5726592320338951	011
-0.017523809523809525	-0.02746031746031746	saddle_focus	numerical_failure	5	0.19262645823704538	0.7628636362333746	0110
-0.017523809523809525	-0.02619047619047619	saddle_focus	numerical_failure	5	0.1839955852534937	0.7518118655203989	0111
-0.017523809523809525	-0.02492063492063492	saddle_focus	numerical_failure	5	0.1795353588128673	0.7448805266316976	0111
-0.017523809523809525	-0.02365079365079365	saddle_focus	numerical_failure	5	0.17672491568683069	0.7395040997879413	0111
-0.017523809523809525	-0.02238095238095238	saddle_focus	numerical_failure	5	0.17480196945538662	0.7348812407865938	0111
-0.017523809523809525	-0.021111111111111112	saddle_focus	numerical_failure	5	0.1734323677336438	0.730647344517681	0111
-0.017523809523809525	-0.01984126984126984	saddle_focus	numerical_failure	6	0.20555881571481172	0.9321629607746835	01110
-0.017523809523809525	-0.018571428571428572	saddle_focus	numerical_failure	6	0.18620789792862213	0.9088431088806408	01111
-0.017523809523809525	-0.0173015873015873	saddle_focus	numerical_failure	6	0.1795749076412575	0.8982498558006888	01111
-0.017523809523809525	-0.016031746031746032	saddle_focus	numerical_failure	6	0.17590090128462943	0.8905881048053043	01111
-0.017523809523809525	-0.014761904761904763	saddle_focus	numerical_failure	6	0.1735774162293029	0.8842286501913071	01111
-0.017523809523809525	-0.013492063492063493	saddle_focus	numerical_failure	7	0.20235034358260462	1.0809257616579935	011110
-0.017523809523809525	-0.012222222222222223	saddle_focus	numerical_failure	7	0.18365688463421148	1.0569761491615584	011111
-0.017523809523809525	-0.010952380952380953	saddle_focus	numerical_failure	8	2.304556265200387	3.3500638159094587	0111110
-0.017523809523809525	-0.009682539682539683	saddle_focus	complete	64	1.630762694102872	65.57861155620758	011111001010101010101010101010101010101010101010101010101010101
-0.017523809523809525	-0.008412698412698413	saddle_focus	complete	64	1.344651196687646	48.42128256960132	011111010101010101010101010101010101010101010101010101010101010
-0.017523809523809525	-0.007142857142857143	saddle_focus	complete	64	1.1738156095927632	42.10115134169635	011111100101010101010101010101010101010101010101010101010101010
-0.017523809523809525	-0.005873015873015873	saddle_focus	complete	64	1.0619679040996637	38.358535969714424	011111100101010101010101010101010101010101010101010101010101010
-0.017523809523809525	-0.004603174603174603	saddle_focus	complete	64	0.9876603810342393	35.76093111556707	011111101010101010101010101010101010101010101010101010101010101
-0.017523809523809525	-0.0033333333333333335	saddle_focus	complete	64	0.916497833441912	33.78804927863388	011111110101010101010101010101010101010101010101010101010101010
-0.017523809523809525	-0.0020634920634920637	saddle_focus	complete	64	0.8656508325996128	32.221582508135576	011111110101010101010101010101010101010101010101010101010101010
-0.017523809523809525	-0.0007936507936507937	saddle_focus	complete	64	0.8223479254077812	30.343872176959387	011111111010101010101010101010101010101010101010101010101010101
-0.017523809523809525	0.0004761904761904762	saddle_focus	complete	64	0.7863622065109643	29.266730916631957	011111111010101010101010101010101010101010101010101010101010101
-0.017523809523809525	0.001746031746031746	saddle_focus	complete	64	0.7541805755833595	28.326594743603145	011111111101010101010101010101010101010101010101010101010101010
-0.017523809523809525	0.003015873015873016	saddle_focus	complete	64	0.7475250385482566	27.03211949835444	011111111101101010101010101010101010101010101010101010101010101
-0.017523809523809525	0.004285714285714286	saddle_focus	complete	64	0.7014937597750173	26.269958321427882	011111111110101010101010101010101010101010101010101010101010101
-0.017523809523809525	0.005555555555555556	saddle_focus	complete	64	0.6786649005916976	25.59855833975218	011111111111010101010101010101010101010101010101010101010101010
-0.017523809523809525	0.006825396825396826	saddle_focus	complete	64	0.6659674220318093	24.558788189199007	011111111111011010101010101010101010101010101010101010101010101
-0.017523809523809525	0.008095238095238095	saddle_focus	complete	64	0.6525031106829822	23.99140928049115	011111111111101101010101010101010101010101010101010101010101010
-0.017523809523809525	0.009365079365079364	saddle_focus	complete	64	0.6324673431339263	23.059366718921446	011111111111110110101010101010101010101010101010101010101010101
-0.017523809523809525	0.010634920634920634	saddle_focus	complete	64	0.605342790284654	22.541704004935262	011111111111111101010101010101010101010101010101010101010101010
-0.017523809523809525	0.011904761904761904	saddle_focus	complete	64	0.5957483805600354	21.660131603612967	011111111111111110101010101010101010101010101010101010101010101
-0.017523809523809525	0.013174603174603174	saddle_focus	complete	64	0.575682925325335	20.856598542949307	011111111111111111101010101010101010101010101010101010101010101
-0.017523809523809525	0.014444444444444444	saddle_focus	complete	64	0.5618665137528795	20.045007821923186	011111111111111111111010101010101010101010101010101010101010101
-0.017523809523809525	0.015714285714285715	saddle_focus	complete	64	0.5819128824294229	19.267114776894314	011111111111111111111110110101010101010101010101010101010101010
-0.017523809523809525	0.016984126984126983	saddle_focus	complete	64	0.5648533670715699	18.12607174578825	011111111111111111111111110110101010101010101010101010101010101
-0.017523809523809525	0.019523809523809523	saddle_focus	complete	64	0.5126358785552583	15.72988251324534	011111111111111111111111111111111111010101010101010101010101010
-0.017523809523809525	0.022063492063492063	saddle_focus	complete	64	0.5348116925035846	10.412318552304344	011111111111111111111111111111111111111111111111111111111110001
-0.017523809523809525	0.027142857142857142	saddle_focus	complete	64	0.133652399800404	8.03327205784439	011111111111111111111111111111111111111111111111111111111111111
-0.017206349206349208	-0.03	saddle_focus	numerical_failure	4	0.1748041679047045	0.5756777134490714	011
-0.017206349206349208	-0.02873015873015873	saddle_focus	numerical_failure	4	0.17403627766298324	0.5730966433689046	011
-0.017206349206349208	-0.02746031746031746	saddle_focus	numerical_failure	5	0.22121221811963288	0.7918326983406534	0110
-0.017206349206349208	-0.02619047619047619	saddle_focus	numerical_failure	5	0.19036502513556453	0.7585479454495166	0110
-0.017206349206349208	-0.02492063492063492	saddle_focus	numerical_failure	5	0.18268760533684059	0.7484142873121642	0111
-0.017206349206349208	-0.02365079365079365	saddle_focus	numerical_failure	5	0.178548818939956	0.7417511434325059	0111
-0.017206349206349208	-0.02238095238095238	saddle_focus	numerical_failure	5	0.1759034873222296	0.7364695252016348	0111
-0.017206349206349208	-0.021111111111111112	saddle_focus	numerical_failure	5	0.17408350038511522	0.7318666276287984	0111
-0.017206349206349208	-0.01984126984126984	saddle_focus	numerical_failure	5	0.17278622003757138	0.7276138788582899	0111
-0.017206349206349208	-0.018571428571428572	saddle_focus	numerical_failure	6	0.20045533714083796	0.923987303167468	01110
-0.017206349206349208	-0.0173015873015873	saddle_focus	numerical_failure	6	0.18457104344391118	0.9040903144337984	01111
-0.017206349206349208	-0.016031746031746032	saddle_focus	numerical_failure	6	0.17847311973602986	0.893991525963255	01111
-0.017206349206349208	-0.014761904761904763	saddle_focus	numerical_failure	6	0.17502398110492012	0.8865216637462175	01111
-0.017206349206349208	-0.013492063492063493	saddle_focus	numerical_failure	6	0.17283123588170657	0.8802653336314051	01111
-0.017206349206349208	-0.012222222222222223	saddle_focus	numerical_failure	7	0.19773419787186175	1.0724048231808927	011110
-0.017206349206349208	-0.010952380952380953	saddle_focus	numerical_failure	8	2.317694404883645	3.3692307765832528	0111110
-0.017206349206349208	-0.009682539682539683	saddle_focus	complete	64	1.6371395517760092	66.42297234282954	011111001010101010101010101010101010101010101010101010101010101
-0.017206349206349208	-0.008412698412698413	saddle_focus	complete	64	1.3470936750486109	49.91399393857286	011111001010101010101010101010101010101010101010101010101010101
-0.017206349206349208	-0.007142857142857143	saddle_focus	complete	64	1.179894064016393	42.42120851179242	011111010101010101010101010101010101010101010101010101010101010
-0.017206349206349208	-0.005873015873015873	saddle_focus	complete	64	1.0677534275917737	38.62559903150712	011111100101010101010101010101010101010101010101010101010101010
-0.017206349206349208	-0.004603174603174603	saddle_focus	complete	64	0.9856674875482212	36.00688165161478	011111100101010101010101010101010101010101010101010101010101010
-0.017206349206349208	-0.0033333333333333335	saddle_focus	complete	64	0.9244636784210833	34.02793776006459	011111101010101010101010101010101010101010101010101010101010101
-0.017206349206349208	-0.0020634920634920637	saddle_focus	complete	64	0.8703889847330148	32.441955417063085	011111110010101010101010101010101010101010101010101010101010101
-0.017206349206349208	-0.0007936507936507937	saddle_focus	complete	64	0.850084630698241	30.60541304115391	011111110001010101010101010101010101010101010101010101010101010
-0.017206349206349208	0.0004761904761904762	saddle_focus	complete	64	0.7908810211800996	29.472189836904832	011111111001010101010101010101010101010101010101010101010101010
-0.017206349206349208	0.001746031746031746	saddle_focus	complete	64	0.7623244056872331	28.502328509041277	011111111001101010101010101010101010101010101010101010101010101
-0.017206349206349208	0.003015873015873016	saddle_focus	complete	64	0.7311240784870727	27.689275949672993	011111111101010101010101010101010101010101010101010101010101010
-0.017206349206349208	0.004285714285714286	saddle_focus	complete	64	0.7197003955942969	26.484820294172124	011111111101101010101010101010101010101010101010101010101010101
-0.017206349206349208	0.005555555555555556	saddle_focus	complete	64	0.6839865189243208	25.795111666066983	011111111110101010101010101010101010101010101010101010101010101
-0.017206349206349208	0.006825396825396826	saddle_focus	complete	64	0.6630179085502474	25.173381250052685	011111111111010101010101010101010101010101010101010101010101010
-0.017206349206349208	0.008095238095238095	saddle_focus	complete	64	0.6439730676269013	24.187313580671624	011111111111101010101010101010101010101010101010101010101010101
-0.017206349206349208	0.009365079365079364	saddle_focus	complete	64	0.6307578369414624	23.651194766459085	011111111111101101010101010101010101010101010101010101010101010
-0.017206349206349208	0.010634920634920634	saddle_focus	complete	64	0.6111331845360923	22.75960585560064	011111111111111010101010101010101010101010101010101010101010101
-0.017206349206349208	0.011904761904761904	saddle_focus	complete	64	0.5955422187531068	22.266722936769114	011111111111111101010101010101010101010101010101010101010101010
-0.017206349206349208	0.013174603174603174	saddle_focus	complete	64	0.6034519383004531	21.461392157613602	011111111111111110110101010101010101010101010101010101010101010
-0.017206349206349208	0.014444444444444444	saddle_focus	complete	64	0.5690880008600909	20.62935849238681	011111111111111111101010101010101010101010101010101010101010101
-0.017206349206349208	0.015714285714285715	saddle_focus	complete	64	0.5585247483398028	19.827903081539713	011111111111111111111010101010101010101010101010101010101010101
-0.017206349206349208	0.016984126984126983	saddle_focus	complete	64	0.5504574452921167	19.048276576951658	011111111111111111111111010101010101010101010101010101010101010
-0.017206349206349208	0.018253968253968255	saddle_focus	complete	64	0.5301414493248906	17.929240586054384	011111111111111111111111111010101010101010101010101010101010101
-0.017206349206349208	0.019523809523809523	saddle_focus	complete	64	0.5216148624381631	16.77583986067814	011111111111111111111111111111101010101010101010101010101010101
-0.017206349206349208	0.020793650793650795	saddle_focus	complete	64	0.5078534080467572	15.27770217895003	011111111111111111111111111111111111101010101010101010101010101
-0.017206349206349208	0.022063492063492063	saddle_focus	complete	64	0.5109580321787419	13.338910047716928	011111111111111111111111111111111111111111111011010101010101010
-0.017206349206349208	0.024603174603174603	saddle_focus	complete	64	0.1588249764466365	9.087089068194926	011111111111111111111111111111111111111111111111111111111111111
-0.017206349206349208	0.028412698412698414	saddle_focus	complete	64	0.12745097712615294	7.878266596990229	011111111111111111111111111111111111111111111111111111111111111
-0.017206349206349208	0.029682539682539682	saddle_focus	complete	64	0.12186776043839398	7.785600753444547	011111111111111111111111111111111111111111111111111111111111111
-0.016888888888888887	-0.03	saddle_focus	numerical_failure	4	0.17514352823041746	0.5763789938095494	011
-0.016888888888888887	-0.02873015873015873	saddle_focus	numerical_failure	4	0.17419107837946257	0.5736506757932764	011
-0.016888888888888887	-0.02746031746031746	saddle_focus	numerical_failure	4	0.17346159181839083	0.5710866816701639	011
-0.016888888888888887	-0.02619047619047619	saddle_focus	numerical_failure	5	0.2102663262864547	0.7788728720985826	0110
-0.016888888888888887	-0.02492063492063492	saddle_focus	numerical_failure	5	0.18847310695039388	0.7546178618177014	0111
-0.016888888888888887	-0.02365079365079365	saddle_focus	numerical_failure	5	0.18150850957682252	0.7451546135878113	0111
-0.016888888888888887	-0.02238095238095238	saddle_focus	numerical_failure	5	0.17763315459785523	0.7386953711972778	0111
-0.016888888888888887	-0.021111111111111112	saddle_focus	numerical_failure	5	0.17512723790299234	0.7334798180212849	0111
-0.016888888888888887	-0.01984126984126984	saddle_focus	numerical_failure	5	0.1733967003178125	0.7288828846367954	0111
-0.016888888888888887	-0.018571428571428572	saddle_focus	numerical_failure	5	0.17216314561369284	0.724606240054997	0111
-0.016888888888888887	-0.0173015873015873	saddle_focus	numerical_failure	6	0.19679046261385302	0.9172787058341807	01110
-0.016888888888888887	-0.016031746031746032	saddle_focus	numerical_failure	6	0.18312185059283959	0.8995604131729282	01111
-0.016888888888888887	-0.014761904761904763	saddle_focus	numerical_failure	6	0.17745418325665074	0.8898612529004115	01111
-0.016888888888888887	-0.013492063492063493	saddle_focus	numerical_failure	6	0.17419740228312475	0.8825593614676893	01111
-0.016888888888888887	-0.012222222222222223	saddle_focus	numerical_failure	6	0.17211945301882592	0.8763953756884992	01111
-0.016888888888888887	-0.010952380952380953	saddle_focus	numerical_failure	8	2.335031423018494	3.4001864662062444	0111101
-0.016888888888888887	-0.009682539682539683	saddle_focus	complete	64	1.6439862112327126	67.3738098378976	011111001010101010101010101010101010101010101010101010101010101
-0.016888888888888887	-0.008412698412698413	saddle_focus	complete	64	1.3537676194465647	50.36083458470557	011111001010101010101010101010101010101010101010101010101010101
-0.016888888888888887	-0.007142857142857143	saddle_focus	complete	64	1.1862717523541293	43.693132711277556	011111001010101010101010101010101010101010101010101010101010101
-0.016888888888888887	-0.005873015873015873	saddle_focus	complete	64	1.0737718794394229	38.92634829388561	011111010101010101010101010101010101010101010101010101010101010
-0.016888888888888887	-0.004603174603174603	saddle_focus	complete	64	0.9913784530287906	36.26995971722233	011111100101010101010101010101010101010101010101010101010101010
-0.016888888888888887	-0.0033333333333333335	saddle_focus	complete	64	0.9275306956024818	34.27632186688722	011111100101010101010101010101010101010101010101010101010101010
-0.016888888888888887	-0.0020634920634920637	saddle_focus	complete	64	0.8756929002490139	32.683865447361306	011111101010101010101010101010101010101010101010101010101010101
-0.016888888888888887	-0.0007936507936507937	saddle_focus	complete	64	0.8327291920476529	31.36032875672762	011111110010101010101010101010101010101010101010101010101010101
-0.016888888888888887	0.0004761904761904762	saddle_focus	complete	64	0.8113859357160365	29.7192607985938	011111110101010101010101010101010101010101010101010101010101010
-0.016888888888888887	0.001746031746031746	saddle_focus	complete	64	0.7641373636279711	28.7395920174503	011111111001010101010101010101010101010101010101010101010101010
-0.016888888888888887	0.003015873015873016	saddle_focus	complete	64	0.7560673428901337	27.939374664137343	011111111000101010101010101010101010101010101010101010101010101
-0.016888888888888887	0.004285714285714286	saddle_focus	complete	64	0.7110385013297775	27.13820848829127	011111111100101010101010101010101010101010101010101010101010101
-0.016888888888888887	0.005555555555555556	saddle_focus	complete	64	0.6949876575017513	26.009890407326782	011111111101010101010101010101010101010101010101010101010101010
-0.016888888888888887	0.006825396825396826	saddle_focus	complete	64	0.6687271649744253	25.375457422715986	011111111110011010101010101010101010101010101010101010101010101
-0.016888888888888887	0.008095238095238095	saddle_focus	complete	64	0.6491019695475728	24.795755710245903	011111111111010101010101010101010101010101010101010101010101010
-0.016888888888888887	0.009365079365079364	saddle_focus	complete	64	0.6314560007576548	23.855789240713847	011111111111101010101010101010101010101010101010101010101010101
-0.016888888888888887	0.010634920634920634	saddle_focus	complete	64	0.6151913505521915	23.346267050612976	011111111111110101010101010101010101010101010101010101010101010
-0.016888888888888887	0.011904761904761904	saddle_focus	complete	64	0.600202507291208	22.489194024151047	011111111111111010101010101010101010101010101010101010101010101
-0.016888888888888887	0.013174603174603174	saddle_focus	complete	64	0.5873055981362163	22.014027205909997	011111111111111101010101010101010101010101010101010101010101010
-0.016888888888888887	0.014444444444444444	saddle_focus	complete	64	0.5800369881344785	21.22051242855819	011111111111111110110101010101010101010101010101010101010101010
-0.016888888888888887	0.015714285714285715	saddle_focus	complete	64	0.5848124120814697	20.457654532955672	011111111111111111101101010101010101010101010101010101010101010
-0.016888888888888887	0.016984126984126983	saddle_focus	complete	64	0.5654045920488535	19.662975174552976	011111111111111111111011010101010101010101010101010101010101010
-0.016888888888888887	0.018253968253968255	saddle_focus	complete	64	0.5380052247173017	18.854992307706055	011111111111111111111111010101010101010101010101010101010101010
-0.016888888888888887	0.019523809523809523	saddle_focus	complete	64	0.5494263559350925	17.775350913021345	011111111111111111111111111011010101010101010101010101010101010
-0.016888888888888887	0.020793650793650795	saddle_focus	complete	64	0.5170984875195224	16.607692674601832	011111111111111111111111111111110101010101010101010101010101010
-0.016888888888888887	0.023333333333333334	saddle_focus	complete	64	0.5312545506804867	12.89900180376222	011111111111111111111111111111111111111111111110010101010101010
-0.016888888888888887	0.027142857142857142	saddle_focus	complete	64	0.14477171963754998	8.416892482641062	011111111111111111111111111111111111111111111111111111111111111
-0.01657142857142857	-0.03	saddle_focus	numerical_failure	4	0.17570238800756727	0.5773055565463019	011
-0.01657142857142857	-0.02873015873015873	saddle_focus	numerical_failure	4	0.17450439704271176	0.5743641526786222	011
-0.01657142857142857	-0.02746031746031746	saddle_focus	numerical_failure	4	0.1735966997439189	0.5716655661230048	011
-0.01657142857142857	-0.02619047619047619	saddle_focus	numerical_failure	4	0.17290010937409217	0.5691088524796686	011
-0.01657142857142857	-0.02492063492063492	saddle_focus	numerical_failure	5	0.20437792713365022	0.7709937379248614	0110
-0.01657142857142857	-0.02365079365079365	saddle_focus	numerical_failure	5	0.1868596097886246	0.7509824647634157	0111
-0.01657142857142857	-0.02238095238095238	saddle_focus	numerical_failure	5	0.18044002572477813	0.7420157469766162	0111
-0.01657142857142857	-0.021111111111111112	saddle_focus	numerical_failure	5	0.1767792803367395	0.7357076216974517	0111
-0.01657142857142857	-0.01984126984126984	saddle_focus	numerical_failure	5	0.17439174159977744	0.730535404231006	0111
-0.01657142857142857	-0.018571428571428572	saddle_focus	numerical_failure	5	0.17273861193419904	0.7259344320917845	0111
-0.01657142857142857	-0.0173015873015873	saddle_focus	numerical_failure	5	0.1715611139963965	0.7216322813199574	0111
-0.01657142857142857	-0.016031746031746032	saddle_focus	numerical_failure	6	0.19397637981803328	0.9114592290029638	01110
-0.01657142857142857	-0.014761904761904763	saddle_focus	numerical_failure	6	0.18183084094951618	0.8952357835171133	01111
-0.01657142857142857	-0.013492063492063493	saddle_focus	numerical_failure	6	0.17651124287112574	0.8858625335034933	01111
-0.01657142857142857	-0.012222222222222223	saddle_focus	numerical_failure	6	0.17341731203815902	0.8787062673833028	01111
-0.01657142857142857	-0.010952380952380953	saddle_focus	numerical_failure	7	2.2895876641610844	3.162208547777075	011110
-0.01657142857142857	-0.009682539682539683	saddle_focus	complete	64	1.6515206539324745	68.4898386159613	011110101010101010101010101010101010101010101010101010101010101
-0.01657142857142857	-0.008412698412698413	saddle_focus	complete	64	1.3608993789136283	50.878371276570476	011111001010101010101010101010101010101010101010101010101010101
-0.01657142857142857	-0.007142857142857143	saddle_focus	complete	64	1.1929440517080674	44.07846560969957	011111001010101010101010101010101010101010101010101010101010101
-0.01657142857142857	-0.005873015873015873	saddle_focus	complete	64	1.0801788160475443	40.08219049497152	011111001010101010101010101010101010101010101010101010101010101
-0.01657142857142857	-0.004603174603174603	saddle_focus	complete	64	0.9973654885521448	36.57052664380315	011111010101010101010101010101010101010101010101010101010101010
-0.01657142857142857	-0.0033333333333333335	saddle_focus	complete	64	0.9331880707845546	34.54542084829031	011111100101010101010101010101010101010101010101010101010101010
-0.01657142857142857	-0.0020634920634920637	saddle_focus	complete	64	0.881485372581539	32.94185580020116	011111100101010101010101010101010101010101010101010101010101010
-0.01657142857142857	-0.0007936507936507937	saddle_focus	complete	64	0.8380149091074012	31.609182556782336	011111110010101010101010101010101010101010101010101010101010101
-0.01657142857142857	0.0004761904761904762	saddle_focus	complete	64	0.8013062388493388	30.472844345633426	011111110010101010101010101010101010101010101010101010101010101
-0.01657142857142857	0.001746031746031746	saddle_focus	complete	64	0.778432552846757	28.98636199275717	011111110101010101010101010101010101010101010101010101010101010
-0.01657142857142857	0.003015873015873016	saddle_focus	complete	64	0.7411095350019155	28.117392913575475	011111111001010101010101010101010101010101010101010101010101010
-0.01657142857142857	0.004285714285714286	saddle_focus	complete	64	0.7286524099165539	27.38072107669839	011111111010101010101010101010101010101010101010101010101010101
-0.01657142857142857	0.005555555555555556	saddle_focus	complete	64	0.693400844349839	26.65906443342845	011111111100101010101010101010101010101010101010101010101010101
-0.01657142857142857	0.006825396825396826	saddle_focus	complete	64	0.6727256995403119	25.594797885492945	011111111101010101010101010101010101010101010101010101010101010
-0.01657142857142857	0.008095238095238095	saddle_focus	complete	64	0.6568147295224147	24.995486731609255	011111111110010101010101010101010101010101010101010101010101010
-0.01657142857142857	0.009365079365079364	saddle_focus	complete	64	0.636714864649639	24.459570931214238	011111111111001010101010101010101010101010101010101010101010101
-0.01657142857142857	0.010634920634920634	saddle_focus	complete	64	0.6202373489742197	23.559349305920588	011111111111100101010101010101010101010101010101010101010101010
-0.01657142857142857	0.011904761904761904	saddle_focus	complete	64	0.6050887339118236	23.07219334585693	011111111111110011010101010101010101010101010101010101010101010
-0.01657142857142857	0.013174603174603174	saddle_focus	complete	64	0.5912816844397226	22.244406633777526	011111111111111010101010101010101010101010101010101010101010101
-0.01657142857142857	0.014444444444444444	saddle_focus	complete	64	0.6048724724866985	21.512478855621055	011111111111111100101010101010101010101010101010101010101010101
-0.01657142857142857	0.015714285714285715	saddle_focus	complete	64	0.5646948836277073	21.006377854314707	011111111111111111010101010101010101010101010101010101010101010
-0.01657142857142857	0.016984126984126983	saddle_focus	complete	64	0.5586791373361462	20.241285216962098	011111111111111111101101010101010101010101010101010101010101010
-0.01657142857142857	0.018253968253968255	saddle_focus	complete	64	0.5410523802636638	19.46737046685323	011111111111111111111101010101010101010101010101010101010101010
-0.01657142857142857	0.020793650793650795	saddle_focus	complete	64	0.5203516503811736	17.578795863355303	011111111111111111111111111101010101010101010101010101010101010
-0.01657142857142857	0.022063492063492063	saddle_focus	complete	64	0.5229381954131167	16.159907471710167	011111111111111111111111111111110110101010101010101010101010101
-0.01657142857142857	0.024603174603174603	saddle_focus	complete	64	0.4926645278598851	12.329553338341908	011111111111111111111111111111111111111111111111101010101010101
-0.01657142857142857	0.028412698412698414	saddle_focus	complete	64	0.14017273823867527	8.204933466815953	011111111111111111111111111111111111111111111111111111111111111
-0.016253968253968253	-0.03	saddle_focus	numerical_failure	4	0.17657023183747117	0.5785492287138996	011
-0.016253968253968253	-0.02873015873015873	saddle_focus	numerical_failure	4	0.17503450263213832	0.5752975053626301	011
-0.016253968253968253	-0.02746031746031746	saddle_focus	numerical_failure	4	0.1738886988012503	0.5723997217506481	011
-0.016253968253968253	-0.02619047619047619	saddle_focus	numerical_failure	4	0.17301874900552167	0.5697199563315396	011
-0.016253968253968253	-0.02492063492063492	saddle_focus	numerical_failure	4	0.17234980076075768	0.5671613507106702	011
-0.016253968253968253	-0.02365079365079365	saddle_focus	numerical_failure	5	0.20046352100051523	0.7651116081837727	0110
-0.016253968253968253	-0.02238095238095238	saddle_focus	numerical_failure	5	0.18546766944578308	0.7475854676900203	0111
-0.016253968253968253	-0.021111111111111112	saddle_focus	numerical_failure	5	0.17946782279085527	0.7389855162023793	0111
-0.016253968253968253	-0.01984126984126984	saddle_focus	numerical_failure	5	0.17598193342083757	0.7327866584743519	0111
-0.016253968253968253	-0.018571428571428572	saddle_focus	numerical_failure	5	0.17369415054631354	0.7276397294906685	0111
-0.016253968253968253	-0.0173015873015873	saddle_focus	numerical_failure	5	0.17210779291313272	0.7230282286138995	0111
-0.016253968253968253	-0.016031746031746032	saddle_focus	numerical_failure	5	0.17097937566167565	0.7187018915182609	0111
-0.016253968253968253	-0.014761904761904763	saddle_focus	numerical_failure	6	0.19173529970880154	0.9062618837571668	01110
-0.016253968253968253	-0.013492063492063493	saddle_focus	numerical_failure	6	0.1806776285453915	0.8911060029121098	01111
-0.016253968253968253	-0.012222222222222223	saddle_focus	numerical_failure	6	0.17563778174175715	0.8819983584068352	01111
-0.016253968253968253	-0.010952380952380953	saddle_focus	numerical_failure	7	2.297471978708169	3.1724368590322083	011110
-0.016253968253968253	-0.009682539682539683	saddle_focus	complete	64	1.6602854708743569	70.42812814679023	011110000000000000000000000000000000000000000000000000000000000
-0.016253968253968253	-0.008412698412698413	saddle_focus	complete	64	1.368735891433277	51.531105414512226	011110101010101010101010101010101010101010101010101010101010101
-0.016253968253968253	-0.007142857142857143	saddle_focus	complete	64	1.2001404720621998	44.546274424896296	011111001010101010101010101010101010101010101010101010101010101
-0.016253968253968253	-0.005873015873015873	saddle_focus	complete	64	1.0868432829798684	40.46681415653254	011111001010101010101010101010101010101010101010101010101010101
-0.016253968253968253	-0.004603174603174603	saddle_focus	complete	64	1.003917418579067	37.663240116442054	011111001010101010101010101010101010101010101010101010101010101
-0.016253968253968253	-0.0033333333333333335	saddle_focus	complete	64	0.939196294812846	34.859583705801384	011111100101010101010101010101010101010101010101010101010101010
-0.016253968253968253	-0.0020634920634920637	saddle_focus	complete	64	0.8871066680878736	33.22612941499056	011111100101010101010101010101010101010101010101010101010101010
-0.016253968253968253	-0.0007936507936507937	saddle_focus	complete	64	0.8440188378099625	31.88369484055684	011111100101010101010101010101010101010101010101010101010101010
-0.016253968253968253	0.0004761904761904762	saddle_focus	complete	64	0.8065966137298277	30.73397636514725	011111110010101010101010101010101010101010101010101010101010101
-0.016253968253968253	0.001746031746031746	saddle_focus	complete	64	0.7746630882020691	29.735639332984842	011111110010101010101010101010101010101010101010101010101010101
-0.016253968253968253	0.003015873015873016	saddle_focus	complete	64	0.7498233634104361	28.370680902381096	011111110101010101010101010101010101010101010101010101010101010
-0.016253968253968253	0.004285714285714286	saddle_focus	complete	64	0.7210848966174757	27.586189581022108	011111111001010101010101010101010101010101010101010101010101010
-0.016253968253968253	0.005555555555555556	saddle_focus	complete	64	0.7045850562483911	26.903846055289424	011111111010101010101010101010101010101010101010101010101010101
-0.016253968253968253	0.006825396825396826	saddle_focus	complete	64	0.6778247704060814	26.241643096757038	011111111100101010101010101010101010101010101010101010101010101
-0.016253968253968253	0.008095238095238095	saddle_focus	complete	64	0.6584642046844431	25.231327741651533	011111111110010101010101010101010101010101010101010101010101010
-0.016253968253968253	0.009365079365079364	saddle_focus	complete	64	0.6602112334567167	24.726141938442346	011111111110001010101010101010101010101010101010101010101010101
-0.016253968253968253	0.010634920634920634	saddle_focus	complete	64	0.6257502425733961	24.160120930956932	011111111111001010101010101010101010101010101010101010101010101
-0.016253968253968253	0.011904761904761904	saddle_focus	complete	64	0.6102060851453701	23.29436979325309	011111111111100101010101010101010101010101010101010101010101010
-0.016253968253968253	0.013174603174603174	saddle_focus	complete	64	0.5960760572829606	22.825739899528404	011111111111110010101010101010101010101010101010101010101010101
-0.016253968253968253	0.014444444444444444	saddle_focus	complete	64	0.5837774927576662	22.02150704580862	011111111111111001010101010101010101010101010101010101010101010
-0.016253968253968253	0.015714285714285715	saddle_focus	complete	64	0.5814906667681043	21.266367505792804	011111111111111101010101010101010101010101010101010101010101010
-0.016253968253968253	0.016984126984126983	saddle_focus	complete	64	0.5585041434454769	20.81137066466912	011111111111111111001100101010101010101010101010101010101010101
-0.016253968253968253	0.018253968253968255	saddle_focus	complete	64	0.546428930466651	20.054890824553322	011111111111111111110101010101010101010101010101010101010101010
-0.016253968253968253	0.019523809523809523	saddle_focus	complete	64	0.538303119663258	19.286600189344973	011111111111111111111100110101010101010101010101010101010101010
-0.016253968253968253	0.020793650793650795	saddle_focus	complete	64	0.5255281047830103	18.223341085653914	011111111111111111111111101010101010101010101010101010101010101
-0.016253968253968253	0.022063492063492063	saddle_focus	complete	64	0.5244340889025239	17.139480755441195	011111111111111111111111111101101010101010101010101010101010101
-0.016253968253968253	0.024603174603174603	saddle_focus	complete	64	0.5235844841320398	14.183491166514255	011111111111111111111111111111111111111101101010101010101010101
-0.016253968253968253	0.028412698412698414	saddle_focus	complete	64	0.14844380790034606	8.469585047696311	011111111111111111111111111111111111111111111111111111111111111
-0.015936507936507936	-0.03	saddle_focus	numerical_failure	4	0.17789447141296605	0.5802616898238775	011
-0.015936507936507936	-0.02873015873015873	saddle_focus	numerical_failure	4	0.1758689893764699	0.5765413078951045	011
-0.015936507936507936	-0.02746031746031746	saddle_focus	numerical_failure	4	0.1743951497709072	0.5733483820174532	011
-0.015936507936507936	-0.02619047619047619	saddle_focus	numerical_failure	4	0.17329346353416614	0.5704822253653018	011
-0.015936507936507936	-0.02492063492063492	saddle_focus	numerical_failure	4	0.17245591973604285	0.5678123327072131	011
-0.015936507936507936	-0.02365079365079365	saddle_focus	numerical_failure	4	0.1718095519044619	0.5652442065453337	011
-0.015936507936507936	-0.02238095238095238	saddle_focus	numerical_failure	5	0.1976239082404806	0.7603284246414168	0110
-0.015936507936507936	-0.021111111111111112	saddle_focus	numerical_failure	5	0.1842594257490876	0.744390926421052	0111
-0.015936507936507936	-0.01984126984126984	saddle_focus	numerical_failure	5	0.17858184419821976	0.7360573861147713	0111
-0.015936507936507936	-0.018571428571428572	saddle_focus	numerical_failure	5	0.17523696568382308	0.7299335091458157	0111
-0.015936507936507936	-0.0173015873015873	saddle_focus	numerical_failure	5	0.17303221544079228	0.724798140377837	0111
-0.015936507936507936	-0.016031746031746032	saddle_focus	numerical_failure	5	0.17150209521226256	0.7201719806686016	0111
-0.015936507936507936	-0.014761904761904763	saddle_focus	numerical_failure	5	0.1704155939822195	0.7158238752274596	0111
-0.015936507936507936	-0.013492063492063493	saddle_focus	numerical_failure	6	0.18991711246111154	0.901546901821687	01110
-0.015936507936507936	-0.012222222222222223	saddle_focus	numerical_failure	6	0.17964586636540603	0.8871647300414854	01111
-0.015936507936507936	-0.010952380952380953	saddle_focus	numerical_failure	7	2.309057723759648	3.1873281402549583	011110
-0.015936507936507936	-0.009682539682539683	saddle_focus	complete	64	2.147327517653444	124.74563405600614	011110000000000000000000000000000000000000000000000000000000000
-0.015936507936507936	-0.008412698412698413	saddle_focus	complete	64	1.3779543189513972	52.75759689610209	011110000000000000000000000000000000000000000000000000000000000
-0.015936507936507936	-0.007142857142857143	saddle_focus	complete	64	1.2082007906073584	45.20446000909331	011110101010101010101010101010101010101010101010101010101010101
-0.015936507936507936	-0.005873015873015873	saddle_focus	complete	64	1.0941871934172527	40.96998794164242	011111001010101010101010101010101010101010101010101010101010101
-0.015936507936507936	-0.004603174603174603	saddle_focus	complete	64	1.0106254959067065	38.0849407142478	011111001010101010101010101010101010101010101010101010101010101
-0.015936507936507936	-0.0033333333333333335	saddle_focus	complete	64	0.9461500049740854	35.928653495163516	011111001010101010101010101010101010101010101010101010101010101
-0.015936507936507936	-0.0020634920634920637	saddle_focus	complete	64	0.8932024649515009	33.5692874403144	011111100101010101010101010101010101010101010101010101010101010
-0.015936507936507936	-0.0007936507936507937	saddle_focus	complete	64	0.8496062148531647	32.19448861839492	011111100101010101010101010101010101010101010101010101010101010
-0.015936507936507936	0.0004761904761904762	saddle_focus	complete	64	0.8129863999512454	31.033628006229925	011111100101010101010101010101010101010101010101010101010101010
-0.015936507936507936	0.001746031746031746	saddle_focus	complete	64	0.7799837792063196	30.015870255618434	011111110010101010101010101010101010101010101010101010101010101
-0.015936507936507936	0.003015873015873016	saddle_focus	complete	64	0.751803908967509	29.120951713416897	011111110010101010101010101010101010101010101010101010101010101
-0.015936507936507936	0.004285714285714286	saddle_focus	complete	64	0.7260780241537668	27.852062514599112	011111110101010101010101010101010101010101010101010101010101010
-0.015936507936507936	0.005555555555555556	saddle_focus	complete	64	0.7035419932737619	27.133023196786006	011111111001010101010101010101010101010101010101010101010101010
-0.015936507936507936	0.006825396825396826	saddle_focus	complete	64	0.6831518192672437	26.494569376662703	011111111010101010101010101010101010101010101010101010101010101
-0.015936507936507936	0.008095238095238095	saddle_focus	complete	64	0.6640194003729158	25.8788698495916	011111111100101010101010101010101010101010101010101010101010101
-0.015936507936507936	0.009365079365079364	saddle_focus	complete	64	0.6459387999364834	24.91393580544074	011111111110010101010101010101010101010101010101010101010101010
-0.015936507936507936	0.010634920634920634	saddle_focus	complete	64	0.6402098670063827	24.416583313187463	011111111110101010101010101010101010101010101010101010101010101
-0.015936507936507936	0.011904761904761904	saddle_focus	complete	64	0.6163397299665312	23.89335766972803	011111111111001010101010101010101010101010101010101010101010101
-0.015936507936507936	0.013174603174603174	saddle_focus	complete	64	0.6013366639462556	23.05812772855593	011111111111100101010101010101010101010101010101010101010101010
-0.015936507936507936	0.014444444444444444	saddle_focus	complete	64	0.5882358887110315	22.604275161129188	011111111111110010101010101010101010101010101010101010101010101
-0.015936507936507936	0.015714285714285715	saddle_focus	complete	64	0.5875886580230514	21.998640239827214	011111111111111000101010101010101010101010101010101010101010101
-0.015936507936507936	0.016984126984126983	saddle_focus	complete	64	0.5621350714057587	21.072838100463255	011111111111111101010101010101010101010101010101010101010101010
-0.015936507936507936	0.018253968253968255	saddle_focus	complete	64	0.5588559257272987	20.61662954625168	011111111111111111001010101010101010101010101010101010101010101
-0.015936507936507936	0.019523809523809523	saddle_focus	complete	64	0.5431877730525168	19.881403545094905	011111111111111111110010101010101010101010101010101010101010101
-0.015936507936507936	0.022063492063492063	saddle_focus	complete	64	0.5360775350568106	18.086492871865623	011111111111111111111111101100101010101010101010101010101010101
-0.015936507936507936	0.023333333333333334	saddle_focus	complete	64	0.5347793774302545	16.934798889554763	011111111111111111111111111110001010101010101010101010101010101
-0.015936507936507936	0.025873015873015874	saddle_focus	complete	64	0.49141003624419355	13.926527334901431	011111111111111111111111111111111111111111010101010101010101010
-0.015936507936507936	0.029682539682539682	saddle_focus	complete	64	0.14328938155103543	8.252608477139244	011111111111111111111111111111111111111111111111111111111111111
-0.015936507936507936	0.030952380952380953	saddle_focus	complete	64	0.12774371688883868	7.868288651807091	011111111111111111111111111111111111111111111111111111111111111
-0.01561904761904762	-0.03	saddle_focus	numerical_failure	4	0.17994249306586413	0.5827151903449225	011
-0.01561904761904762	-0.02873015873015873	saddle_focus	numerical_failure	4	0.17715375211716877	0.5782454432468894	011
-0.01561904761904762	-0.02746031746031746	saddle_focus	numerical_failure	4	0.17520551784311234	0.57460465869607	011
-0.01561904761904762	-0.02619047619047619	saddle_focus	numerical_failure	4	0.17378282214284474	0.5714563590294919	011
-0.01561904761904762	-0.02492063492063492	saddle_focus	numerical_failure	4	0.1727175218823796	0.5686110222263967	011
-0.01561904761904762	-0.02365079365079365	saddle_focus	numerical_failure	4	0.17190579661964406	0.5659419346856822	011
-0.01561904761904762	-0.02238095238095238	saddle_focus	numerical_failure	4	0.1712776202121155	0.5633577601921033	011
-0.01561904761904762	-0.021111111111111112	saddle_focus	numerical_failure	5	0.19548143664650175	0.7562674637010494	0110
-0.01561904761904762	-0.01984126984126984	saddle_focus	numerical_failure	5	0.18320899939254431	0.741376253227629	0111
-0.01561904761904762	-0.018571428571428572	saddle_focus	numerical_failure	5	0.1777753769302607	0.7332294419846216	0111
-0.01561904761904762	-0.0173015873015873	saddle_focus	numerical_failure	5	0.1745413030858488	0.7271517761397509	0111
-0.01561904761904762	-0.016031746031746032	saddle_focus	numerical_failure	5	0.17240313551458408	0.7220163790412706	0111
-0.01561904761904762	-0.014761904761904763	saddle_focus	numerical_failure	5	0.17092025685479462	0.7173744255917299	0111
-0.01561904761904762	-0.013492063492063493	saddle_focus	numerical_failure	5	0.16986966990935226	0.7130087243358605	0111
-0.01561904761904762	-0.012222222222222223	saddle_focus	numerical_failure	6	0.18843513963429737	0.8972372540996641	01110
-0.01561904761904762	-0.010952380952380953	saddle_focus	numerical_failure	7	2.322818223410783	3.206229190977387	011110
-0.01561904761904762	-0.009682539682539683	saddle_focus	complete	64	2.1802550778398038	126.68894670722283	011110000000000000000000000000000000000000000000000000000000000
-0.01561904761904762	-0.008412698412698413	saddle_focus	complete	64	1.5034207500386136	87.80710166969652	011110000000000000000000000000000000000000000000000000000000000
-0.01561904761904762	-0.007142857142857143	saddle_focus	complete	64	1.2158924086984833	48.366350003850414	011110000000000000000000000000000000000000000000000000000000000
-0.01561904761904762	-0.005873015873015873	saddle_focus	complete	64	1.1027369307219872	41.86895581651264	011110100000000000000000000000000000000000000000000000000000000
-0.01561904761904762	-0.004603174603174603	saddle_focus	complete	64	1.018322960998777	38.721209175810785	011111000000000000000000000000000000000000000000000000000000000
-0.01561904761904762	-0.0033333333333333335	saddle_focus	complete	64	0.9529080232254521	36.442601669154264	011111001010101010101010101010101010101010101010101010101010101
-0.01561904761904762	-0.0020634920634920637	saddle_focus	complete	64	0.903153715301604	34.19018791568993	011111000101010101010101010101010101010101010101010101010101010
-0.01561904761904762	-0.0007936507936507937	saddle_focus	complete	64	0.8558769152036234	32.59073245821767	011111100101010101010101010101010101010101010101010101010101010
-0.01561904761904762	0.0004761904761904762	saddle_focus	complete	64	0.8184999386965677	31.388681900547564	011111100101010101010101010101010101010101010101010101010101010
-0.01561904761904762	0.001746031746031746	saddle_focus	complete	64	0.7871304215489978	30.35364900228917	011111100101010101010101010101010101010101010101010101010101010
-0.01561904761904762	0.003015873015873016	saddle_focus	complete	64	0.757184424961598	29.430314821414107	011111110010101010101010101010101010101010101010101010101010101
-0.01561904761904762	0.004285714285714286	saddle_focus	complete	64	0.7320272614951651	28.61228913182518	011111110010101010101010101010101010101010101010101010101010101
-0.01561904761904762	0.005555555555555556	saddle_focus	complete	64	0.7085573479190308	27.418744113378743	011111110101010101010101010101010101010101010101010101010101010
-0.01561904761904762	0.006825396825396826	saddle_focus	complete	64	0.6880962680599141	26.74998702369773	011111111001010101010101010101010101010101010101010101010101010
-0.01561904761904762	0.008095238095238095	saddle_focus	complete	64	0.6685003294568195	26.145613414388443	011111111010101010101010101010101010101010101010101010101010101
-0.01561904761904762	0.009365079365079364	saddle_focus	complete	64	0.651772947700942	25.56631252798144	011111111100101010101010101010101010101010101010101010101010101
-0.01561904761904762	0.010634920634920634	saddle_focus	complete	64	0.6347069207269698	24.63918393846187	011111111110010101010101010101010101010101010101010101010101010
-0.01561904761904762	0.011904761904761904	saddle_focus	complete	64	0.6225217536020358	24.15502466386916	011111111110101010101010101010101010101010101010101010101010101
-0.01561904761904762	0.013174603174603174	saddle_focus	complete	64	0.611301896743988	23.648676267824552	011111111111001010101010101010101010101010101010101010101010101
-0.01561904761904762	0.014444444444444444	saddle_focus	complete	64	0.5938545645166706	22.848284294003825	011111111111100101010101010101010101010101010101010101010101010
-0.01561904761904762	0.015714285714285715	saddle_focus	complete	64	0.5824912984757735	22.40366523499831	011111111111110010101010101010101010101010101010101010101010101
-0.01561904761904762	0.016984126984126983	saddle_focus	complete	64	0.5786631996225888	21.669737929179306	011111111111111010101010101010101010101010101010101010101010101
-0.01561904761904762	0.018253968253968255	saddle_focus	complete	64	0.5559661784970356	20.90328803057601	011111111111111110010101010101010101010101010101010101010101010
-0.01561904761904762	0.019523809523809523	saddle_focus	complete	64	0.5552346380389359	20.187711463873352	011111111111111111010101010101010101010101010101010101010101010
-0.01561904761904762	0.020793650793650795	saddle_focus	complete	64	0.5473510173878959	19.457957374899973	011111111111111111110101010101010101010101010101010101010101010
-0.01561904761904762	0.022063492063492063	saddle_focus	complete	64	0.5250456436856261	18.69157423027826	011111111111111111111110010101010101010101010101010101010101010
-0.01561904761904762	0.023333333333333334	saddle_focus	complete	64	0.5158754481829533	17.912469529471522	011111111111111111111111110010101010101010101010101010101010101
-0.01561904761904762	0.025873015873015874	saddle_focus	complete	64	0.5166337758740625	15.362829289535854	011111111111111111111111111111111110101010101010101010101010101
-0.01561904761904762	0.029682539682539682	saddle_focus	complete	64	0.15618505139235594	8.601928743808134	011111111111111111111111111111111111111111111111111111111111111
-0.015301587301587302	-0.03	saddle_focus	numerical_failure	4	0.1832856856973703	0.5864873202231834	011
-0.015301587301587302	-0.02873015873015873	saddle_focus	numerical_failure	4	0.17915159094736222	0.5806773704495639	011
-0.015301587301587302	-0.02746031746031746	saddle_focus	numerical_failure	4	0.17646417623029353	0.5763160043501656	011
-0.015301587301587302	-0.02619047619047619	saddle_focus	numerical_failure	4	0.17457674662349043	0.5727353076139335	011
-0.015301587301587302	-0.02492063492063492	saddle_focus	numerical_failure	4	0.17319546281822296	0.5696195549415957	011
-0.015301587301587302	-0.02365079365079365	saddle_focus	numerical_failure	4	0.1721591666586859	0.5667850974026644	011
-0.015301587301587302	-0.02238095238095238	saddle_focus	numerical_failure	4	0.17136810289361853	0.5641098466979556	011
-0.015301587301587302	-0.021111111111111112	saddle_focus	numerical_failure	4	0.17075353166483115	0.5615037396466095	011
-0.015301587301587302	-0.01984126984126984	saddle_focus	numerical_failure	5	0.19384706217574255	0.7527429373496202	0110
-0.015301587301587302	-0.018571428571428572	saddle_focus	numerical_failure	5	0.18230042146169656	0.7385295463345768	0111
-0.015301587301587302	-0.0173015873015873	saddle_focus	numerical_failure	5	0.17704346060169995	0.730502579270775	0111
-0.015301587301587302	-0.016031746031746032	saddle_focus	numerical_failure	5	0.17389269405944097	0.7244466546178187	0111
-0.015301587301587302	-0.014761904761904763	saddle_focus	numerical_failure	5	0.171806516427371	0.719302971319839	0111
-0.015301587301587302	-0.013492063492063493	saddle_focus	numerical_failure	5	0.1703609845613766	0.7146444844723839	0111
-0.015301587301587302	-0.012222222222222223	saddle_focus	numerical_failure	5	0.1693395696707276	0.7102650710446554	0111
-0.015301587301587302	-0.010952380952380953	saddle_focus	numerical_failure	7	2.339674467780384	3.2329652529237003	011101
-0.015301587301587302	-0.009682539682539683	saddle_focus	complete	64	2.2196370030867314	128.96499592557672	011110000000000000000000000000000000000000000000000000000000000
-0.015301587301587302	-0.008412698412698413	saddle_focus	complete	64	1.513095033152747	88.39684972216023	011110000000000000000000000000000000000000000000000000000000000
-0.015301587301587302	-0.007142857142857143	saddle_focus	complete	64	1.2656236900831739	74.11768151640484	011110000000000000000000000000000000000000000000000000000000000
-0.015301587301587302	-0.005873015873015873	saddle_focus	complete	64	1.1235083788435516	65.92954512156034	011110000000000000000000000000000000000000000000000000000000000
-0.015301587301587302	-0.004603174603174603	saddle_focus	complete	64	1.0258599791817438	59.48026433317126	011110100000000000000000000000000000000000000000000000000000000
-0.015301587301587302	-0.0033333333333333335	saddle_focus	complete	64	0.9611953940611797	37.609755122935816	011111000000000000000000000000000000000000000000000000000000000
-0.015301587301587302	-0.0020634920634920637	saddle_focus	complete	64	0.9077643351073097	35.42190849285247	011111000000000000000000000000000000000000000000000000000000000
-0.015301587301587302	-0.0007936507936507937	saddle_focus	complete	64	0.8663070896994138	33.24741476773099	011111000000000000000000000000000000000000000000000000000000000
-0.015301587301587302	0.0004761904761904762	saddle_focus	complete	64	0.825072998113058	31.8885467072572	011111100101010101010101010101010101010101010101010101010101010
-0.015301587301587302	0.001746031746031746	saddle_focus	complete	64	0.7923798141095242	30.78727230867459	011111100101010101010101010101010101010101010101010101010101010
-0.015301587301587302	0.003015873015873016	saddle_focus	complete	64	0.7665661364281093	29.82964474426583	011111100101010101010101010101010101010101010101010101010101010
-0.015301587301587302	0.004285714285714286	saddle_focus	complete	64	0.7375071115760745	28.967723029342583	011111110010101010101010101010101010101010101010101010101010101
-0.015301587301587302	0.005555555555555556	saddle_focus	complete	64	0.7148338778896242	28.203129873376618	011111110010101010101010101010101010101010101010101010101010101
-0.015301587301587302	0.006825396825396826	saddle_focus	complete	64	0.6931504301252591	27.066027286979697	011111110101010101010101010101010101010101010101010101010101010
-0.015301587301587302	0.008095238095238095	saddle_focus	complete	64	0.6744603578310597	26.433973080887043	011111111001010101010101010101010101010101010101010101010101010
-0.015301587301587302	0.009365079365079364	saddle_focus	complete	64	0.6561177232197877	25.853907401600406	011111111010101010101010101010101010101010101010101010101010101
-0.015301587301587302	0.010634920634920634	saddle_focus	complete	64	0.64093145918355	25.302169878310465	011111111100101010101010101010101010101010101010101010101010101
-0.015301587301587302	0.011904761904761904	saddle_focus	complete	64	0.6246255972004748	24.40565016140012	011111111110010101010101010101010101010101010101010101010101010
-0.015301587301587302	0.013174603174603174	saddle_focus	complete	64	0.6099627215640973	23.93265788235762	011111111110101010101010101010101010101010101010101010101010101
-0.015301587301587302	0.014444444444444444	saddle_focus	complete	64	0.6106050341506735	23.15460938131242	011111111111000101010101010101010101010101010101010101010101010
-0.015301587301587302	0.015714285714285715	saddle_focus	complete	64	0.5907830524133764	22.65788173850985	011111111111100101010101010101010101010101010101010101010101010
-0.015301587301587302	0.016984126984126983	saddle_focus	complete	64	0.589180685906431	21.965515805435075	011111111111110001010101010101010101010101010101010101010101010
-0.015301587301587302	0.018253968253968255	saddle_focus	complete	64	0.5603293152212818	21.49650518245973	011111111111111010101010101010101010101010101010101010101010101
-0.015301587301587302	0.019523809523809523	saddle_focus	complete	64	0.5506469560987233	20.753849643576096	011111111111111110010101010101010101010101010101010101010101010
-0.015301587301587302	0.020793650793650795	saddle_focus	complete	64	0.539262953487464	20.033316449095974	011111111111111111010101010101010101010101010101010101010101010
-0.015301587301587302	0.023333333333333334	saddle_focus	complete	64	0.5305567242265798	18.53609831196687	011111111111111111111110010101010101010101010101010101010101010
-0.015301587301587302	0.024603174603174603	saddle_focus	complete	64	0.5231425355613322	17.514737261433222	011111111111111111111111110101010101010101010101010101010101010
-0.015301587301587302	0.027142857142857142	saddle_focus	complete	64	0.5042324044462623	14.903319080598619	011111111111111111111111111111111111010101010101010101010101010
-0.015301587301587302	0.030952380952380953	saddle_focus	complete	64	0.15018729960815946	8.375429314861346	011111111111111111111111111111111111111111111111111111111111111
-0.014984126984126983	-0.03	saddle_focus	numerical_failure	4	0.18955479531415537	0.5932156721049424	010
-0.014984126984126983	-0.02873015873015873	saddle_focus	numerical_failure	4	0.18241972568248782	0.5844011418366579	011
-0.014984126984126983	-0.02746031746031746	saddle_focus	numerical_failure	4	0.1784324481265807	0.5787498943629064	011
-0.014984126984126983	-0.02619047619047619	saddle_focus	numerical_failure	4	0.17582134622189582	0.574469309875082	011
-0.014984126984126983	-0.02492063492063492	saddle_focus	numerical_failure	4	0.1739809864305833	0.5709325004297156	011
-0.014984126984126983	-0.02365079365079365	saddle_focus	numerical_failure	4	0.17263104875563917	0.5678368879384531	011
-0.014984126984126983	-0.02238095238095238	saddle_focus	numerical_failure	4	0.17161718198674647	0.5650050405823461	011
-0.014984126984126983	-0.021111111111111112	saddle_focus	numerical_failure	4	0.17084111570566873	0.5623166484677767	011
-0.014984126984126983	-0.01984126984126984	saddle_focus	numerical_failure	4	0.17023561625615385	0.5596838355054459	011
-0.014984126984126983	-0.018571428571428572	saddle_focus	numerical_failure	5	0.1926220759313747	0.7496592139602323	0110
-0.014984126984126983	-0.0173015873015873	saddle_focus	numerical_failure	5	0.18152362279633616	0.7358457715315884	0111
-0.014984126984126983	-0.016031746031746032	saddle_focus	numerical_failure	5	0.17638230888200468	0.7278797223333356	0111
-0.014984126984126983	-0.014761904761904763	saddle_focus	numerical_failure	5	0.17328968367714648	0.7218250111567367	0111
-0.014984126984126983	-0.013492063492063493	saddle_focus	numerical_failure	5	0.17124094627328168	0.7166655112098685	0111
-0.014984126984126983	-0.012222222222222223	saddle_focus	numerical_failure	5	0.16982425175432714	0.7119915190316728	0111
-0.014984126984126983	-0.010952380952380953	saddle_focus	numerical_failure	6	2.30153520836643	3.0091374094178596	01110
-0.014984126984126983	-0.009682539682539683	saddle_focus	complete	64	2.264306035198775	131.54458912177267	011101000000000000000000000000000000000000000000000000000000000
-0.014984126984126983	-0.008412698412698413	saddle_focus	complete	64	1.5245249132207461	89.07485450340316	011110000000000000000000000000000000000000000000000000000000000
-0.014984126984126983	-0.007142857142857143	saddle_focus	complete	64	1.2721895574316369	74.51504852102951	011110000000000000000000000000000000000000000000000000000000000
-0.014984126984126983	-0.005873015873015873	saddle_focus	complete	64	1.1289480529257752	66.23128988851165	011110000000000000000000000000000000000000000000000000000000000
-0.014984126984126983	-0.004603174603174603	saddle_focus	complete	64	1.0315214596327387	60.607191116375745	011110000000000000000000000000000000000000000000000000000000000
-0.014984126984126983	-0.0033333333333333335	saddle_focus	complete	64	0.9598419677020056	55.687366587685986	011111000000000000000000000000000000000000000000000000000000000
-0.014984126984126983	-0.0020634920634920637	saddle_focus	complete	64	0.9014435686695852	52.3684459979965	011111000000000000000000000000000000000000000000000000000000000
-0.014984126984126983	-0.0007936507936507937	saddle_focus	complete	64	0.8538638899689306	49.53831675175517	011111000000000000000000000000000000000000000000000000000000000
-0.014984126984126983	0.0004761904761904762	saddle_focus	complete	64	0.83267431882817	33.07265749608713	011111000000000000000000000000000000000000000000000000000000000
-0.014984126984126983	0.001746031746031746	saddle_focus	complete	64	0.7994204293684724	31.551518462693128	011111100000000000000000000000000000000000000000000000000000000
-0.014984126984126983	0.003015873015873016	saddle_focus	complete	64	0.7703218003210912	30.42977504041892	011111100000000000000000000000000000000000000000000000000000000
-0.014984126984126983	0.004285714285714286	saddle_focus	complete	64	0.7485117371714785	29.572358131417246	011111100010101010101010101010101010101010101010101010101010101
-0.014984126984126983	0.005555555555555556	saddle_focus	complete	64	0.7204706460137085	28.638537812871842	011111110010101010101010101010101010101010101010101010101010101
-0.014984126984126983	0.006825396825396826	saddle_focus	complete	64	0.6998709877220777	27.899994701801983	011111110010101010101010101010101010101010101010101010101010101
-0.014984126984126983	0.008095238095238095	saddle_focus	complete	64	0.6795799370907734	26.79793896150162	011111110101010101010101010101010101010101010101010101010101010
-0.014984126984126983	0.009365079365079364	saddle_focus	complete	64	0.6624182419722144	26.187925515604057	011111111001010101010101010101010101010101010101010101010101010
-0.014984126984126983	0.010634920634920634	saddle_focus	complete	64	0.6450784424939293	25.62085771359118	011111111010101010101010101010101010101010101010101010101010101
-0.014984126984126983	0.011904761904761904	saddle_focus	complete	64	0.6313960754013213	25.08791461416	011111111100101010101010101010101010101010101010101010101010101
-0.014984126984126983	0.013174603174603174	saddle_focus	complete	64	0.6155796909189912	24.21428255314078	011111111110010101010101010101010101010101010101010101010101010
-0.014984126984126983	0.014444444444444444	saddle_focus	complete	64	0.6016336213476392	23.748271886240175	011111111110101010101010101010101010101010101010101010101010101
-0.014984126984126983	0.015714285714285715	saddle_focus	complete	64	0.5946104725165893	22.97065662249359	011111111111010101010101010101010101010101010101010101010101010
-0.014984126984126983	0.016984126984126983	saddle_focus	complete	64	0.5895281520583269	22.559049126487512	011111111111100010101010101010101010101010101010101010101010101
-0.014984126984126983	0.018253968253968255	saddle_focus	complete	64	0.5716662936122643	21.787598567928935	011111111111110101010101010101010101010101010101010101010101010
-0.014984126984126983	0.019523809523809523	saddle_focus	complete	64	0.5545705850742446	21.351990495940314	011111111111111100101010101010101010101010101010101010101010101
-0.014984126984126983	0.020793650793650795	saddle_focus	complete	64	0.5466970428852869	20.6228397611807	011111111111111110010101010101010101010101010101010101010101010
-0.014984126984126983	0.022063492063492063	saddle_focus	complete	64	0.5348654810334907	19.904022695758478	011111111111111111100101010101010101010101010101010101010101010
-0.014984126984126983	0.024603174603174603	saddle_focus	complete	64	0.51532653216782	18.4315618944601	011111111111111111111110101010101010101010101010101010101010101
-0.014984126984126983	0.027142857142857142	saddle_focus	complete	64	0.511296757259565	16.247362629373242	011111111111111111111111111111101010101010101010101010101010101
-0.014984126984126983	0.029682539682539682	saddle_focus	complete	64	0.48723609979362337	12.402358275196388	011111111111111111111111111111111111111111111110010101010101010
-0.014984126984126983	0.03349206349206349	saddle_focus	complete	64	0.12482204285891907	7.808966222337989	011111111111111111111111111111111111111111111111111111111111111
-0.014666666666666666	-0.03	saddle_focus	numerical_failure	4	0.20908121041299943	0.6132417383286575	010
-0.014666666666666666	-0.02873015873015873	saddle_focus	numerical_failure	4	0.18852657465779044	0.5909928214770105	010
-0.014666666666666666	-0.02746031746031746	saddle_focus	numerical_failure	4	0.1816657870387754	0.5824681416744459	011
-0.014666666666666666	-0.02619047619047619	saddle_focus	numerical_failure	4	0.17778158101815267	0.5769287874052904	011
-0.014666666666666666	-0.02492063492063492	saddle_focus	numerical_failure	4	0.17522412707856022	0.5727042779691066	011
-0.014666666666666666	-0.02365079365079365	saddle_focus	numerical_failure	4	0.1734170061652075	0.569195505789953	011
-0.014666666666666666	-0.02238095238095238	saddle_focus	numerical_failure	4	0.17208959931982953	0.5661092792579592	011
-0.014666666666666666	-0.021111111111111112	saddle_focus	numerical_failure	4	0.17109061697178002	0.5632715093232739	011
-0.014666666666666666	-0.01984126984126984	saddle_focus	numerical_failure	4	0.1703246245723643	0.5605647217524585	011
-0.014666666666666666	-0.018571428571428572	saddle_focus	numerical_failure	4	0.1697241158855789	0.5579019689362366	011
-0.014666666666666666	-0.0173015873015873	saddle_focus	numerical_failure	5	0.1917565214576531	0.7469714966557507	0110
-0.014666666666666666	-0.016031746031746032	saddle_focus	numerical_failure	5	0.18087467797835988	0.7333266254553751	0111
-0.014666666666666666	-0.014761904761904763	saddle_focus	numerical_failure	5	0.17579249878371483	0.7253679313301178	0111
-0.014666666666666666	-0.013492063492063493	saddle_focus	numerical_failure	5	0.1727322277617892	0.7192948938785214	0111
-0.014666666666666666	-0.012222222222222223	saddle_focus	numerical_failure	5	0.17070657219430652	0.7141136519556245	0111
-0.014666666666666666	-0.010952380952380953	saddle_focus	numerical_failure	6	2.301090739629186	3.0105142146747514	01110
-0.014666666666666666	-0.009682539682539683	saddle_focus	complete	64	2.3138264404382562	136.52160758762057	011100000000000000000000000000000000000000000000000000000000000
-0.014666666666666666	-0.008412698412698413	saddle_focus	complete	64	1.536983401252217	89.81628164943331	011101000000000000000000000000000000000000000000000000000000000
-0.014666666666666666	-0.007142857142857143	saddle_focus	complete	64	1.279446165951517	74.95178500310915	011110000000000000000000000000000000000000000000000000000000000
-0.014666666666666666	-0.005873015873015873	saddle_focus	complete	64	1.1343598648215578	66.5571860701931	011110000000000000000000000000000000000000000000000000000000000
-0.014666666666666666	-0.004603174603174603	saddle_focus	complete	64	1.0364298163766048	60.884251107320054	011110000000000000000000000000000000000000000000000000000000000
-0.014666666666666666	-0.0033333333333333335	saddle_focus	complete	64	0.96360795545732	56.669603731686806	011110000000000000000000000000000000000000000000000000000000000
-0.014666666666666666	-0.0020634920634920637	saddle_focus	complete	64	0.9069295370166481	52.683494007173174	011111000000000000000000000000000000000000000000000000000000000
-0.014666666666666666	-0.0007936507936507937	saddle_focus	complete	64	0.8597368800149474	49.97679171265752	011111000000000000000000000000000000000000000000000000000000000
-0.014666666666666666	0.0004761904761904762	saddle_focus	complete	64	0.8195159242848713	47.672404531945936	011111000000000000000000000000000000000000000000000000000000000
-0.014666666666666666	0.001746031746031746	saddle_focus	complete	64	0.801166933491517	45.155348821676306	011111000000000000000000000000000000000000000000000000000000000
-0.014666666666666666	0.003015873015873016	saddle_focus	complete	64	0.7575730126563558	43.24830945019884	011111100000000000000000000000000000000000000000000000000000000
-0.014666666666666666	0.004285714285714286	saddle_focus	complete	64	0.7511415288099745	30.69438645480026	011111100000000000000000000000000000000000000000000000000000000
-0.014666666666666666	0.005555555555555556	saddle_focus	complete	64	0.7286881346129879	29.489735346864844	011111100000000000000000000000000000000000000000000000000000000
-0.014666666666666666	0.006825396825396826	saddle_focus	complete	64	0.7057268778953287	28.504559396491462	011111110000000000000000000000000000000000000000000000000000000
-0.014666666666666666	0.008095238095238095	saddle_focus	complete	64	0.6868768880954823	27.737901374563442	011111110000101010101010101010101010101010101010101010101010101
-0.014666666666666666	0.009365079365079364	saddle_focus	complete	64	0.6676402617600714	26.635113239477878	011111110101010101010101010101010101010101010101010101010101010
-0.014666666666666666	0.010634920634920634	saddle_focus	complete	64	0.6518137191250553	26.02552548651611	011111111001010101010101010101010101010101010101010101010101010
-0.014666666666666666	0.011904761904761904	saddle_focus	complete	64	0.6352510432687417	25.454852246347844	011111111100101010101010101010101010101010101010101010101010101
-0.014666666666666666	0.013174603174603174	saddle_focus	complete	64	0.6230976344054957	24.930296329602605	011111111100101010101010101010101010101010101010101010101010101
-0.014666666666666666	0.014444444444444444	saddle_focus	complete	64	0.6074803531729964	24.069504810887377	011111111110010101010101010101010101010101010101010101010101010
-0.014666666666666666	0.015714285714285715	saddle_focus	complete	64	0.59412961708352	23.604233423128626	011111111110101010101010101010101010101010101010101010101010101
-0.014666666666666666	0.016984126984126983	saddle_focus	complete	64	0.5817591867440424	22.832470507344734	011111111111010101010101010101010101010101010101010101010101010
-0.014666666666666666	0.018253968253968255	saddle_focus	complete	64	0.5743606231986083	22.409614175655882	011111111111101010101010101010101010101010101010101010101010101
-0.014666666666666666	0.019523809523809523	saddle_focus	complete	64	0.559304707238335	21.659566055987693	011111111111110101010101010101010101010101010101010101010101010
-0.014666666666666666	0.020793650793650795	saddle_focus	complete	64	0.5494215150951165	21.232722567066542	011111111111111100101010101010101010101010101010101010101010101
-0.014666666666666666	0.022063492063492063	saddle_focus	complete	64	0.5430886267801576	20.859203129504703	011111111111111110000010101010101010101010101010101010101010101
-0.014666666666666666	0.023333333333333334	saddle_focus	complete	64	0.5316706079273161	19.794281720726836	011111111111111111100101010101010101010101010101010101010101010
-0.014666666666666666	0.024603174603174603	saddle_focus	complete	64	0.5321147196013798	19.0590366689587	011111111111111111111001010101010101010101010101010101010101010
-0.014666666666666666	0.025873015873015874	saddle_focus	complete	64	0.5130742765871403	18.306722615349234	011111111111111111111111001010101010101010101010101010101010101
-0.014666666666666666	0.027142857142857142	saddle_focus	complete	64	0.5082638034272451	17.246689120791604	011111111111111111111111111010101010101010101010101010101010101
-0.014666666666666666	0.028412698412698414	saddle_focus	complete	64	0.5034664757238687	16.06389799703001	011111111111111111111111111111110010101010101010101010101010101
-0.014666666666666666	0.03222222222222222	saddle_focus	complete	64	0.1628444398950588	8.632231513700754	011111111111111111111111111111111111111111111111111111111111111
-0.01434920634920635	-0.03	saddle_focus	numerical_failure	3	0.1687884285300056	0.404711987334729	01
-0.01434920634920635	-0.02873015873015873	saddle_focus	numerical_failure	4	0.20689863147019272	0.6098892091625469	010
-0.01434920634920635	-0.02746031746031746	saddle_focus	numerical_failure	4	0.18771947167407982	0.5890341774750218	010
-0.01434920634920635	-0.02619047619047619	saddle_focus	numerical_failure	4	0.18102029001367348	0.5806836972422497	011
-0.01434920634920635	-0.02492063492063492	saddle_focus	numerical_failure	4	0.1771962745815424	0.5752118311591482	011
-0.01434920634920635	-0.02365079365079365	saddle_focus	numerical_failure	4	0.1746706959772622	0.5710193081182763	011
-0.01434920634920635	-0.02238095238095238	saddle_focus	numerical_failure	4	0.17288353383204197	0.5675238568951911	011
-0.01434920634920635	-0.021111111111111112	saddle_focus	numerical_failure	4	0.1715695005734545	0.5644370675638828	011
-0.01434920634920635	-0.01984126984126984	saddle_focus	numerical_failure	4	0.17057959288074293	0.5615872695013775	011
-0.01434920634920635	-0.018571428571428572	saddle_focus	numerical_failure	4	0.1698183553700271	0.5588571682488749	011
-0.01434920634920635	-0.0173015873015873	saddle_focus	numerical_failure	4	0.1692183238669785	0.5561613867571962	011
-0.01434920634920635	-0.016031746031746032	saddle_focus	numerical_failure	5	0.1912360724209371	0.7446699563521285	0110
-0.01434920634920635	-0.014761904761904763	saddle_focus	numerical_failure	5	0.18035381040327225	0.7309789463652123	0111
-0.01434920634920635	-0.013492063492063493	saddle_focus	numerical_failure	5	0.17527438448475086	0.7229757761011258	0111
-0.01434920634920635	-0.012222222222222223	saddle_focus	numerical_failure	5	0.17222036696375453	0.7168646180010665	0111
-0.01434920634920635	-0.010952380952380953	saddle_focus	numerical_failure	6	2.3126267467684305	3.0242821781350133	01110
-0.01434920634920635	-0.009682539682539683	saddle_focus	complete	64	2.371799514390025	139.88543244841827	011100000000000000000000000000000000000000000000000000000000000
-0.01434920634920635	-0.008412698412698413	saddle_focus	complete	64	1.5495100492218756	91.90190558780644	011100000000000000000000000000000000000000000000000000000000000
-0.01434920634920635	-0.007142857142857143	saddle_focus	complete	64	1.287191950517078	75.4232557354705	011101000000000000000000000000000000000000000000000000000000000
-0.01434920634920635	-0.005873015873015873	saddle_focus	complete	64	1.1400742196416962	66.90435907955367	011110000000000000000000000000000000000000000000000000000000000
-0.01434920634920635	-0.004603174603174603	saddle_focus	complete	64	1.041207185378796	61.172106930748065	011110000000000000000000000000000000000000000000000000000000000
-0.01434920634920635	-0.0033333333333333335	saddle_focus	complete	64	0.9680554492214253	56.92806862066674	011110000000000000000000000000000000000000000000000000000000000
-0.01434920634920635	-0.0020634920634920637	saddle_focus	complete	64	0.9105546635599624	53.591860410182115	011110000000000000000000000000000000000000000000000000000000000
-0.01434920634920635	-0.0007936507936507937	saddle_focus	complete	64	0.8639986577414138	50.24275624578214	011111000000000000000000000000000000000000000000000000000000000
-0.01434920634920635	0.0004761904761904762	saddle_focus	complete	64	0.8243173121338536	47.95903769934034	011111000000000000000000000000000000000000000000000000000000000
-0.01434920634920635	0.001746031746031746	saddle_focus	complete	64	0.7899677556195814	45.98527241036613	011111000000000000000000000000000000000000000000000000000000000
-0.01434920634920635	0.003015873015873016	saddle_focus	complete	64	0.7758282962877057	43.77849646568709	011111000000000000000000000000000000000000000000000000000000000
-0.01434920634920635	0.004285714285714286	saddle_focus	complete	64	0.7327630950743074	42.16680576969704	011111100000000000000000000000000000000000000000000000000000000
-0.01434920634920635	0.005555555555555556	saddle_focus	complete	64	0.708549781721131	40.72527195891138	011111100000000000000000000000000000000000000000000000000000000
-0.01434920634920635	0.006825396825396826	saddle_focus	complete	64	0.7105580767324302	38.929174780827445	011111100000000000000000000000000000000000000000000000000000000
-0.01434920634920635	0.008095238095238095	saddle_focus	complete	64	0.692327744690068	28.987118435616935	011111110000000000000000000000000000000000000000000000000000000
-0.01434920634920635	0.009365079365079364	saddle_focus	complete	64	0.6752153223754598	27.872508556743707	011111110000000000000000000000000000000000000000000000000000000
-0.01434920634920635	0.010634920634920634	saddle_focus	complete	64	0.6571500104261689	26.64924712356014	011111110100000000000000000000000000000000000000000000000000000
-0.01434920634920635	0.011904761904761904	saddle_focus	complete	64	0.6424889493060069	25.988218096950565	011111111000000000000000000000000000000000000000000000000000000
-0.01434920634920635	0.013174603174603174	saddle_focus	complete	64	0.6265295869142689	25.37952780845784	011111111100101010101010101010101010101010101010101010101010101
-0.01434920634920635	0.014444444444444444	saddle_focus	complete	64	0.6159174683291071	24.847306380532995	011111111100001010101010101010101010101010101010101010101010101
-0.01434920634920635	0.015714285714285715	saddle_focus	complete	64	0.6002541757738453	23.982135895820793	011111111110010101010101010101010101010101010101010101010101010
-0.01434920634920635	0.016984126984126983	saddle_focus	complete	64	0.587391998214084	23.507509104720157	011111111111001010101010101010101010101010101010101010101010101
-0.01434920634920635	0.018253968253968255	saddle_focus	complete	64	0.5755184006510561	22.737255797473832	011111111111010101010101010101010101010101010101010101010101010
-0.01434920634920635	0.019523809523809523	saddle_focus	complete	64	0.5644152867023271	22.30662653692151	011111111111101010101010101010101010101010101010101010101010101
-0.01434920634920635	0.020793650793650795	saddle_focus	complete	64	0.554059940294056	21.56541497773852	011111111111110101010101010101010101010101010101010101010101010
-0.01434920634920635	0.022063492063492063	saddle_focus	complete	64	0.5448755906008076	21.139754357883916	011111111111111100101010101010101010101010101010101010101010101
-0.01434920634920635	0.023333333333333334	saddle_focus	complete	64	0.5396950164532983	20.446375778690363	011111111111111110101010101010101010101010101010101010101010101
-0.01434920634920635	0.025873015873015874	saddle_focus	complete	64	0.5165851399965904	18.98244685042716	011111111111111111111010101010101010101010101010101010101010101
-0.01434920634920635	0.028412698412698414	saddle_focus	complete	64	0.5017726924962131	17.112581781925368	011111111111111111111111111100101010101010101010101010101010101
-0.01434920634920635	0.030952380952380953	saddle_focus	complete	64	0.49349229640353887	14.046855026223161	011111111111111111111111111111111111111100101010101010101010101
-0.01434920634920635	0.034761904761904765	saddle_focus	complete	64	0.12896611355393883	7.8636975445179385	011111111111111111111111111111111111111111111111111111111111111
-0.014031746031746032	-0.03	saddle_focus	numerical_failure	3	0.16898200294882093	0.4053289271162112	01
-0.014031746031746032	-0.02873015873015873	saddle_focus	numerical_failure	3	0.1680934442861182	0.4035659977755821	01
-0.014031746031746032	-0.02746031746031746	saddle_focus	numerical_failure	4	0.20580879477068714	0.6076741041893323	010
-0.014031746031746032	-0.02619047619047619	saddle_focus	numerical_failure	4	0.1871231696316496	0.5873289321823464	010
-0.014031746031746032	-0.02492063492063492	saddle_focus	numerical_failure	4	0.18047952064572703	0.5790447404782486	011
-0.014031746031746032	-0.02365079365079365	saddle_focus	numerical_failure	4	0.17667650279637837	0.5735989454886514	011
-0.014031746031746032	-0.02238095238095238	saddle_focus	numerical_failure	4	0.17416157845184793	0.5694160882168672	011
-0.014031746031746032	-0.021111111111111112	saddle_focus	numerical_failure	4	0.17238123004787592	0.5659198721255748	011
-0.014031746031746032	-0.01984126984126984	saddle_focus	numerical_failure	4	0.17107163174126944	0.5628231798273435	011
-0.014031746031746032	-0.018571428571428572	saddle_focus	numerical_failure	4	0.17008372418994122	0.5599544133808225	011
-0.014031746031746032	-0.0173015873015873	saddle_focus	numerical_failure	4	0.1693226278693778	0.5571978927849891	011
-0.014031746031746032	-0.016031746031746032	saddle_focus	numerical_failure	4	0.16871899087077724	0.554467467482085	011
-0.014031746031746032	-0.014761904761904763	saddle_focus	numerical_failure	5	0.1910759548583837	0.7427761190193342	0110
-0.014031746031746032	-0.013492063492063493	saddle_focus	numerical_failure	5	0.17996749922456368	0.7288155728511173	0111
-0.014031746031746032	-0.012222222222222223	saddle_focus	numerical_failure	5	0.1748317663647425	0.7207138605443749	0111
-0.014031746031746032	-0.010952380952380953	saddle_focus	numerical_failure	6	2.326205153264896	3.040749910668034	01110
-0.014031746031746032	-0.009682539682539683	saddle_focus	complete	64	2.438871451656847	143.77405402799863	011100000000000000000000000000000000000000000000000000000000000
-0.014031746031746032	-0.008412698412698413	saddle_focus	complete	64	1.5639480524295202	92.74377392148659	011100000000000000000000000000000000000000000000000000000000000
-0.014031746031746032	-0.007142857142857143	saddle_focus	complete	64	1.294709901506201	76.95427433864904	011100000000000000000000000000000000000000000000000000000000000
-0.014031746031746032	-0.005873015873015873	saddle_focus	complete	64	1.1460633928314363	67.27532987686267	011101000000000000000000000000000000000000000000000000000000000
-0.014031746031746032	-0.004603174603174603	saddle_focus	complete	64	1.0461268491421105	61.47343641482769	011110000000000000000000000000000000000000000000000000000000000
-0.014031746031746032	-0.0033333333333333335	saddle_focus	complete	64	0.9724160459360847	57.19189830135159	011110000000000000000000000000000000000000000000000000000000000
-0.014031746031746032	-0.0020634920634920637	saddle_focus	complete	64	0.9146646452864573	53.83625800031575	011110000000000000000000000000000000000000000000000000000000000
-0.014031746031746032	-0.0007936507936507937	saddle_focus	complete	64	0.867514174566292	51.09428935947601	011110000000000000000000000000000000000000000000000000000000000
-0.014031746031746032	0.0004761904761904762	saddle_focus	complete	64	0.8282056173906887	48.206349037679104	011111000000000000000000000000000000000000000000000000000000000
-0.014031746031746032	0.001746031746031746	saddle_focus	complete	64	0.7940709619777775	46.23581915922576	011111000000000000000000000000000000000000000000000000000000000
-0.014031746031746032	0.003015873015873016	saddle_focus	complete	64	0.7641300359586936	44.509061328046386	011111000000000000000000000000000000000000000000000000000000000
-0.014031746031746032	0.004285714285714286	saddle_focus	complete	64	0.754308173655712	42.53812582461976	011111000000000000000000000000000000000000000000000000000000000
-0.014031746031746032	0.005555555555555556	saddle_focus	complete	64	0.7134567759434449	41.09462437086315	011111100000000000000000000000000000000000000000000000000000000
-0.014031746031746032	0.006825396825396826	saddle_focus	complete	64	0.6914412781725643	39.81756522610838	011111100000000000000000000000000000000000000000000000000000000
-0.014031746031746032	0.008095238095238095	saddle_focus	complete	64	0.6943987380424532	38.30069590979037	011111100000000000000000000000000000000000000000000000000000000
-0.014031746031746032	0.009365079365079364	saddle_focus	complete	64	0.6542334154188061	37.09298433354893	011111110000000000000000000000000000000000000000000000000000000
-0.014031746031746032	0.010634920634920634	saddle_focus	complete	64	0.6381106716629206	36.03119515483359	011111110000000000000000000000000000000000000000000000000000000
-0.014031746031746032	0.011904761904761904	saddle_focus	complete	64	0.6471302371613277	27.294428148417918	011111110100000000000000000000000000000000000000000000000000000
-0.014031746031746032	0.013174603174603174	saddle_focus	complete	64	0.6335342918611095	26.243068019188332	011111111000000000000000000000000000000000000000000000000000000
-0.014031746031746032	0.014444444444444444	saddle_focus	complete	64	0.6187707584666096	25.46785320879798	011111111100000000000000000000000000000000000000000000000000000
-0.014031746031746032	0.015714285714285715	saddle_focus	complete	64	0.6088447666303787	24.893864977188553	011111111100000000000000000000000000000000000000000000000000000
-0.014031746031746032	0.016984126984126983	saddle_focus	complete	64	0.5938150863433833	23.978021554575747	011111111110000101010101010101010101010101010101010101010101010
-0.014031746031746032	0.018253968253968255	saddle_focus	complete	64	0.581362079141488	23.47408812159024	011111111111001010101010101010101010101010101010101010101010101
-0.014031746031746032	0.019523809523809523	saddle_focus	complete	64	0.5699127883308495	22.694325723540125	011111111111010101010101010101010101010101010101010101010101010
-0.014031746031746032	0.020793650793650795	saddle_focus	complete	64	0.5592376397798557	22.248710944645268	011111111111101010101010101010101010101010101010101010101010101
-0.014031746031746032	0.022063492063492063	saddle_focus	complete	64	0.549345673445147	21.508045049211187	011111111111110101010101010101010101010101010101010101010101010
-0.014031746031746032	0.023333333333333334	saddle_focus	complete	64	0.5409222623679915	21.07706101021693	011111111111111100101010101010101010101010101010101010101010101
-0.014031746031746032	0.024603174603174603	saddle_focus	complete	64	0.5301147777990916	20.364752763204265	011111111111111110101010101010101010101010101010101010101010101
-0.014031746031746032	0.025873015873015874	saddle_focus	complete	64	0.5256725014261301	19.657024607184102	011111111111111111101010101010101010101010101010101010101010101
-0.014031746031746032	0.027142857142857142	saddle_focus	complete	64	0.5131783374081444	18.89325989578047	011111111111111111111100101010101010101010101010101010101010101
-0.014031746031746032	0.029682539682539682	saddle_focus	complete	64	0.4965469329138026	16.764990792717196	011111111111111111111111111101010101010101010101010101010101010
-0.014031746031746032	0.03349206349206349	saddle_focus	complete	64	0.47943217243678227	10.757863184812356	011111111111111111111111111111111111111111111111111111001010101
-0.013714285714285714	-0.03	saddle_focus	numerical_failure	3	0.1692141230203518	0.40602947169325615	01
-0.013714285714285714	-0.02873015873015873	saddle_focus	numerical_failure	3	0.16831390412186722	0.4042084459980137	01
-0.013714285714285714	-0.02746031746031746	saddle_focus	numerical_failure	3	0.16741498853388634	0.40246740900364547	01
-0.013714285714285714	-0.02619047619047619	saddle_focus	numerical_failure	4	0.2056956627471639	0.6064807323676117	010
-0.013714285714285714	-0.02492063492063492	saddle_focus	numerical_failure	4	0.1867384490867171	0.5858774906764764	010
-0.013714285714285714	-0.02365079365079365	saddle_focus	numerical_failure	4	0.18004633180358115	0.5775542941315502	011
-0.013714285714285714	-0.02238095238095238	saddle_focus	numerical_failure	4	0.17622328320159963	0.5720920122123647	011
-0.013714285714285714	-0.021111111111111112	saddle_focus	numerical_failure	4	0.17369763067915467	0.5678967910156131	011
-0.013714285714285714	-0.01984126984126984	saddle_focus	numerical_failure	4	0.17191065767700364	0.5643858227283731	011
-0.013714285714285714	-0.018571428571428572	saddle_focus	numerical_failure	4	0.17059604483459678	0.5612701058365669	011
-0.013714285714285714	-0.0173015873015873	saddle_focus	numerical_failure	4	0.16960382859981277	0.5583771812586417	011
-0.013714285714285714	-0.016031746031746032	saddle_focus	numerical_failure	4	0.1688372726572922	0.5555904475586566	011
-0.013714285714285714	-0.014761904761904763	saddle_focus	numerical_failure	4	0.16822621882886934	0.5528250603268857	011
-0.013714285714285714	-0.013492063492063493	saddle_focus	numerical_failure	5	0.19132703899807246	0.7413460077032837	0110
-0.013714285714285714	-0.012222222222222223	saddle_focus	numerical_failure	5	0.17972732697689942	0.7268551496987987	0111
-0.013714285714285714	-0.010952380952380953	saddle_focus	numerical_failure	6	2.3415523696189666	3.060147490141414	01110
-0.013714285714285714	-0.009682539682539683	saddle_focus	complete	64	2.517111976157728	148.32157090884496	011100000000000000000000000000000000000000000000000000000000000
-0.013714285714285714	-0.008412698412698413	saddle_focus	complete	64	1.5795646906609178	93.65155510240754	011100000000000000000000000000000000000000000000000000000000000
-0.013714285714285714	-0.007142857142857143	saddle_focus	complete	64	1.303403339612712	77.4662682622667	011100000000000000000000000000000000000000000000000000000000000
-0.013714285714285714	-0.005873015873015873	saddle_focus	complete	64	1.1517847234592646	68.55038921604155	011100000000000000000000000000000000000000000000000000000000000
-0.013714285714285714	-0.004603174603174603	saddle_focus	complete	64	1.0512146624079834	61.79345966646513	011101000000000000000000000000000000000000000000000000000000000
-0.013714285714285714	-0.0033333333333333335	saddle_focus	complete	64	0.9768459403353997	57.46544867895662	011110000000000000000000000000000000000000000000000000000000000
-0.013714285714285714	-0.0020634920634920637	saddle_focus	complete	64	0.9187239357699093	54.08340799480729	011110000000000000000000000000000000000000000000000000000000000
-0.013714285714285714	-0.0007936507936507937	saddle_focus	complete	64	0.8713694777419825	51.32752919447878	011110000000000000000000000000000000000000000000000000000000000
-0.013714285714285714	0.0004761904761904762	saddle_focus	complete	64	0.8316253251980421	49.01132577055917	011110000000000000000000000000000000000000000000000000000000000
-0.013714285714285714	0.001746031746031746	saddle_focus	complete	64	0.7977329966314592	46.472175918339204	011110100000000000000000000000000000000000000000000000000000000
-0.013714285714285714	0.003015873015873016	saddle_focus	complete	64	0.7678659798216991	44.742468407138354	011111000000000000000000000000000000000000000000000000000000000
-0.013714285714285714	0.004285714285714286	saddle_focus	complete	64	0.7413813660444655	43.20923168208395	011111000000000000000000000000000000000000000000000000000000000
-0.013714285714285714	0.005555555555555556	saddle_focus	complete	64	0.7354868136609096	41.45531959191603	011111000000000000000000000000000000000000000000000000000000000
-0.013714285714285714	0.006825396825396826	saddle_focus	complete	64	0.6959310968403978	40.11241730660381	011111100000000000000000000000000000000000000000000000000000000
-0.013714285714285714	0.008095238095238095	saddle_focus	complete	64	0.676001303846014	38.956715181766775	011111100000000000000000000000000000000000000000000000000000000
-0.013714285714285714	0.009365079365079364	saddle_focus	complete	64	0.661113751102294	37.847725264818706	011111100000000000000000000000000000000000000000000000000000000
-0.013714285714285714	0.010634920634920634	saddle_focus	complete	64	0.6406439721191988	36.470576093503254	011111110000000000000000000000000000000000000000000000000000000
-0.013714285714285714	0.011904761904761904	saddle_focus	complete	64	0.6244258748863483	35.51550477696857	011111110000000000000000000000000000000000000000000000000000000
-0.013714285714285714	0.013174603174603174	saddle_focus	complete	64	0.6132426424143587	34.23233106191948	011111110100000000000000000000000000000000000000000000000000000
-0.013714285714285714	0.014444444444444444	saddle_focus	complete	64	0.6003414928599229	33.35049295334972	011111111000000000000000000000000000000000000000000000000000000
-0.013714285714285714	0.015714285714285715	saddle_focus	complete	64	0.6107738181397213	26.162365266982842	011111111100000000000000000000000000000000000000000000000000000
-0.013714285714285714	0.016984126984126983	saddle_focus	complete	64	0.5990564577195752	25.641007543534155	011111111100000000000000000000000000000000000000000000000000000
-0.013714285714285714	0.018253968253968255	saddle_focus	complete	64	0.5878947190249764	24.132795558943744	011111111110000000000000000000000000000000000000000000000000000
-0.013714285714285714	0.019523809523809523	saddle_focus	complete	64	0.5759395654115642	23.544143046021638	011111111111000000000000000000000000000000000000000000000000000
-0.013714285714285714	0.020793650793650795	saddle_focus	complete	64	0.5648823116022244	22.72799212792918	011111111111010000000000000000000000000000000000000000000000000
-0.013714285714285714	0.022063492063492063	saddle_focus	complete	64	0.5545849182518654	22.24981933694652	011111111111101010101010101010101010101010101010101010101010101
-0.013714285714285714	0.023333333333333334	saddle_focus	complete	64	0.5451142373636797	21.497741381138816	011111111111111001010101010101010101010101010101010101010101010
-0.013714285714285714	0.024603174603174603	saddle_focus	complete	64	0.5375125716343088	21.052909311713364	011111111111111100101010101010101010101010101010101010101010101
-0.013714285714285714	0.025873015873015874	saddle_focus	complete	64	0.5265643860188964	20.323014382373575	011111111111111110101010101010101010101010101010101010101010101
-0.013714285714285714	0.027142857142857142	saddle_focus	complete	64	0.5177396430466175	19.594617737625647	011111111111111111101010101010101010101010101010101010101010101
-0.013714285714285714	0.028412698412698414	saddle_focus	complete	64	0.5110484673228508	18.835984544027976	011111111111111111111100101010101010101010101010101010101010101
-0.013714285714285714	0.029682539682539682	saddle_focus	complete	64	0.5033987851077253	17.78478199801718	011111111111111111111111100101010101010101010101010101010101010
-0.013714285714285714	0.030952380952380953	saddle_focus	complete	64	0.49582365536137907	16.664885831118184	011111111111111111111111111110010101010101010101010101010101010
-0.013714285714285714	0.034761904761904765	saddle_focus	complete	64	0.4724603341686553	9.952661760861508	011111111111111111111111111111111111111111111111111111111001010
-0.013396825396825397	-0.03	saddle_focus	numerical_failure	3	0.16950336337692892	0.40683571578162053	01
-0.013396825396825397	-0.02873015873015873	saddle_focus	numerical_failure	3	0.16857266203448226	0.40493600270223273	01
-0.013396825396825397	-0.02746031746031746	saddle_focus	numerical_failure	3	0.16766373692534386	0.4031371234897816	01
-0.013396825396825397	-0.02619047619047619	saddle_focus	numerical_failure	3	0.16675468042520833	0.4014158098104401	01
-0.013396825396825397	-0.02492063492063492	saddle_focus	numerical_failure	4	0.20667042992966705	0.6064195418596084	010
-0.013396825396825397	-0.02365079365079365	saddle_focus	numerical_failure	4	0.18657879112064452	0.5846941700093852	010
-0.013396825396825397	-0.02238095238095238	saddle_focus	numerical_failure	4	0.17972721436372807	0.5762190049360103	011
-0.013396825396825397	-0.021111111111111112	saddle_focus	numerical_failure	4	0.1758407557469951	0.5706961118931738	011
-0.013396825396825397	-0.01984126984126984	saddle_focus	numerical_failure	4	0.1732810490916259	0.5664644122471022	011
-0.013396825396825397	-0.018571428571428572	saddle_focus	numerical_failure	4	0.17147338355616876	0.562925114276646	011
-0.013396825396825397	-0.0173015873015873	saddle_focus	numerical_failure	4	0.17014441274265557	0.5597819693359848	011
-0.013396825396825397	-0.016031746031746032	saddle_focus	numerical_failure	4	0.16914043665493123	0.5568593027398213	011
-0.013396825396825397	-0.014761904761904763	saddle_focus	numerical_failure	4	0.1683632279143541	0.5540399723767713	011
-0.013396825396825397	-0.013492063492063493	saddle_focus	numerical_failure	4	0.16774114619102198	0.5512395715928613	011
-0.013396825396825397	-0.012222222222222223	saddle_focus	numerical_failure	5	0.19209028724388566	0.7404875988182118	0110
-0.013396825396825397	-0.010952380952380953	saddle_focus	numerical_failure	6	2.3591768530174306	3.084302102991343	01110
-0.013396825396825397	-0.009682539682539683	saddle_focus	maximum_time	62	2.610130340778532	148.5132966082652	0111000000000000000000000000000000000000000000000000000000000
-0.013396825396825397	-0.008412698412698413	saddle_focus	complete	64	1.5961699359975627	94.62567180599358	011100000000000000000000000000000000000000000000000000000000000
-0.013396825396825397	-0.007142857142857143	saddle_focus	complete	64	1.312698866188505	78.0100827663274	011100000000000000000000000000000000000000000000000000000000000
-0.013396825396825397	-0.005873015873015873	saddle_focus	complete	64	1.1583513399483938	68.94151680761541	011100000000000000000000000000000000000000000000000000000000000
-0.013396825396825397	-0.004603174603174603	saddle_focus	complete	64	1.0560457694324232	62.913831292431944	011100000000000000000000000000000000000000000000000000000000000
-0.013396825396825397	-0.0033333333333333335	saddle_focus	complete	64	0.9813858592750739	57.75536457413271	011101000000000000000000000000000000000000000000000000000000000
-0.013396825396825397	-0.0020634920634920637	saddle_focus	complete	64	0.9228174958837194	54.33836680717023	011110000000000000000000000000000000000000000000000000000000000
-0.013396825396825397	-0.0007936507936507937	saddle_focus	complete	64	0.8751971208574469	51.562404452230815	011110000000000000000000000000000000000000000000000000000000000
-0.013396825396825397	0.0004761904761904762	saddle_focus	complete	64	0.8352814626211056	49.235541078037286	011110000000000000000000000000000000000000000000000000000000000
-0.013396825396825397	0.001746031746031746	saddle_focus	complete	64	0.8010686463266978	47.23765970772346	011110000000000000000000000000000000000000000000000000000000000
-0.013396825396825397	0.003015873015873016	saddle_focus	complete	64	0.7713613421427159	44.97154060709754	011110100000000000000000000000000000000000000000000000000000000
-0.013396825396825397	0.004285714285714286	saddle_focus	complete	64	0.7448737275599662	43.43208987078242	011111000000000000000000000000000000000000000000000000000000000
-0.013396825396825397	0.005555555555555556	saddle_focus	complete	64	0.721173571840998	42.05472485785122	011111000000000000000000000000000000000000000000000000000000000
-0.013396825396825397	0.006825396825396826	saddle_focus	complete	64	0.7001989309333523	40.79180770669922	011111000000000000000000000000000000000000000000000000000000000
-0.013396825396825397	0.008095238095238095	saddle_focus	complete	64	0.6799957747300365	39.21845670638407	011111100000000000000000000000000000000000000000000000000000000
-0.013396825396825397	0.009365079365079364	saddle_focus	complete	64	0.6617954689091889	38.15994626094756	011111100000000000000000000000000000000000000000000000000000000
-0.013396825396825397	0.010634920634920634	saddle_focus	complete	64	0.645894237197107	37.16491609585371	011111100000000000000000000000000000000000000000000000000000000
-0.013396825396825397	0.011904761904761904	saddle_focus	complete	64	0.6291236114448955	35.858786931419466	011111110000000000000000000000000000000000000000000000000000000
-0.013396825396825397	0.013174603174603174	saddle_focus	complete	64	0.6140654216453969	34.98156549580546	011111110000000000000000000000000000000000000000000000000000000
-0.013396825396825397	0.014444444444444444	saddle_focus	complete	64	0.6014647600844536	33.793987705804696	011111110100000000000000000000000000000000000000000000000000000
-0.013396825396825397	0.015714285714285715	saddle_focus	complete	64	0.5876800977240793	32.98675701536202	011111111000000000000000000000000000000000000000000000000000000
-0.013396825396825397	0.016984126984126983	saddle_focus	complete	64	0.5808480280486767	31.869815948917736	011111111100000000000000000000000000000000000000000000000000000
-0.013396825396825397	0.018253968253968255	saddle_focus	complete	64	0.5629496694196181	31.134511562915904	011111111100000000000000000000000000000000000000000000000000000
-0.013396825396825397	0.019523809523809523	saddle_focus	complete	64	0.5805558742087378	24.90153418139795	011111111110000000000000000000000000000000000000000000000000000
-0.013396825396825397	0.020793650793650795	saddle_focus	complete	64	0.5706630900594698	23.860876023740616	011111111111000000000000000000000000000000000000000000000000000
-0.013396825396825397	0.022063492063492063	saddle_focus	complete	64	0.5602537772876781	22.907668439832623	011111111111010000000000000000000000000000000000000000000000000
-0.013396825396825397	0.023333333333333334	saddle_focus	complete	64	0.5503577878302504	22.34740267774595	011111111111101000000000000000000000000000000000000000000000000
-0.013396825396825397	0.024603174603174603	saddle_focus	complete	64	0.5412757103157744	21.558239367904815	011111111111111000000000000000000000000000000000000000000000000
-0.013396825396825397	0.025873015873015874	saddle_focus	complete	64	0.5344180971859083	21.084377316868597	011111111111111100001010101010101010101010101010101010101010101
-0.013396825396825397	0.028412698412698414	saddle_focus	complete	64	0.514883143760493	19.57739679798297	011111111111111111101010101010101010101010101010101010101010101
-0.013396825396825397	0.030952380952380953	saddle_focus	complete	64	0.5073370256875789	17.76566150813703	011111111111111111111111100001010101010101010101010101010101010
-0.013396825396825397	0.03349206349206349	saddle_focus	complete	64	0.49426872554550805	15.097011098613038	011111111111111111111111111111111110000101010101010101010101010
-0.013396825396825397	0.0373015873015873	saddle_focus	complete	64	0.13363393238163024	7.9113441346872	011111111111111111111111111111111111111111111111111111111111111
-0.01307936507936508	-0.03	saddle_focus	numerical_failure	3	0.1698744327505942	0.40777646101479204	01
-0.01307936507936508	-0.02873015873015873	saddle_focus	numerical_failure	3	0.16888992001440287	0.4057733285813284	01
-0.01307936507936508	-0.02746031746031746	saddle_focus	numerical_failure	3	0.16795168945975336	0.40389517975404116	01
-0.01307936507936508	-0.02619047619047619	saddle_focus	numerical_failure	3	0.16703364758080663	0.402115493583936	01
-0.01307936507936508	-0.02492063492063492	saddle_focus	numerical_failure	3	0.16611408734790936	0.40041089953901804	01
-0.01307936507936508	-0.02365079365079365	saddle_focus	numerical_failure	4	0.20916405438513724	0.607922051759027	010
-0.01307936507936508	-0.02238095238095238	saddle_focus	numerical_failure	4	0.18667365035021893	0.583808192362693	010
-0.01307936507936508	-0.021111111111111112	saddle_focus	numerical_failure	4	0.1795323894734892	0.5750499300458223	011
-0.01307936507936508	-0.01984126984126984	saddle_focus	numerical_failure	4	0.1755341826748512	0.5694178059306886	011
-0.01307936507936508	-0.018571428571428572	saddle_focus	numerical_failure	4	0.17291608119389745	0.5651254126899348	011
-0.01307936507936508	-0.0173015873015873	saddle_focus	numerical_failure	4	0.17107196787809353	0.5615427088966983	011
-0.01307936507936508	-0.016031746031746032	saddle_focus	numerical_failure	4	0.16971810069178328	0.5583630423327387	011
-0.01307936507936508	-0.014761904761904763	saddle_focus	numerical_failure	4	0.16869564354227373	0.5554062706308047	011
-0.01307936507936508	-0.013492063492063493	saddle_focus	numerical_failure	4	0.1679023447906059	0.5525521088419331	011
-0.01307936507936508	-0.012222222222222223	saddle_focus	numerical_failure	4	0.1672653407223696	0.5497171068199005	011
-0.01307936507936508	-0.010952380952380953	saddle_focus	numerical_failure	6	2.3812347844476167	3.121630677205106	01101
-0.01307936507936508	-0.009682539682539683	saddle_focus	maximum_time	60	2.7232612791877533	149.4258018724253	01110000000000000000000000000000000000000000000000000000000
-0.01307936507936508	-0.008412698412698413	saddle_focus	complete	64	1.613954603330995	95.67361171479408	011100000000000000000000000000000000000000000000000000000000000
-0.01307936507936508	-0.007142857142857143	saddle_focus	complete	64	1.3223855111311336	78.58412148911412	011100000000000000000000000000000000000000000000000000000000000
-0.01307936507936508	-0.005873015873015873	saddle_focus	complete	64	1.1653265073606984	69.35292068750883	011100000000000000000000000000000000000000000000000000000000000
-0.01307936507936508	-0.004603174603174603	saddle_focus	complete	64	1.0615253314860784	63.24362692219329	011100000000000000000000000000000000000000000000000000000000000
-0.01307936507936508	-0.0033333333333333335	saddle_focus	complete	64	0.985693323937455	58.7687137100523	011100000000000000000000000000000000000000000000000000000000000
-0.01307936507936508	-0.0020634920634920637	saddle_focus	complete	64	0.92698716412554	54.60904750138946	011101000000000000000000000000000000000000000000000000000000000
-0.01307936507936508	-0.0007936507936507937	saddle_focus	complete	64	0.8790425097350458	51.804142659097025	011110000000000000000000000000000000000000000000000000000000000
-0.01307936507936508	0.0004761904761904762	saddle_focus	complete	64	0.8389241247375303	49.461031240527895	011110000000000000000000000000000000000000000000000000000000000
-0.01307936507936508	0.001746031746031746	saddle_focus	complete	64	0.8045652011125364	47.45451378457859	011110000000000000000000000000000000000000000000000000000000000
-0.01307936507936508	0.003015873015873016	saddle_focus	complete	64	0.7746238082138688	45.70260255957547	011110000000000000000000000000000000000000000000000000000000000
-0.01307936507936508	0.004285714285714286	saddle_focus	complete	64	0.7482352669335457	43.65633617206126	011110100000000000000000000000000000000000000000000000000000000
-0.01307936507936508	0.005555555555555556	saddle_focus	complete	64	0.7245101814015316	42.27027572920982	011111000000000000000000000000000000000000000000000000000000000
-0.01307936507936508	0.006825396825396826	saddle_focus	complete	64	0.7030753351390584	41.02100762824029	011111000000000000000000000000000000000000000000000000000000000
-0.01307936507936508	0.008095238095238095	saddle_focus	complete	64	0.6837426260324344	39.87383401968944	011111000000000000000000000000000000000000000000000000000000000
-0.01307936507936508	0.009365079365079364	saddle_focus	complete	64	0.6654630618154318	38.40376992306446	011111100000000000000000000000000000000000000000000000000000000
-0.01307936507936508	0.010634920634920634	saddle_focus	complete	64	0.6487188553809107	37.42587279619175	011111100000000000000000000000000000000000000000000000000000000
-0.01307936507936508	0.011904761904761904	saddle_focus	complete	64	0.6335181768735738	36.509258047655685	011111100000000000000000000000000000000000000000000000000000000
-0.01307936507936508	0.013174603174603174	saddle_focus	complete	64	0.6184620652423076	35.278294604381514	011111110000000000000000000000000000000000000000000000000000000
-0.01307936507936508	0.014444444444444444	saddle_focus	complete	64	0.6045016866072253	34.46314309590336	011111110000000000000000000000000000000000000000000000000000000
-0.01307936507936508	0.015714285714285715	saddle_focus	complete	64	0.593584539253611	33.34805271302049	011111110100000000000000000000000000000000000000000000000000000
-0.01307936507936508	0.016984126984126983	saddle_focus	complete	64	0.5791736239797936	32.59616438623397	011111111000000000000000000000000000000000000000000000000000000
-0.01307936507936508	0.018253968253968255	saddle_focus	complete	64	0.5690433389925409	31.558075188071776	011111111010000000000000000000000000000000000000000000000000000
-0.01307936507936508	0.019523809523809523	saddle_focus	complete	64	0.5555793731048837	30.859333827491596	011111111100000000000000000000000000000000000000000000000000000
-0.01307936507936508	0.020793650793650795	saddle_focus	complete	64	0.5518366512226707	29.86410320435567	011111111110000000000000000000000000000000000000000000000000000
-0.01307936507936508	0.022063492063492063	saddle_focus	complete	64	0.5576067528614335	28.73607104479915	011111111111000000000000000000000000000000000000000000000000000
-0.01307936507936508	0.023333333333333334	saddle_focus	complete	64	0.5548514906815516	23.605086088871456	011111111111010000000000000000000000000000000000000000000000000
-0.01307936507936508	0.024603174603174603	saddle_focus	complete	64	0.5461383604320087	22.67076203898679	011111111111101000000000000000000000000000000000000000000000000
-0.01307936507936508	0.025873015873015874	saddle_focus	complete	64	0.5375531236717963	21.75448337001256	011111111111111000000000000000000000000000000000000000000000000
-0.01307936507936508	0.027142857142857142	saddle_focus	complete	64	0.5307214045396229	21.21264372523008	011111111111111100000000000000000000000000000000000000000000000
-0.01307936507936508	0.029682539682539682	saddle_focus	complete	64	0.5122957855942736	19.612103981622	011111111111111111110000101010101010101010101010101010101010101
-0.01307936507936508	0.03222222222222222	saddle_focus	complete	64	0.49597407058672616	17.74343614513275	011111111111111111111111101010101010101010101010101010101010101
-0.01307936507936508	0.034761904761904765	saddle_focus	complete	64	0.48308048565903494	14.972063545358445	011111111111111111111111111111111111001010101010101010101010101
-0.01307936507936508	0.03857142857142857	saddle_focus	complete	64	0.12839832376567983	7.831290407386351	011111111111111111111111111111111111111111111111111111111111111
-0.012761904761904763	-0.03	saddle_focus	numerical_failure	3	0.17036201239284246	0.40888959901920524	01
-0.012761904761904763	-0.02873015873015873	saddle_focus	numerical_failure	3	0.16929232396667415	0.40675088643496776	01
-0.012761904761904763	-0.02746031746031746	saddle_focus	numerical_failure	3	0.16829928747384718	0.40476655992521404	01
-0.012761904761904763	-0.02619047619047619	saddle_focus	numerical_failure	3	0.16735229102918217	0.40290628156585045	01
-0.012761904761904763	-0.02492063492063492	saddle_focus	numerical_failure	3	0.16642483750373568	0.40114283370756476	01
-0.012761904761904763	-0.02365079365079365	saddle_focus	numerical_failure	3	0.16549524656658482	0.3994525970683495	01
-0.012761904761904763	-0.02238095238095238	saddle_focus	numerical_failure	4	0.2144377660427212	0.612249799262216	010
-0.012761904761904763	-0.021111111111111112	saddle_focus	numerical_failure	4	0.18707387923248903	0.5832716078277533	010
-0.012761904761904763	-0.01984126984126984	saddle_focus	numerical_failure	4	0.17947978007792414	0.574066102421108	011
-0.012761904761904763	-0.018571428571428572	saddle_focus	numerical_failure	4	0.1753132377933434	0.5682676904275342	011
-0.012761904761904763	-0.0173015873015873	saddle_focus	numerical_failure	4	0.17260809454369025	0.5638866133015477	011
-0.012761904761904763	-0.016031746031746032	saddle_focus	numerical_failure	4	0.1707103480952027	0.5602446770894168	011
-0.012761904761904763	-0.014761904761904763	saddle_focus	numerical_failure	4	0.1693201185142698	0.5570193796851055	011
-0.012761904761904763	-0.013492063492063493	saddle_focus	numerical_failure	4	0.16827089294235387	0.5540227426671943	011
-0.012761904761904763	-0.012222222222222223	saddle_focus	numerical_failure	4	0.16745603167001027	0.5511323991424781	011
-0.012761904761904763	-0.010952380952380953	saddle_focus	numerical_failure	5	2.3253877395993694	2.8736509149550673	0110
-0.012761904761904763	-0.009682539682539683	saddle_focus	maximum_time	57	2.864976292559669	148.52439024170934	01101000000000000000000000000000000000000000000000000000
-0.012761904761904763	-0.008412698412698413	saddle_focus	complete	64	1.6330854682010987	96.80621785686736	011100000000000000000000000000000000000000000000000000000000000
-0.012761904761904763	-0.007142857142857143	saddle_focus	complete	64	1.3325555295223155	79.19121607938531	011100000000000000000000000000000000000000000000000000000000000
-0.012761904761904763	-0.005873015873015873	saddle_focus	complete	64	1.1725239522614233	69.78368215979636	011100000000000000000000000000000000000000000000000000000000000
-0.012761904761904763	-0.004603174603174603	saddle_focus	complete	64	1.0673105846508875	63.58791124506914	011100000000000000000000000000000000000000000000000000000000000
-0.012761904761904763	-0.0033333333333333335	saddle_focus	complete	64	0.9905190001048472	59.06176083765422	011100000000000000000000000000000000000000000000000000000000000
-0.012761904761904763	-0.0020634920634920637	saddle_focus	complete	64	0.9309515015800076	55.541870357885536	011100000000000000000000000000000000000000000000000000000000000
-0.012761904761904763	-0.0007936507936507937	saddle_focus	complete	64	0.8829437296195364	52.06233621497949	011101000000000000000000000000000000000000000000000000000000000
-0.012761904761904763	0.0004761904761904762	saddle_focus	complete	64	0.8425771764099039	49.69303624734365	011110000000000000000000000000000000000000000000000000000000000
-0.012761904761904763	0.001746031746031746	saddle_focus	complete	64	0.808055358975311	47.672646362734845	011110000000000000000000000000000000000000000000000000000000000
-0.012761904761904763	0.003015873015873016	saddle_focus	complete	64	0.777988129603771	45.91339218887765	011110000000000000000000000000000000000000000000000000000000000
-0.012761904761904763	0.004285714285714286	saddle_focus	complete	64	0.7514339524237656	44.35661025095237	011110000000000000000000000000000000000000000000000000000000000
-0.012761904761904763	0.005555555555555556	saddle_focus	complete	64	0.7277344069003928	42.49183174146558	011110100000000000000000000000000000000000000000000000000000000
-0.012761904761904763	0.006825396825396826	saddle_focus	complete	64	0.7062929776071227	41.23123025706831	011111000000000000000000000000000000000000000000000000000000000
-0.012761904761904763	0.008095238095238095	saddle_focus	complete	64	0.6867489152971205	40.088898044311726	011111000000000000000000000000000000000000000000000000000000000
-0.012761904761904763	0.009365079365079364	saddle_focus	complete	64	0.6689330705329175	39.0357009244597	011111000000000000000000000000000000000000000000000000000000000
-0.012761904761904763	0.010634920634920634	saddle_focus	complete	64	0.6521614291414171	37.659171591213166	011111100000000000000000000000000000000000000000000000000000000
-0.012761904761904763	0.011904761904761904	saddle_focus	complete	64	0.6366618306813931	36.74931222053084	011111100000000000000000000000000000000000000000000000000000000
-0.012761904761904763	0.013174603174603174	saddle_focus	complete	64	0.6223054691329817	35.897358013071425	011111100000000000000000000000000000000000000000000000000000000
-0.012761904761904763	0.014444444444444444	saddle_focus	complete	64	0.6085081152746126	34.73356485960792	011111110000000000000000000000000000000000000000000000000000000
-0.012761904761904763	0.015714285714285715	saddle_focus	complete	64	0.5955011875143521	33.969785827360454	011111110000000000000000000000000000000000000000000000000000000
-0.012761904761904763	0.016984126984126983	saddle_focus	complete	64	0.5874080050191703	32.917118271554216	011111110100000000000000000000000000000000000000000000000000000
-0.012761904761904763	0.018253968253968255	saddle_focus	complete	64	0.5716116053028237	32.20879882070896	011111111000000000000000000000000000000000000000000000000000000
-0.012761904761904763	0.019523809523809523	saddle_focus	complete	64	0.5628541302898304	31.227886038364023	011111111010000000000000000000000000000000000000000000000000000
-0.012761904761904763	0.020793650793650795	saddle_focus	complete	64	0.5494840183491521	30.56844517691469	011111111100000000000000000000000000000000000000000000000000000
-0.012761904761904763	0.022063492063492063	saddle_focus	complete	64	0.5418751878849095	29.632593727192393	011111111110000000000000000000000000000000000000000000000000000
-0.012761904761904763	0.023333333333333334	saddle_focus	complete	64	0.5363418975023699	28.72075442360523	011111111110100000000000000000000000000000000000000000000000000
-0.012761904761904763	0.024603174603174603	saddle_focus	complete	64	0.5357221234200793	27.799652570190514	011111111111010000000000000000000000000000000000000000000000000
-0.012761904761904763	0.025873015873015874	saddle_focus	complete	64	0.5379352937787352	26.649368059337792	011111111111101000000000000000000000000000000000000000000000000
-0.012761904761904763	0.027142857142857142	saddle_focus	complete	64	0.5325639075198652	22.410416658408202	011111111111111000000000000000000000000000000000000000000000000
-0.012761904761904763	0.028412698412698414	saddle_focus	complete	64	0.5252204298245404	21.58663080253799	011111111111111100000000000000000000000000000000000000000000000
-0.012761904761904763	0.029682539682539682	saddle_focus	complete	64	0.5173938902919346	20.583770481006923	011111111111111111000000000000000000000000000000000000000000000
-0.012761904761904763	0.030952380952380953	saddle_focus	complete	64	0.5097042106382399	19.728968237065338	011111111111111111110000000000000000000000000000000000000000000
-0.012761904761904763	0.03349206349206349	saddle_focus	complete	64	0.4940357818775709	17.756426964460047	011111111111111111111111101000000000000000000000000000000000000
-0.012761904761904763	0.0373015873015873	saddle_focus	complete	64	0.4777923042639456	12.400729453333074	011111111111111111111111111111111111111111111100000101010101010
-0.012444444444444444	-0.02746031746031746	saddle_focus	numerical_failure	3	0.16873667716375151	0.40578579779588647	01
-0.012444444444444444	-0.02619047619047619	saddle_focus	numerical_failure	3	0.16773333573121546	0.403815921172239	01
-0.012444444444444444	-0.02492063492063492	saddle_focus	numerical_failure	3	0.1667762420963532	0.4019695830884992	01
-0.012444444444444444	-0.02365079365079365	saddle_focus	numerical_failure	3	0.16583972087448384	0.4002199635143403	01
-0.012444444444444444	-0.02238095238095238	saddle_focus	numerical_failure	3	0.16490020927397425	0.39854170326750177	01
-0.012444444444444444	-0.021111111111111112	saddle_focus	numerical_failure	4	0.2280036714267895	0.6249150587241529	010
-0.012444444444444444	-0.01984126984126984	saddle_focus	numerical_failure	4	0.18786683554721373	0.5831718787157211	010
-0.012444444444444444	-0.018571428571428572	saddle_focus	numerical_failure	4	0.17959536434147444	0.5732945390323486	011
-0.012444444444444444	-0.0173015873015873	saddle_focus	numerical_failure	4	0.1751901949518394	0.5672598693034155	011
-0.012444444444444444	-0.016031746031746032	saddle_focus	numerical_failure	4	0.17236383136071298	0.5627569382081614	011
-0.012444444444444444	-0.014761904761904763	saddle_focus	numerical_failure	4	0.1703934414899516	0.5590383197692503	011
-0.012444444444444444	-0.013492063492063493	saddle_focus	numerical_failure	4	0.16895400947281514	0.5557568848001915	011
-0.012444444444444444	-0.012222222222222223	saddle_focus	numerical_failure	4	0.1678693920582338	0.5527155279059239	011
-0.012444444444444444	-0.010952380952380953	saddle_focus	numerical_failure	5	2.3370475728338955	2.886834482850047	0110
-0.012444444444444444	-0.009682539682539683	saddle_focus	maximum_time	53	3.0491504318978	148.54663598974452	0110000000000000000000000000000000000000000000000000
-0.012444444444444444	-0.008412698412698413	saddle_focus	complete	64	1.6537454672380876	98.04817002011428	011010000000000000000000000000000000000000000000000000000000000
-0.012444444444444444	-0.007142857142857143	saddle_focus	complete	64	1.343269412630165	79.83681962549142	011100000000000000000000000000000000000000000000000000000000000
-0.012444444444444444	-0.005873015873015873	saddle_focus	complete	64	1.180007637685723	70.23588978032227	011100000000000000000000000000000000000000000000000000000000000
-0.012444444444444444	-0.004603174603174603	saddle_focus	complete	64	1.0732454351683005	63.946520510911874	011100000000000000000000000000000000000000000000000000000000000
-0.012444444444444444	-0.0033333333333333335	saddle_focus	complete	64	0.9955821920928043	59.36588969708969	011100000000000000000000000000000000000000000000000000000000000
-0.012444444444444444	-0.0020634920634920637	saddle_focus	complete	64	0.9353427250033792	55.81054921628583	011100000000000000000000000000000000000000000000000000000000000
-0.012444444444444444	-0.0007936507936507937	saddle_focus	complete	64	0.8866661385175982	52.93072927833646	011100000000000000000000000000000000000000000000000000000000000
-0.012444444444444444	0.0004761904761904762	saddle_focus	complete	64	0.8462732680233171	49.943861768755056	011101000000000000000000000000000000000000000000000000000000000
-0.012444444444444444	0.001746031746031746	saddle_focus	complete	64	0.8115542626675551	47.89739905562736	011110000000000000000000000000000000000000000000000000000000000
-0.012444444444444444	0.003015873015873016	saddle_focus	complete	64	0.7813504647425424	46.12567341316757	011110000000000000000000000000000000000000000000000000000000000
-0.012444444444444444	0.004285714285714286	saddle_focus	complete	64	0.7546861828543716	44.562359099754424	011110000000000000000000000000000000000000000000000000000000000
-0.012444444444444444	0.005555555555555556	saddle_focus	complete	64	0.7308773085623712	43.1637288711298	011110000000000000000000000000000000000000000000000000000000000
-0.012444444444444444	0.006825396825396826	saddle_focus	complete	64	0.7094146229608409	41.452520405333345	011110100000000000000000000000000000000000000000000000000000000
-0.012444444444444444	0.008095238095238095	saddle_focus	complete	64	0.689868253946011	40.295216714516016	011111000000000000000000000000000000000000000000000000000000000
-0.012444444444444444	0.009365079365079364	saddle_focus	complete	64	0.6719270805927215	39.243270884771775	011111000000000000000000000000000000000000000000000000000000000
-0.012444444444444444	0.010634920634920634	saddle_focus	complete	64	0.6554305979919861	38.269688302137716	011111000000000000000000000000000000000000000000000000000000000
-0.012444444444444444	0.011904761904761904	saddle_focus	complete	64	0.6399371032481116	36.976685175102745	011111010000000000000000000000000000000000000000000000000000000
-0.012444444444444444	0.013174603174603174	saddle_focus	complete	64	0.6255158645902608	36.124620485341374	011111100000000000000000000000000000000000000000000000000000000
-0.012444444444444444	0.014444444444444444	saddle_focus	complete	64	0.6119687731208574	35.32783358883561	011111100000000000000000000000000000000000000000000000000000000
-0.012444444444444444	0.015714285714285715	saddle_focus	complete	64	0.5992012056346829	34.224637667674045	011111110000000000000000000000000000000000000000000000000000000
-0.012444444444444444	0.016984126984126983	saddle_focus	complete	64	0.587023189231473	33.50406322665248	011111110000000000000000000000000000000000000000000000000000000
-0.012444444444444444	0.018253968253968255	saddle_focus	complete	64	0.5832029541461929	32.50898812213941	011111110100000000000000000000000000000000000000000000000000000
-0.012444444444444444	0.019523809523809523	saddle_focus	complete	64	0.5645153704283716	31.834074459525308	011111111000000000000000000000000000000000000000000000000000000
-0.012444444444444444	0.020793650793650795	saddle_focus	complete	64	0.5595420269774214	30.903762830342007	011111111010000000000000000000000000000000000000000000000000000
-0.012444444444444444	0.022063492063492063	saddle_focus	complete	64	0.5437273085649812	30.27592385006917	011111111100000000000000000000000000000000000000000000000000000
-0.012444444444444444	0.023333333333333334	saddle_focus	complete	64	0.5352136257482623	29.383651684688207	011111111110000000000000000000000000000000000000000000000000000
-0.012444444444444444	0.024603174603174603	saddle_focus	complete	64	0.5286698005475345	28.52102323026019	011111111110100000000000000000000000000000000000000000000000000
-0.012444444444444444	0.025873015873015874	saddle_focus	complete	64	0.5316931379131811	27.68091122031729	011111111111010000000000000000000000000000000000000000000000000
-0.012444444444444444	0.027142857142857142	saddle_focus	complete	64	0.5233701151475634	26.83013995197074	011111111111101000000000000000000000000000000000000000000000000
-0.012444444444444444	0.028412698412698414	saddle_focus	complete	64	0.5159219843003937	25.95365635751985	011111111111110100000000000000000000000000000000000000000000000
-0.012444444444444444	0.029682539682539682	saddle_focus	complete	64	0.5045450781823395	25.144022721237203	011111111111111100000000000000000000000000000000000000000000000
-0.012444444444444444	0.030952380952380953	saddle_focus	complete	64	0.5129696052058677	21.15494904778961	011111111111111111000000000000000000000000000000000000000000000
-0.012444444444444444	0.03222222222222222	saddle_focus	complete	64	0.5063847991357435	20.026379647140036	011111111111111111110000000000000000000000000000000000000000000
-0.012444444444444444	0.03349206349206349	saddle_focus	complete	64	0.4999314161935402	19.2403926182276	011111111111111111111100000000000000000000000000000000000000000
-0.012444444444444444	0.034761904761904765	saddle_focus	complete	64	0.49205318884428273	17.854113369659803	011111111111111111111111101000000000000000000000000000000000000
-0.012444444444444444	0.03857142857142857	saddle_focus	complete	64	0.4750253798884101	12.146909365375878	011111111111111111111111111111111111111111111110000101010101010
-0.012126984126984127	-0.03	saddle_focus	numerical_failure	3	0.17190460550997683	0.41186497160410296	01
-0.012126984126984127	-0.02873015873015873	saddle_focus	numerical_failure	3	0.17051758785978086	0.40930806666402947	01
-0.012126984126984127	-0.02746031746031746	saddle_focus	numerical_failure	3	0.16930372900490648	0.4069973087648252	01
-0.012126984126984127	-0.02619047619047619	saddle_focus	numerical_failure	3	0.16820905046821055	0.40488129823723396	01
-0.012126984126984127	-0.02492063492063492	saddle_focus	numerical_failure	3	0.16719381445977544	0.4029215723375849	01
-0.012126984126984127	-0.02365079365079365	saddle_focus	numerical_failure	3	0.16622636090784634	0.4010861415467383	01
-0.012126984126984127	-0.02238095238095238	saddle_focus	numerical_failure	3	0.1652796823033675	0.39934681126344673	01
-0.012126984126984127	-0.021111111111111112	saddle_focus	numerical_failure	3	0.16433093572909735	0.39767863941936615	01
-0.012126984126984127	-0.01984126984126984	saddle_focus	numerical_failure	3	0.16335766540719582	0.3960567243144891	01
-0.012126984126984127	-0.018571428571428572	saddle_focus	numerical_failure	4	0.1891991808388741	0.5836566340062516	010
-0.012126984126984127	-0.0173015873015873	saddle_focus	numerical_failure	4	0.17991675594597828	0.5727735269364237	011
-0.012126984126984127	-0.016031746031746032	saddle_focus	numerical_failure	4	0.17518318896231955	0.5664137585306942	011
-0.012126984126984127	-0.014761904761904763	saddle_focus	numerical_failure	4	0.17219471475217318	0.5617491930622469	011
-0.012126984126984127	-0.013492063492063493	saddle_focus	numerical_failure	4	0.17012776818779968	0.5579326377980636	011
-0.012126984126984127	-0.012222222222222223	saddle_focus	numerical_failure	4	0.16862512039868371	0.5545836638573757	011
-0.012126984126984127	-0.010952380952380953	saddle_focus	numerical_failure	5	2.352426573799201	2.9039176766105594	0110
-0.012126984126984127	-0.009682539682539683	saddle_focus	maximum_time	49	3.304733515684248	147.60907284854514	011000000000000000000000000000000000000000000000
-0.012126984126984127	-0.008412698412698413	saddle_focus	complete	64	1.6755922946726471	100.75846545669704	011000000000000000000000000000000000000000000000000000000000000
-0.012126984126984127	-0.007142857142857143	saddle_focus	complete	64	1.3545824209004134	80.54699412084094	011010000000000000000000000000000000000000000000000000000000000
-0.012126984126984127	-0.005873015873015873	saddle_focus	complete	64	1.1878141979952004	70.71455939039294	011010000000000000000000000000000000000000000000000000000000000
-0.012126984126984127	-0.004603174603174603	saddle_focus	complete	64	1.0793789907977525	64.32149989992665	011100000000000000000000000000000000000000000000000000000000000
-0.012126984126984127	-0.0033333333333333335	saddle_focus	complete	64	1.0007573480605982	59.681533249825456	011100000000000000000000000000000000000000000000000000000000000
-0.012126984126984127	-0.0020634920634920637	saddle_focus	complete	64	0.9399207425012814	56.08814375366015	011100000000000000000000000000000000000000000000000000000000000
-0.012126984126984127	-0.0007936507936507937	saddle_focus	complete	64	0.8907481196477625	53.18211393363464	011100000000000000000000000000000000000000000000000000000000000
-0.012126984126984127	0.0004761904761904762	saddle_focus	complete	64	0.849816307608183	50.757772050736286	011100000000000000000000000000000000000000000000000000000000000
-0.012126984126984127	0.001746031746031746	saddle_focus	complete	64	0.8150876075694113	48.14620147176672	011101000000000000000000000000000000000000000000000000000000000
-0.012126984126984127	0.003015873015873016	saddle_focus	complete	64	0.7847218674342915	46.345115733150855	011110000000000000000000000000000000000000000000000000000000000
-0.012126984126984127	0.004285714285714286	saddle_focus	complete	64	0.7579398501093626	44.7699721245516	011110000000000000000000000000000000000000000000000000000000000
-0.012126984126984127	0.005555555555555556	saddle_focus	complete	64	0.73403194312169	43.36526674406301	011110000000000000000000000000000000000000000000000000000000000
-0.012126984126984127	0.006825396825396826	saddle_focus	complete	64	0.712489369461009	42.09711282125928	011110000000000000000000000000000000000000000000000000000000000
-0.012126984126984127	0.008095238095238095	saddle_focus	complete	64	0.6961903126144533	40.520068590402715	011110100000000000000000000000000000000000000000000000000000000
-0.012126984126984127	0.009365079365079364	saddle_focus	complete	64	0.6749633618842679	39.44687956395516	011111000000000000000000000000000000000000000000000000000000000
-0.012126984126984127	0.010634920634920634	saddle_focus	complete	64	0.6583963071319627	38.47205986830835	011111000000000000000000000000000000000000000000000000000000000
-0.012126984126984127	0.011904761904761904	saddle_focus	complete	64	0.6430472322156837	37.566967507857875	011111000000000000000000000000000000000000000000000000000000000
-0.012126984126984127	0.013174603174603174	saddle_focus	complete	64	0.6286609333463082	36.34992983242578	011111010000000000000000000000000000000000000000000000000000000
-0.012126984126984127	0.014444444444444444	saddle_focus	complete	64	0.6151836016888357	35.5465802261716	011111100000000000000000000000000000000000000000000000000000000
-0.012126984126984127	0.015714285714285715	saddle_focus	complete	64	0.6024490034012189	34.79758788910391	011111100000000000000000000000000000000000000000000000000000000
-0.012126984126984127	0.016984126984126983	saddle_focus	complete	64	0.5904902125706384	33.7503909656394	011111101000000000000000000000000000000000000000000000000000000
-0.012126984126984127	0.018253968253968255	saddle_focus	complete	64	0.5790391737943761	33.06595243256071	011111110000000000000000000000000000000000000000000000000000000
-0.012126984126984127	0.019523809523809523	saddle_focus	complete	64	0.5816202922231306	32.131121329274094	011111110100000000000000000000000000000000000000000000000000000
-0.012126984126984127	0.020793650793650795	saddle_focus	complete	64	0.5577883203308849	31.475914820041545	011111111000000000000000000000000000000000000000000000000000000
-0.012126984126984127	0.022063492063492063	saddle_focus	complete	64	0.5586582606933006	30.595725901408866	011111111010000000000000000000000000000000000000000000000000000
-0.012126984126984127	0.023333333333333334	saddle_focus	complete	64	0.5381790686874437	29.989108066336144	011111111100000000000000000000000000000000000000000000000000000
-0.012126984126984127	0.024603174603174603	saddle_focus	complete	64	0.5295835179523456	29.134781539837256	011111111110000000000000000000000000000000000000000000000000000
-0.012126984126984127	0.025873015873015874	saddle_focus	complete	64	0.528993372555395	28.313874025108447	011111111110100000000000000000000000000000000000000000000000000
-0.012126984126984127	0.027142857142857142	saddle_focus	complete	64	0.5345007404254352	27.53335677179468	011111111111000000000000000000000000000000000000000000000000000
-0.012126984126984127	0.028412698412698414	saddle_focus	complete	64	0.5265566213598909	26.723152251430008	011111111111100000000000000000000000000000000000000000000000000
-0.012126984126984127	0.029682539682539682	saddle_focus	complete	64	0.5034175216863894	25.88457032442162	011111111111110100000000000000000000000000000000000000000000000
-0.012126984126984127	0.03222222222222222	saddle_focus	complete	64	0.5005877473114229	23.976318088172196	011111111111111110100000000000000000000000000000000000000000000
-0.012126984126984127	0.03349206349206349	saddle_focus	complete	64	0.49961179695155744	22.523790089921192	011111111111111111101000000000000000000000000000000000000000000
-0.012126984126984127	0.03603174603174603	saddle_focus	complete	64	0.4894305363315503	18.105854656527978	011111111111111111111111101000000000000000000000000000000000000
-0.01180952380952381	-0.02873015873015873	saddle_focus	numerical_failure	3	0.1714739120384994	0.411027762368907	01
-0.01180952380952381	-0.02619047619047619	saddle_focus	numerical_failure	3	0.16882358286541646	0.4061514247452203	01
-0.01180952380952381	-0.02492063492063492	saddle_focus	numerical_failure	3	0.16771204115300145	0.40403873488969416	01
-0.01180952380952381	-0.02365079365079365	saddle_focus	numerical_failure	3	0.16668296762008653	0.40208476435724333	01
-0.01180952380952381	-0.02238095238095238	saddle_focus	numerical_failure	3	0.16570363738138483	0.40025602351813766	01
-0.01180952380952381	-0.021111111111111112	saddle_focus	numerical_failure	3	0.16474706964132899	0.3985245780155135	01
-0.01180952380952381	-0.01984126984126984	saddle_focus	numerical_failure	3	0.16378907090913022	0.3968638735644393	01
-0.01180952380952381	-0.018571428571428572	saddle_focus	numerical_failure	3	0.16280761681402056	0.3952492575952372	01
-0.01180952380952381	-0.0173015873015873	saddle_focus	numerical_failure	4	0.1913428178472445	0.5849992140317452	010
-0.01180952380952381	-0.016031746031746032	saddle_focus	numerical_failure	4	0.18050228580773625	0.5725632797505368	011
-0.01180952380952381	-0.014761904761904763	saddle_focus	numerical_failure	4	0.17531610272737697	0.5657547398652085	011
-0.01180952380952381	-0.013492063492063493	saddle_focus	numerical_failure	4	0.17211408205935375	0.5608790016266203	011
-0.01180952380952381	-0.012222222222222223	saddle_focus	numerical_failure	4	0.16992264435271365	0.5569386071874766	011
-0.01180952380952381	-0.010952380952380953	saddle_focus	numerical_failure	5	2.3696894784129405	2.9231974937207204	0110
-0.01180952380952381	-0.009682539682539683	saddle_focus	maximum_time	45	3.692542632276793	149.91635671477232	01100000000000000000000000000000000000000000
-0.01180952380952381	-0.008412698412698413	saddle_focus	complete	64	1.699994033989225	102.21166922127436	011000000000000000000000000000000000000000000000000000000000000
-0.01180952380952381	-0.007142857142857143	saddle_focus	complete	64	1.3660904983894904	82.32990832885713	011000000000000000000000000000000000000000000000000000000000000
-0.01180952380952381	-0.005873015873015873	saddle_focus	complete	64	1.195959592184917	71.28635762989845	011000000000000000000000000000000000000000000000000000000000000
-0.01180952380952381	-0.004603174603174603	saddle_focus	complete	64	1.0857379115195747	64.71859755594507	011010000000000000000000000000000000000000000000000000000000000
-0.01180952380952381	-0.0033333333333333335	saddle_focus	complete	64	1.0060829998454945	60.01095714777258	011100000000000000000000000000000000000000000000000000000000000
-0.01180952380952381	-0.0020634920634920637	saddle_focus	complete	64	0.9445889967604169	56.37555088661032	011100000000000000000000000000000000000000000000000000000000000
-0.01180952380952381	-0.0007936507936507937	saddle_focus	complete	64	0.8949773899223463	53.44098951515931	011100000000000000000000000000000000000000000000000000000000000
-0.01180952380952381	0.0004761904761904762	saddle_focus	complete	64	0.853666353290391	50.996280998293436	011100000000000000000000000000000000000000000000000000000000000
-0.01180952380952381	0.001746031746031746	saddle_focus	complete	64	0.8184921210084322	48.910735111895214	011100000000000000000000000000000000000000000000000000000000000
-0.01180952380952381	0.003015873015873016	saddle_focus	complete	64	0.7929692311351378	46.60205422978846	011101000000000000000000000000000000000000000000000000000000000
-0.01180952380952381	0.004285714285714286	saddle_focus	complete	64	0.7612037686760647	44.9858193702536	011110000000000000000000000000000000000000000000000000000000000
-0.01180952380952381	0.005555555555555556	saddle_focus	complete	64	0.7371920360476047	43.56920104433015	011110000000000000000000000000000000000000000000000000000000000
-0.01180952380952381	0.006825396825396826	saddle_focus	complete	64	0.7155584919581313	42.295136459647324	011110000000000000000000000000000000000000000000000000000000000
-0.01180952380952381	0.008095238095238095	saddle_focus	complete	64	0.6959172168939953	41.13623582719677	011110000000000000000000000000000000000000000000000000000000000
-0.01180952380952381	0.009365079365079364	saddle_focus	complete	64	0.6872942952343886	39.68544344430924	011110100000000000000000000000000000000000000000000000000000000
-0.01180952380952381	0.010634920634920634	saddle_focus	complete	64	0.661360079622368	38.67413799196892	011111000000000000000000000000000000000000000000000000000000000
-0.01180952380952381	0.011904761904761904	saddle_focus	complete	64	0.6459846659131223	37.76552871901071	011111000000000000000000000000000000000000000000000000000000000
-0.01180952380952381	0.013174603174603174	saddle_focus	complete	64	0.6316417961878056	36.91993738832715	011111000000000000000000000000000000000000000000000000000000000
-0.01180952380952381	0.014444444444444444	saddle_focus	complete	64	0.6215814155116901	35.77481466648	011111010000000000000000000000000000000000000000000000000000000
-0.01180952380952381	0.015714285714285715	saddle_focus	complete	64	0.6055797184887259	35.01063063181058	011111100000000000000000000000000000000000000000000000000000000
-0.01180952380952381	0.016984126984126983	saddle_focus	complete	64	0.5936092565285271	34.3033534622212	011111100000000000000000000000000000000000000000000000000000000
-0.01180952380952381	0.018253968253968255	saddle_focus	complete	64	0.5843951078171388	33.31024498982527	011111101000000000000000000000000000000000000000000000000000000
-0.01180952380952381	0.019523809523809523	saddle_focus	complete	64	0.5715190280307034	32.65446694859614	011111110000000000000000000000000000000000000000000000000000000
-0.01180952380952381	0.020793650793650795	saddle_focus	complete	64	0.5686852162719238	31.973524280499777	011111110000000000000000000000000000000000000000000000000000000
-0.01180952380952381	0.022063492063492063	saddle_focus	complete	64	0.5514003570421786	31.135920007442973	011111111000000000000000000000000000000000000000000000000000000
-0.01180952380952381	0.023333333333333334	saddle_focus	complete	64	0.5613434539527522	30.32958362838025	011111111000000000000000000000000000000000000000000000000000000
-0.01180952380952381	0.024603174603174603	saddle_focus	complete	64	0.5328291107027479	29.712003162213488	011111111100000000000000000000000000000000000000000000000000000
-0.01180952380952381	0.025873015873015874	saddle_focus	complete	64	0.5244232134780642	28.893016429995853	011111111110000000000000000000000000000000000000000000000000000
-0.01180952380952381	0.027142857142857142	saddle_focus	complete	64	0.5331012636269064	28.122157987011395	011111111110100000000000000000000000000000000000000000000000000
-0.01180952380952381	0.028412698412698414	saddle_focus	complete	64	0.509202886714585	27.55129671942347	011111111111000000000000000000000000000000000000000000000000000
-0.01180952380952381	0.029682539682539682	saddle_focus	complete	64	0.501353377474159	26.768503544011384	011111111111100000000000000000000000000000000000000000000000000
-0.01180952380952381	0.030952380952380953	saddle_focus	complete	64	0.50927075765544	25.778729769356705	011111111111110100000000000000000000000000000000000000000000000
-0.01180952380952381	0.03349206349206349	saddle_focus	complete	64	0.49403917570792766	23.979376733889673	011111111111111110100000000000000000000000000000000000000000000
-0.01180952380952381	0.03603174603174603	saddle_focus	complete	64	0.4726655158337616	21.907082817426783	011111111111111111111100000000000000000000000000000000000000000
-0.01180952380952381	0.03857142857142857	saddle_focus	complete	64	0.47984278476355335	17.189750501758876	011111111111111111111111111111000000000000000000000000000000000
-0.01180952380952381	0.04238095238095238	saddle_focus	complete	64	0.15476229855644696	8.100608668298992	011111111111111111111111111111111111111111111111111111111111111
-0.011492063492063493	-0.03	saddle_focus	numerical_failure	3	0.17495163741411335	0.4166021208448577	01
-0.011492063492063493	-0.02746031746031746	saddle_focus	numerical_failure	3	0.17109265662515172	0.410277886238379	01
-0.011492063492063493	-0.02619047619047619	saddle_focus	numerical_failure	3	0.16964294386895584	0.40769664043061005	01
-0.011492063492063493	-0.02492063492063492	saddle_focus	numerical_failure	3	0.1683806725774927	0.40537594250588577	01
-0.011492063492063493	-0.02365079365079365	saddle_focus	numerical_failure	3	0.1672484857462859	0.40326003773430275	01
-0.011492063492063493	-0.02238095238095238	saddle_focus	numerical_failure	3	0.16620334912565726	0.40130675772283897	01
-0.011492063492063493	-0.021111111111111112	saddle_focus	numerical_failure	3	0.1652109874566703	0.39948103978913	01
-0.011492063492063493	-0.01984126984126984	saddle_focus	numerical_failure	3	0.16424355904304613	0.397753871343117	01
-0.011492063492063493	-0.018571428571428572	saddle_focus	numerical_failure	3	0.16327722470023392	0.39609894778561205	01
-0.011492063492063493	-0.0173015873015873	saddle_focus	numerical_failure	3	0.1622881890325243	0.3944900134426229	01
-0.011492063492063493	-0.016031746031746032	saddle_focus	numerical_failure	4	0.19486377253505666	0.587766754321602	010
-0.011492063492063493	-0.014761904761904763	saddle_focus	numerical_failure	4	0.1814423390624812	0.5727552651636901	011
-0.011492063492063493	-0.013492063492063493	saddle_focus	numerical_failure	4	0.17562515642241971	0.5653207157231023	011
-0.011492063492063493	-0.012222222222222223	saddle_focus	numerical_failure	4	0.17214049973001838	0.5601664050405691	011
-0.011492063492063493	-0.010952380952380953	saddle_focus	numerical_failure	5	2.3886408539748194	2.9447109400813276	0110
-0.011492063492063493	-0.009682539682539683	saddle_focus	maximum_time	38	4.390217963030269	147.10517984686354	0110000000000000000000000000000000000
-0.011492063492063493	-0.008412698412698413	saddle_focus	complete	64	1.7267904309239037	103.80376980215874	011000000000000000000000000000000000000000000000000000000000000
-0.011492063492063493	-0.007142857142857143	saddle_focus	complete	64	1.3787914197301614	83.09303567348591	011000000000000000000000000000000000000000000000000000000000000
-0.011492063492063493	-0.005873015873015873	saddle_focus	complete	64	1.2041184871672095	72.66078807438751	011000000000000000000000000000000000000000000000000000000000000
-0.011492063492063493	-0.004603174603174603	saddle_focus	complete	64	1.092009316938702	65.95318050718869	011000000000000000000000000000000000000000000000000000000000000
-0.011492063492063493	-0.0033333333333333335	saddle_focus	complete	64	1.0115806965309309	60.36161166539029	011010000000000000000000000000000000000000000000000000000000000
-0.011492063492063493	-0.0020634920634920637	saddle_focus	complete	64	0.949378449214231	56.675451079457446	011100000000000000000000000000000000000000000000000000000000000
-0.011492063492063493	-0.0007936507936507937	saddle_focus	complete	64	0.8992834032431256	53.708642080951755	011100000000000000000000000000000000000000000000000000000000000
-0.011492063492063493	0.0004761904761904762	saddle_focus	complete	64	0.8576327761919527	51.24134422758469	011100000000000000000000000000000000000000000000000000000000000
-0.011492063492063493	0.001746031746031746	saddle_focus	complete	64	0.8221620339992126	49.13932172561883	011100000000000000000000000000000000000000000000000000000000000
-0.011492063492063493	0.003015873015873016	saddle_focus	complete	64	0.7914170703152852	47.314516045257584	011100000000000000000000000000000000000000000000000000000000000
-0.011492063492063493	0.004285714285714286	saddle_focus	complete	64	0.7643888031060673	45.69915179776339	011100000000000000000000000000000000000000000000000000000000000
-0.011492063492063493	0.005555555555555556	saddle_focus	complete	64	0.7403644113134078	43.78324294062339	011101000000000000000000000000000000000000000000000000000000000
-0.011492063492063493	0.006825396825396826	saddle_focus	complete	64	0.7186375085818408	42.496287046427035	011110000000000000000000000000000000000000000000000000000000000
-0.011492063492063493	0.008095238095238095	saddle_focus	complete	64	0.6989074003533484	41.33135933393144	011110000000000000000000000000000000000000000000000000000000000
-0.011492063492063493	0.009365079365079364	saddle_focus	complete	64	0.6808787190820986	40.265089670966915	011110000000000000000000000000000000000000000000000000000000000
-0.011492063492063493	0.010634920634920634	saddle_focus	complete	64	0.6647301482119814	39.26718449948718	011110000000000000000000000000000000000000000000000000000000000
-0.011492063492063493	0.011904761904761904	saddle_focus	complete	64	0.6488849987845766	37.967486564092965	011111000000000000000000000000000000000000000000000000000000000
-0.011492063492063493	0.013174603174603174	saddle_focus	complete	64	0.6345509211687288	37.11575170246418	011111000000000000000000000000000000000000000000000000000000000
-0.011492063492063493	0.014444444444444444	saddle_focus	complete	64	0.6211285822868788	36.32220579877577	011111000000000000000000000000000000000000000000000000000000000
-0.011492063492063493	0.015714285714285715	saddle_focus	complete	64	0.6193379226311726	35.254594358042375	011111010000000000000000000000000000000000000000000000000000000
-0.011492063492063493	0.016984126984126983	saddle_focus	complete	64	0.5966284491613751	34.51292964551717	011111100000000000000000000000000000000000000000000000000000000
-0.011492063492063493	0.018253968253968255	saddle_focus	complete	64	0.5853380009270563	33.84208407852209	011111100000000000000000000000000000000000000000000000000000000
-0.011492063492063493	0.019523809523809523	saddle_focus	complete	64	0.5843030882639639	32.90809378848368	011111101000000000000000000000000000000000000000000000000000000
-0.011492063492063493	0.020793650793650795	saddle_focus	complete	64	0.5644313320603458	32.26836504287865	011111110000000000000000000000000000000000000000000000000000000
-0.011492063492063493	0.022063492063492063	saddle_focus	complete	64	0.555283601666605	31.677801763024366	011111110000000000000000000000000000000000000000000000000000000
-0.011492063492063493	0.023333333333333334	saddle_focus	complete	64	0.5453335444763812	30.814780730136896	011111111000000000000000000000000000000000000000000000000000000
-0.011492063492063493	0.024603174603174603	saddle_focus	complete	64	0.5375505674454268	30.258839011834176	011111111000000000000000000000000000000000000000000000000000000
-0.011492063492063493	0.025873015873015874	saddle_focus	complete	64	0.5276859420622153	29.446930699607076	011111111100000000000000000000000000000000000000000000000000000
-0.011492063492063493	0.027142857142857142	saddle_focus	complete	64	0.5217385948502995	28.664113497476933	011111111101000000000000000000000000000000000000000000000000000
-0.011492063492063493	0.028412698412698414	saddle_focus	complete	64	0.513893019053993	28.129581516068853	011111111110000000000000000000000000000000000000000000000000000
-0.011492063492063493	0.029682539682539682	saddle_focus	complete	64	0.503039940864948	27.371912584912064	011111111111000000000000000000000000000000000000000000000000000
-0.011492063492063493	0.030952380952380953	saddle_focus	complete	64	0.49553128018775316	26.614842220549882	011111111111100000000000000000000000000000000000000000000000000
-0.011492063492063493	0.03222222222222222	saddle_focus	complete	64	0.49183091457447103	25.852216419053157	011111111111110000000000000000000000000000000000000000000000000
-0.011492063492063493	0.034761904761904765	saddle_focus	complete	64	0.4779551472296557	24.10888249890544	011111111111111110000000000000000000000000000000000000000000000
-0.011492063492063493	0.0373015873015873	saddle_focus	complete	64	0.4702318346457539	21.865534147490333	011111111111111111111100000000000000000000000000000000000000000
-0.011492063492063493	0.039841269841269844	saddle_focus	complete	64	0.4706888084720715	18.6896061035829	011111111111111111111111111110100000000000000000000000000000000
-0.011492063492063493	0.04365079365079365	saddle_focus	complete	64	0.15432202789436733	8.072860037471399	011111111111111111111111111111111111111111111111111111111111111
-0.011174603174603174	-0.02873015873015873	saddle_focus	numerical_failure	3	0.17477752971544697	0.41606527253208225	01
-0.011174603174603174	-0.02746031746031746	saddle_focus	numerical_failure	3	0.17255257562315962	0.41259116181021194	01
-0.011174603174603174	-0.02619047619047619	saddle_focus	numerical_failure	3	0.17076686728123922	0.409620511040439	01
-0.011174603174603174	-0.02365079365079365	saddle_focus	numerical_failure	3	0.16797828151779326	0.40467309608695484	01
-0.011174603174603174	-0.02238095238095238	saddle_focus	numerical_failure	3	0.16682146939242806	0.40254733640066687	01
-0.011174603174603174	-0.021111111111111112	saddle_focus	numerical_failure	3	0.1657573815236309	0.40058919208343147	01
-0.011174603174603174	-0.01984126984126984	saddle_focus	numerical_failure	3	0.16475012588664842	0.3987621033304494	01
-0.011174603174603174	-0.018571428571428572	saddle_focus	numerical_failure	3	0.16377170420719064	0.3970363040148049	01
-0.011174603174603174	-0.0173015873015873	saddle_focus	numerical_failure	3	0.1627964786513974	0.3953842015684468	01
-0.011174603174603174	-0.016031746031746032	saddle_focus	numerical_failure	3	0.16180119829014378	0.3937796208218071	01
-0.011174603174603174	-0.014761904761904763	saddle_focus	numerical_failure	4	0.20128204056222954	0.5934798864143485	010
-0.011174603174603174	-0.013492063492063493	saddle_focus	numerical_failure	4	0.18288777383016191	0.5735012778527446	010
-0.011174603174603174	-0.012222222222222223	saddle_focus	numerical_failure	4	0.17616152305316163	0.5651637690432112	011
-0.011174603174603174	-0.010952380952380953	saddle_focus	numerical_failure	5	2.4094603808141146	2.9690996401133374	0110
-0.011174603174603174	-0.009682539682539683	saddle_focus	maximum_time	28	6.331604355459849	147.8738607445893	011000000000000000000000000
-0.011174603174603174	-0.008412698412698413	saddle_focus	complete	64	1.7563348058211288	105.5570374575702	011000000000000000000000000000000000000000000000000000000000000
-0.011174603174603174	-0.007142857142857143	saddle_focus	complete	64	1.3923908147174582	83.90583245541922	011000000000000000000000000000000000000000000000000000000000000
-0.011174603174603174	-0.005873015873015873	saddle_focus	complete	64	1.2130762779638715	73.20341558950577	011000000000000000000000000000000000000000000000000000000000000
-0.011174603174603174	-0.004603174603174603	saddle_focus	complete	64	1.0988679534055739	66.36883788952423	011000000000000000000000000000000000000000000000000000000000000
-0.011174603174603174	-0.0033333333333333335	saddle_focus	complete	64	1.0169745914703934	61.46124743562887	011000000000000000000000000000000000000000000000000000000000000
-0.011174603174603174	-0.0020634920634920637	saddle_focus	complete	64	0.9543064265362862	56.99870973664382	011010000000000000000000000000000000000000000000000000000000000
-0.011174603174603174	-0.0007936507936507937	saddle_focus	complete	64	0.9036911490691346	53.98841048807719	011100000000000000000000000000000000000000000000000000000000000
-0.011174603174603174	0.0004761904761904762	saddle_focus	complete	64	0.8616668916918198	51.49462279526422	011100000000000000000000000000000000000000000000000000000000000
-0.011174603174603174	0.001746031746031746	saddle_focus	complete	64	0.8259225154787584	49.37387712758639	011100000000000000000000000000000000000000000000000000000000000
-0.011174603174603174	0.003015873015873016	saddle_focus	complete	64	0.7949417045787575	47.53526645127561	011100000000000000000000000000000000000000000000000000000000000
-0.011174603174603174	0.004285714285714286	saddle_focus	complete	64	0.7676989014387177	45.91662353144947	011100000000000000000000000000000000000000000000000000000000000
-0.011174603174603174	0.005555555555555556	saddle_focus	complete	64	0.7434754649119082	44.472489820687386	011100000000000000000000000000000000000000000000000000000000000
-0.011174603174603174	0.006825396825396826	saddle_focus	complete	64	0.7217303277794966	42.71088916925565	011101000000000000000000000000000000000000000000000000000000000
-0.011174603174603174	0.008095238095238095	saddle_focus	complete	64	0.7019153754301699	41.53062463491816	011110000000000000000000000000000000000000000000000000000000000
-0.011174603174603174	0.009365079365079364	saddle_focus	complete	64	0.6838098312873324	40.457886097919555	011110000000000000000000000000000000000000000000000000000000000
-0.011174603174603174	0.010634920634920634	saddle_focus	complete	64	0.6671586578319193	39.47097458701798	011110000000000000000000000000000000000000000000000000000000000
-0.011174603174603174	0.011904761904761904	saddle_focus	complete	64	0.6518904282426434	38.55329226519793	011110000000000000000000000000000000000000000000000000000000000
-0.011174603174603174	0.013174603174603174	saddle_focus	complete	64	0.6373946271412776	37.31969725894615	011110100000000000000000000000000000000000000000000000000000000
-0.011174603174603174	0.014444444444444444	saddle_focus	complete	64	0.6239769007969467	36.51624906724565	011111000000000000000000000000000000000000000000000000000000000
-0.011174603174603174	0.015714285714285715	saddle_focus	complete	64	0.6113726310521832	35.768405386552445	011111000000000000000000000000000000000000000000000000000000000
-0.011174603174603174	0.016984126984126983	saddle_focus	complete	64	0.6006196478935226	35.04890086667504	011111000000000000000000000000000000000000000000000000000000000
-0.011174603174603174	0.018253968253968255	saddle_focus	complete	64	0.5882653094838823	34.05043177295849	011111100000000000000000000000000000000000000000000000000000000
-0.011174603174603174	0.019523809523809523	saddle_focus	complete	64	0.5775845019276633	33.411066597468036	011111100000000000000000000000000000000000000000000000000000000
-0.011174603174603174	0.020793650793650795	saddle_focus	complete	64	0.5705788822660394	32.77295836692252	011111100000000000000000000000000000000000000000000000000000000
-0.011174603174603174	0.022063492063492063	saddle_focus	complete	64	0.5577455798375954	31.906545774917074	011111110000000000000000000000000000000000000000000000000000000
-0.011174603174603174	0.023333333333333334	saddle_focus	complete	64	0.5483731925961379	31.34425797309844	011111110000000000000000000000000000000000000000000000000000000
-0.011174603174603174	0.024603174603174603	saddle_focus	complete	64	0.5395710422453099	30.513211170087796	011111111000000000000000000000000000000000000000000000000000000
-0.011174603174603174	0.025873015873015874	saddle_focus	complete	64	0.5308087176434428	29.983246048595003	011111111000000000000000000000000000000000000000000000000000000
-0.011174603174603174	0.027142857142857142	saddle_focus	complete	64	0.5227536811673876	29.195599066093408	011111111100000000000000000000000000000000000000000000000000000
-0.011174603174603174	0.028412698412698414	saddle_focus	complete	64	0.529341172508607	28.46414150332694	011111111101000000000000000000000000000000000000000000000000000
-0.011174603174603174	0.029682539682539682	saddle_focus	complete	64	0.506699769487589	27.934498075699143	011111111110000000000000000000000000000000000000000000000000000
-0.011174603174603174	0.030952380952380953	saddle_focus	complete	64	0.49952535676813126	27.191855275003537	011111111111000000000000000000000000000000000000000000000000000
-0.011174603174603174	0.03222222222222222	saddle_focus	complete	64	0.4924300809455562	26.458277263402213	011111111111100000000000000000000000000000000000000000000000000
-0.011174603174603174	0.03349206349206349	saddle_focus	complete	64	0.4850703610792113	25.728883238108097	011111111111110000000000000000000000000000000000000000000000000
-0.011174603174603174	0.03603174603174603	saddle_focus	complete	64	0.4724415975577685	24.030656137792093	011111111111111110000000000000000000000000000000000000000000000
-0.011174603174603174	0.03857142857142857	saddle_focus	complete	64	0.471721088218398	21.844788914789135	011111111111111111111010000000000000000000000000000000000000000
-0.011174603174603174	0.04111111111111111	saddle_focus	complete	64	0.44479808894260486	19.007680519223115	011111111111111111111111111110000000000000000000000000000000000
-0.011174603174603174	0.04492063492063492	saddle_focus	complete	64	0.15603843617351298	8.081076975494577	011111111111111111111111111111111111111111111111111111111111111
-0.010857142857142857	-0.02873015873015873	saddle_focus	numerical_failure	3	0.17783478135601366	0.42009377823193844	01
-0.010857142857142857	-0.02746031746031746	saddle_focus	numerical_failure	3	0.17470812423507553	0.415674098532638	01
-0.010857142857142857	-0.02619047619047619	saddle_focus	numerical_failure	3	0.17236667224023633	0.4120971310374796	01
-0.010857142857142857	-0.02492063492063492	saddle_focus	numerical_failure	3	0.17050339903806497	0.409062370431373	01
-0.010857142857142857	-0.02365079365079365	saddle_focus	numerical_failure	3	0.1689552784676735	0.40641168645171993	01
-0.010857142857142857	-0.02238095238095238	saddle_focus	numerical_failure	3	0.1676208544574302	0.4040468275568829	01
-0.010857142857142857	-0.021111111111111112	saddle_focus	numerical_failure	3	0.1664348158767206	0.4019040650749328	01
-0.010857142857142857	-0.01984126984126984	saddle_focus	numerical_failure	3	0.1653477747608774	0.39993448467530024	01
-0.010857142857142857	-0.018571428571428572	saddle_focus	numerical_failure	3	0.16432448090870252	0.39810193627282375	01
-0.010857142857142857	-0.0173015873015873	saddle_focus	numerical_failure	3	0.16333346905181192	0.39637345908916816	01
-0.010857142857142857	-0.016031746031746032	saddle_focus	numerical_failure	3	0.16234951825627708	0.3947216578687203	01
-0.010857142857142857	-0.014761904761904763	saddle_focus	numerical_failure	3	0.16134863076036257	0.39311976637236445	01
-0.010857142857142857	-0.013492063492063493	saddle_focus	numerical_failure	4	0.21787667636071412	0.60941884302654	010
-0.010857142857142857	-0.012222222222222223	saddle_focus	numerical_failure	4	0.18510764607410346	0.5750715736531984	010
-0.010857142857142857	-0.010952380952380953	saddle_focus	numerical_failure	5	2.432720708357073	2.9980848534925766	0110
-0.010857142857142857	-0.009682539682539683	saddle_focus	numerical_failure	5	1.7146500864446588	2.2739854350587385	0110
-0.010857142857142857	-0.008412698412698413	saddle_focus	complete	64	1.78903537283114	107.50048345821725	011000000000000000000000000000000000000000000000000000000000000
-0.010857142857142857	-0.007142857142857143	saddle_focus	complete	64	1.4069032302645805	84.7732912434322	011000000000000000000000000000000000000000000000000000000000000
-0.010857142857142857	-0.005873015873015873	saddle_focus	complete	64	1.2225858536770906	73.7747213408421	011000000000000000000000000000000000000000000000000000000000000
-0.010857142857142857	-0.004603174603174603	saddle_focus	complete	64	1.1060222802769601	66.80544462198634	011000000000000000000000000000000000000000000000000000000000000
-0.010857142857142857	-0.0033333333333333335	saddle_focus	complete	64	1.022850603403458	61.820751639181125	011000000000000000000000000000000000000000000000000000000000000
-0.010857142857142857	-0.0020634920634920637	saddle_focus	complete	64	0.9591288050786382	57.99718449528243	011000000000000000000000000000000000000000000000000000000000000
-0.010857142857142857	-0.0007936507936507937	saddle_focus	complete	64	0.9082145721702466	54.29934858445594	011010000000000000000000000000000000000000000000000000000000000
-0.010857142857142857	0.0004761904761904762	saddle_focus	complete	64	0.8657891069437593	51.760516300668726	011100000000000000000000000000000000000000000000000000000000000
-0.010857142857142857	0.001746031746031746	saddle_focus	complete	64	0.8297449985373959	49.61648815769267	011100000000000000000000000000000000000000000000000000000000000
-0.010857142857142857	0.003015873015873016	saddle_focus	complete	64	0.7985369598193424	47.76167913349991	011100000000000000000000000000000000000000000000000000000000000
-0.010857142857142857	0.004285714285714286	saddle_focus	complete	64	0.7711031661146885	46.13108582225611	011100000000000000000000000000000000000000000000000000000000000
-0.010857142857142857	0.005555555555555556	saddle_focus	complete	64	0.7466921726936766	44.6790611086913	011100000000000000000000000000000000000000000000000000000000000
-0.010857142857142857	0.006825396825396826	saddle_focus	complete	64	0.7247806282123581	43.37163621268325	011100000000000000000000000000000000000000000000000000000000000
-0.010857142857142857	0.008095238095238095	saddle_focus	complete	64	0.7049392775240084	41.75016761605791	011101000000000000000000000000000000000000000000000000000000000
-0.010857142857142857	0.009365079365079364	saddle_focus	complete	64	0.6867450790620853	40.656298046776946	011110000000000000000000000000000000000000000000000000000000000
-0.010857142857142857	0.010634920634920634	saddle_focus	complete	64	0.6700367134250573	39.66202210899331	011110000000000000000000000000000000000000000000000000000000000
-0.010857142857142857	0.011904761904761904	saddle_focus	complete	64	0.654577889551831	38.74367481420811	011110000000000000000000000000000000000000000000000000000000000
-0.010857142857142857	0.013174603174603174	saddle_focus	complete	64	0.6402850500714918	37.88767423452197	011110000000000000000000000000000000000000000000000000000000000
-0.010857142857142857	0.014444444444444444	saddle_focus	complete	64	0.6267702151527277	36.72642321171915	011110100000000000000000000000000000000000000000000000000000000
-0.010857142857142857	0.015714285714285715	saddle_focus	complete	64	0.6141645191142859	35.9617503583934	011111000000000000000000000000000000000000000000000000000000000
-0.010857142857142857	0.016984126984126983	saddle_focus	complete	64	0.6022885439223624	35.254028883435126	011111000000000000000000000000000000000000000000000000000000000
-0.010857142857142857	0.018253968253968255	saddle_focus	complete	64	0.5913792345025168	34.582816053294714	011111000000000000000000000000000000000000000000000000000000000
-0.010857142857142857	0.019523809523809523	saddle_focus	complete	64	0.5804342593621681	33.62122464244652	011111010000000000000000000000000000000000000000000000000000000
-0.010857142857142857	0.020793650793650795	saddle_focus	complete	64	0.5703025661553891	33.007977561715585	011111100000000000000000000000000000000000000000000000000000000
-0.010857142857142857	0.022063492063492063	saddle_focus	complete	64	0.561098418835962	32.425626416406395	011111100000000000000000000000000000000000000000000000000000000
-0.010857142857142857	0.023333333333333334	saddle_focus	complete	64	0.5514295569733245	31.568491293928382	011111110000000000000000000000000000000000000000000000000000000
-0.010857142857142857	0.024603174603174603	saddle_focus	complete	64	0.5425242018780372	31.027827434054586	011111110000000000000000000000000000000000000000000000000000000
-0.010857142857142857	0.025873015873015874	saddle_focus	complete	64	0.5340948906308647	30.233597696428628	011111110100000000000000000000000000000000000000000000000000000
-0.010857142857142857	0.027142857142857142	saddle_focus	complete	64	0.5258043741156873	29.717938007563617	011111111000000000000000000000000000000000000000000000000000000
-0.010857142857142857	0.028412698412698414	saddle_focus	complete	64	0.5180304159360563	28.96034525818782	011111111010000000000000000000000000000000000000000000000000000
-0.010857142857142857	0.029682539682539682	saddle_focus	complete	64	0.5116447998829565	28.467257587367214	011111111100000000000000000000000000000000000000000000000000000
-0.010857142857142857	0.030952380952380953	saddle_focus	complete	64	0.5028798559033696	27.739161080874844	011111111110000000000000000000000000000000000000000000000000000
-0.010857142857142857	0.03222222222222222	saddle_focus	complete	64	0.49589912184902074	27.019696189696454	011111111111000000000000000000000000000000000000000000000000000
-0.010857142857142857	0.03349206349206349	saddle_focus	complete	64	0.48909816356543834	26.309006204994247	011111111111100000000000000000000000000000000000000000000000000
-0.010857142857142857	0.034761904761904765	saddle_focus	complete	64	0.4823674026043885	25.600046846509166	011111111111110000000000000000000000000000000000000000000000000
-0.010857142857142857	0.0373015873015873	saddle_focus	complete	64	0.4703819618769627	23.9477559033847	011111111111111110000000000000000000000000000000000000000000000
-0.010857142857142857	0.039841269841269844	saddle_focus	complete	64	0.4570960874128587	22.009289974158232	011111111111111111111000000000000000000000000000000000000000000
-0.010857142857142857	0.04238095238095238	saddle_focus	complete	64	0.45327687377545356	19.027671532325353	011111111111111111111111111101000000000000000000000000000000000
-0.010857142857142857	0.04619047619047619	saddle_focus	complete	64	0.15814715869611362	8.128462180221875	011111111111111111111111111111111111111111111111111111111111111
-0.01053968253968254	-0.02746031746031746	saddle_focus	numerical_failure	3	0.1781425127710429	0.4201095096153774	01
-0.01053968253968254	-0.02619047619047619	saddle_focus	numerical_failure	3	0.1747621928348551	0.41544772364360977	01
-0.01053968253968254	-0.02365079365079365	saddle_focus	numerical_failure	3	0.17031195692792062	0.40861304717181124	01
-0.01053968253968254	-0.02238095238095238	saddle_focus	numerical_failure	3	0.16869652025659215	0.40590563957214737	01
-0.01053968253968254	-0.021111111111111112	saddle_focus	numerical_failure	3	0.1673140473829001	0.40350276525654327	01
-0.01053968253968254	-0.01984126984126984	saddle_focus	numerical_failure	3	0.1660916934280716	0.40133304288601085	01
-0.01053968253968254	-0.018571428571428572	saddle_focus	numerical_failure	3	0.16497860744050055	0.3993461059186546	01
-0.01053968253968254	-0.0173015873015873	saddle_focus	numerical_failure	3	0.1639359854161357	0.39750226381583736	01
-0.01053968253968254	-0.016031746031746032	saddle_focus	numerical_failure	3	0.16293118750019164	0.39576729576448355	01
-0.01053968253968254	-0.014761904761904763	saddle_focus	numerical_failure	3	0.16193827622501594	0.39411307056578954	01
-0.01053968253968254	-0.013492063492063493	saddle_focus	numerical_failure	3	0.16093226145703798	0.3925118974614511	01
-0.01053968253968254	-0.012222222222222223	saddle_focus	numerical_failure	3	0.15989014608585664	0.3909377826705142	01
-0.01053968253968254	-0.010952380952380953	saddle_focus	numerical_failure	5	2.46023133036841	3.0382642995491413	0101
-0.01053968253968254	-0.009682539682539683	saddle_focus	numerical_failure	5	1.7341035411342647	2.3001523821207317	0110
-0.01053968253968254	-0.008412698412698413	saddle_focus	complete	64	1.8255284500304059	109.67179975235224	011000000000000000000000000000000000000000000000000000000000000
-0.01053968253968254	-0.007142857142857143	saddle_focus	complete	64	1.4223935179100857	85.70202602241706	011000000000000000000000000000000000000000000000000000000000000
-0.01053968253968254	-0.005873015873015873	saddle_focus	complete	64	1.232587254585348	74.37710767548059	011000000000000000000000000000000000000000000000000000000000000
-0.01053968253968254	-0.004603174603174603	saddle_focus	complete	64	1.1135871645330035	67.2620741782335	011000000000000000000000000000000000000000000000000000000000000
-0.01053968253968254	-0.0033333333333333335	saddle_focus	complete	64	1.028965257845423	62.19566028920536	011000000000000000000000000000000000000000000000000000000000000
-0.01053968253968254	-0.0020634920634920637	saddle_focus	complete	64	0.9643605928162384	58.319719974005444	011000000000000000000000000000000000000000000000000000000000000
-0.01053968253968254	-0.0007936507936507937	saddle_focus	complete	64	0.9126375640063968	55.212615312238505	011000000000000000000000000000000000000000000000000000000000000
-0.01053968253968254	0.0004761904761904762	saddle_focus	complete	64	0.8720632224559981	52.11451931040466	011000000000000000000000000000000000000000000000000000000000000
-0.01053968253968254	0.001746031746031746	saddle_focus	complete	64	0.833645744665823	49.87340683276405	011010000000000000000000000000000000000000000000000000000000000
-0.01053968253968254	0.003015873015873016	saddle_focus	complete	64	0.8021900253101857	47.99640563607789	011100000000000000000000000000000000000000000000000000000000000
-0.01053968253968254	0.004285714285714286	saddle_focus	complete	64	0.774562985062826	46.35115415734879	011100000000000000000000000000000000000000000000000000000000000
-0.01053968253968254	0.005555555555555556	saddle_focus	complete	64	0.7499945091707101	44.88844002172993	011100000000000000000000000000000000000000000000000000000000000
-0.01053968253968254	0.006825396825396826	saddle_focus	complete	64	0.7279181395483738	43.57352454855671	011100000000000000000000000000000000000000000000000000000000000
-0.01053968253968254	0.008095238095238095	saddle_focus	complete	64	0.7079381347018732	42.38018039292054	011100000000000000000000000000000000000000000000000000000000000
-0.01053968253968254	0.009365079365079364	saddle_focus	complete	64	0.6973872224684465	40.89651984719289	011100000000000000000000000000000000000000000000000000000000000
-0.01053968253968254	0.010634920634920634	saddle_focus	complete	64	0.6729185892414242	39.86098792919819	011110000000000000000000000000000000000000000000000000000000000
-0.01053968253968254	0.011904761904761904	saddle_focus	complete	64	0.6574082170974309	38.933615410076285	011110000000000000000000000000000000000000000000000000000000000
-0.01053968253968254	0.013174603174603174	saddle_focus	complete	64	0.64299163907851	38.07487631091893	011110000000000000000000000000000000000000000000000000000000000
-0.01053968253968254	0.014444444444444444	saddle_focus	complete	64	0.6295725469576212	37.272340207304396	011110000000000000000000000000000000000000000000000000000000000
-0.01053968253968254	0.015714285714285715	saddle_focus	complete	64	0.6259495429859105	36.193800860087215	011110000000000000000000000000000000000000000000000000000000000
-0.01053968253968254	0.016984126984126983	saddle_focus	complete	64	0.6050332597177355	35.44811000856516	011111000000000000000000000000000000000000000000000000000000000
-0.01053968253968254	0.018253968253968255	saddle_focus	complete	64	0.5938102961206639	34.77530495284011	011111000000000000000000000000000000000000000000000000000000000
-0.01053968253968254	0.019523809523809523	saddle_focus	complete	64	0.58327102139206	34.13922320298212	011111000000000000000000000000000000000000000000000000000000000
-0.01053968253968254	0.020793650793650795	saddle_focus	complete	64	0.5739104704094018	33.22623644980438	011111010000000000000000000000000000000000000000000000000000000
-0.01053968253968254	0.022063492063492063	saddle_focus	complete	64	0.5634512416749837	32.630941472491564	011111100000000000000000000000000000000000000000000000000000000
-0.01053968253968254	0.023333333333333334	saddle_focus	complete	64	0.5542710912399618	32.07568866629077	011111100000000000000000000000000000000000000000000000000000000
-0.01053968253968254	0.024603174603174603	saddle_focus	complete	64	0.5454583832730067	31.25555765744415	011111101000000000000000000000000000000000000000000000000000000
-0.01053968253968254	0.025873015873015874	saddle_focus	complete	64	0.5369704744018167	30.729427537955956	011111110000000000000000000000000000000000000000000000000000000
-0.01053968253968254	0.027142857142857142	saddle_focus	complete	64	0.541474372534108	29.993367981467667	011111110000000000000000000000000000000000000000000000000000000
-0.01053968253968254	0.028412698412698414	saddle_focus	complete	64	0.5209949312465896	29.466782592240147	011111111000000000000000000000000000000000000000000000000000000
-0.01053968253968254	0.029682539682539682	saddle_focus	complete	64	0.5193484527296306	28.749300404508258	011111111010000000000000000000000000000000000000000000000000000
-0.01053968253968254	0.030952380952380953	saddle_focus	complete	64	0.5059837633418587	28.26410554208127	011111111100000000000000000000000000000000000000000000000000000
-0.01053968253968254	0.03222222222222222	saddle_focus	complete	64	0.4990659407552287	27.553995151176103	011111111110000000000000000000000000000000000000000000000000000
-0.01053968253968254	0.03349206349206349	saddle_focus	complete	64	0.4923182700763027	26.86133580452408	011111111110100000000000000000000000000000000000000000000000000
-0.01053968253968254	0.034761904761904765	saddle_focus	complete	64	0.4879756037628722	26.176817920349446	011111111111010000000000000000000000000000000000000000000000000
-0.01053968253968254	0.03603174603174603	saddle_focus	complete	64	0.4793760092480355	25.483740883716752	011111111111101000000000000000000000000000000000000000000000000
-0.01053968253968254	0.03857142857142857	saddle_focus	complete	64	0.48463174954802035	23.911181845116456	011111111111111100000000000000000000000000000000000000000000000
-0.01053968253968254	0.04111111111111111	saddle_focus	complete	64	0.4568341702474994	21.984823997798518	011111111111111111110100000000000000000000000000000000000000000
-0.01053968253968254	0.04365079365079365	saddle_focus	complete	64	0.4470679334558545	19.257519012441538	011111111111111111111111111100000000000000000000000000000000000
-0.01053968253968254	0.04746031746031746	saddle_focus	complete	64	0.44611818570223427	8.546447458971029	011111111111111111111111111111111111111111111111111111111111101
-0.010222222222222223	-0.02873015873015873	saddle_focus	numerical_failure	3	0.19712379911953917	0.4415246277315383	00
-0.010222222222222223	-0.02746031746031746	saddle_focus	numerical_failure	3	0.18453597985346104	0.42757533453716084	00
-0.010222222222222223	-0.02492063492063492	saddle_focus	numerical_failure	3	0.1749682993474382	0.41541450146639264	01
-0.010222222222222223	-0.02238095238095238	saddle_focus	numerical_failure	3	0.17020397886187227	0.40828358585122626	01
-0.010222222222222223	-0.021111111111111112	saddle_focus	numerical_failure	3	0.16850533014113073	0.4055011740680219	01
-0.010222222222222223	-0.01984126984126984	saddle_focus	numerical_failure	3	0.16706318927320657	0.4030459808561563	01
-0.010222222222222223	-0.018571428571428572	saddle_focus	numerical_failure	3	0.16579813923257383	0.40084030207562404	01
-0.010222222222222223	-0.0173015873015873	saddle_focus	numerical_failure	3	0.16465364404623062	0.39882798247732487	01
-0.010222222222222223	-0.016031746031746032	saddle_focus	numerical_failure	3	0.16358786725298874	0.396966312651317	01
-0.010222222222222223	-0.014761904761904763	saddle_focus	numerical_failure	3	0.16256774239367744	0.3952206168018777	01
-0.010222222222222223	-0.013492063492063493	saddle_focus	numerical_failure	3	0.16156451606365307	0.3935601593845879	01
-0.010222222222222223	-0.012222222222222223	saddle_focus	numerical_failure	3	0.1605535394236336	0.39195740269783136	01
-0.010222222222222223	-0.010952380952380953	saddle_focus	numerical_failure	4	2.407279681060576	2.797665611590215	010
-0.010222222222222223	-0.009682539682539683	saddle_focus	numerical_failure	5	1.7582779624845615	2.342159429147822	0101
-0.010222222222222223	-0.008412698412698413	saddle_focus	complete	64	1.8666315498588055	112.12185244507334	011000000000000000000000000000000000000000000000000000000000000
-0.010222222222222223	-0.007142857142857143	saddle_focus	complete	64	1.4389953587848086	86.70060968024669	011000000000000000000000000000000000000000000000000000000000000
-0.010222222222222223	-0.005873015873015873	saddle_focus	complete	64	1.243115284812858	75.01400043676549	011000000000000000000000000000000000000000000000000000000000000
-0.010222222222222223	-0.004603174603174603	saddle_focus	complete	64	1.121467636627119	67.74039736019839	011000000000000000000000000000000000000000000000000000000000000
-0.010222222222222223	-0.0033333333333333335	saddle_focus	complete	64	1.0353903578669637	62.586037428607675	011000000000000000000000000000000000000000000000000000000000000
-0.010222222222222223	-0.0020634920634920637	saddle_focus	complete	64	0.9698033919126698	58.65452466015095	011000000000000000000000000000000000000000000000000000000000000
-0.010222222222222223	-0.0007936507936507937	saddle_focus	complete	64	0.9174155145656337	55.50913371266555	011000000000000000000000000000000000000000000000000000000000000
-0.010222222222222223	0.0004761904761904762	saddle_focus	complete	64	0.874139699636804	52.90679423878009	011000000000000000000000000000000000000000000000000000000000000
-0.010222222222222223	0.001746031746031746	saddle_focus	complete	64	0.8374663200267625	50.69958899964133	011000000000000000000000000000000000000000000000000000000000000
-0.010222222222222223	0.003015873015873016	saddle_focus	complete	64	0.8059142023620414	48.24942988040158	011010000000000000000000000000000000000000000000000000000000000
-0.010222222222222223	0.004285714285714286	saddle_focus	complete	64	0.7780777858901244	46.58033376645481	011100000000000000000000000000000000000000000000000000000000000
-0.010222222222222223	0.005555555555555556	saddle_focus	complete	64	0.7533415192927104	45.103631956656436	011100000000000000000000000000000000000000000000000000000000000
-0.010222222222222223	0.006825396825396826	saddle_focus	complete	64	0.7311300957083668	43.77880927376037	011100000000000000000000000000000000000000000000000000000000000
-0.010222222222222223	0.008095238095238095	saddle_focus	complete	64	0.711010018031802	42.57842202923619	011100000000000000000000000000000000000000000000000000000000000
-0.010222222222222223	0.009365079365079364	saddle_focus	complete	64	0.6926639351549555	41.481658956701246	011100000000000000000000000000000000000000000000000000000000000
-0.010222222222222223	0.010634920634920634	saddle_focus	complete	64	0.6758479819255472	40.46861131982244	011100000000000000000000000000000000000000000000000000000000000
-0.010222222222222223	0.011904761904761904	saddle_focus	complete	64	0.6602433661977112	39.13553465294237	011101000000000000000000000000000000000000000000000000000000000
-0.010222222222222223	0.013174603174603174	saddle_focus	complete	64	0.6457788324795803	38.26451321325706	011110000000000000000000000000000000000000000000000000000000000
-0.010222222222222223	0.014444444444444444	saddle_focus	complete	64	0.6322802938783667	37.457758146249844	011110000000000000000000000000000000000000000000000000000000000
-0.010222222222222223	0.015714285714285715	saddle_focus	complete	64	0.6196387247936399	36.702219196163554	011110000000000000000000000000000000000000000000000000000000000
-0.010222222222222223	0.016984126984126983	saddle_focus	complete	64	0.6082518254094835	35.98330173962217	011110000000000000000000000000000000000000000000000000000000000
-0.010222222222222223	0.018253968253968255	saddle_focus	complete	64	0.59650973774328	34.972535551221355	011110100000000000000000000000000000000000000000000000000000000
-0.010222222222222223	0.019523809523809523	saddle_focus	complete	64	0.5858763777079035	34.329123768760844	011111000000000000000000000000000000000000000000000000000000000
-0.010222222222222223	0.020793650793650795	saddle_focus	complete	64	0.5757706462086603	33.72334464476077	011111000000000000000000000000000000000000000000000000000000000
-0.010222222222222223	0.022063492063492063	saddle_focus	complete	64	0.5798972686781168	32.895851795447136	011111000000000000000000000000000000000000000000000000000000000
-0.010222222222222223	0.023333333333333334	saddle_focus	complete	64	0.5569941244697816	32.27871922121734	011111100000000000000000000000000000000000000000000000000000000
-0.010222222222222223	0.024603174603174603	saddle_focus	complete	64	0.5481918140981783	31.74528900468013	011111100000000000000000000000000000000000000000000000000000000
-0.010222222222222223	0.025873015873015874	saddle_focus	complete	64	0.550193886993787	30.98219148897429	011111101000000000000000000000000000000000000000000000000000000
-0.010222222222222223	0.027142857142857142	saddle_focus	complete	64	0.531693744999465	30.44905791720148	011111110000000000000000000000000000000000000000000000000000000
-0.010222222222222223	0.028412698412698414	saddle_focus	complete	64	0.5248549001966958	29.964197157960044	011111110000000000000000000000000000000000000000000000000000000
-0.010222222222222223	0.029682539682539682	saddle_focus	complete	64	0.5163922686574494	29.231126097056386	011111111000000000000000000000000000000000000000000000000000000
-0.010222222222222223	0.030952380952380953	saddle_focus	complete	64	0.5115308820029669	28.76107415900144	011111111000000000000000000000000000000000000000000000000000000
-0.010222222222222223	0.03222222222222222	saddle_focus	complete	64	0.5020600570756537	28.067242065026743	011111111100000000000000000000000000000000000000000000000000000
-0.010222222222222223	0.03349206349206349	saddle_focus	complete	64	0.49535079348852484	27.384606088352545	011111111101000000000000000000000000000000000000000000000000000
-0.010222222222222223	0.034761904761904765	saddle_focus	complete	64	0.5055945372899853	26.759170053895996	011111111110000000000000000000000000000000000000000000000000000
-0.010222222222222223	0.03603174603174603	saddle_focus	complete	64	0.4849173652234664	26.251899362854733	011111111111000000000000000000000000000000000000000000000000000
-0.010222222222222223	0.0373015873015873	saddle_focus	complete	64	0.48314362182135406	25.557364968554545	011111111111100000000000000000000000000000000000000000000000000
-0.010222222222222223	0.039841269841269844	saddle_focus	complete	64	0.4638754814909425	24.010301113667175	011111111111111100000000000000000000000000000000000000000000000
-0.010222222222222223	0.04238095238095238	saddle_focus	complete	64	0.4525045621988708	22.159839128111134	011111111111111111110000000000000000000000000000000000000000000
-0.010222222222222223	0.04492063492063492	saddle_focus	complete	64	0.4434684823057733	19.500923687900414	011111111111111111111111111000000000000000000000000000000000000
-0.010222222222222223	0.04873015873015873	saddle_focus	complete	64	0.43576118495424065	9.671671423998811	011111111111111111111111111111111111111111111111111111111010000
-0.009904761904761904	-0.02492063492063492	saddle_focus	numerical_failure	3	0.17954401122615882	0.4210570867356847	01
-0.009904761904761904	-0.02365079365079365	saddle_focus	numerical_failure	3	0.17536404502933964	0.4156126629028793	01
-0.009904761904761904	-0.01984126984126984	saddle_focus	numerical_failure	3	0.1683923667552885	0.40520921579558916	01
-0.009904761904761904	-0.018571428571428572	saddle_focus	numerical_failure	3	0.1668777677777527	0.4026863910907566	01
-0.009904761904761904	-0.0173015873015873	saddle_focus	numerical_failure	3	0.16556011283362565	0.4004320708134023	01
-0.009904761904761904	-0.016031746031746032	saddle_focus	numerical_failure	3	0.16437767290669258	0.39838512661752756	01
-0.009904761904761904	-0.014761904761904763	saddle_focus	numerical_failure	3	0.16328497784237972	0.39649910869760535	01
-0.009904761904761904	-0.013492063492063493	saddle_focus	numerical_failure	3	0.16224571933237134	0.39473634738440655	01
-0.009904761904761904	-0.012222222222222223	saddle_focus	numerical_failure	3	0.16123128273731732	0.3930659439922087	01
-0.009904761904761904	-0.010952380952380953	saddle_focus	numerical_failure	4	2.423988108255453	2.8154468469951275	010
-0.009904761904761904	-0.009682539682539683	saddle_focus	numerical_failure	4	1.6931248779060817	2.0830127865321053	010
-0.009904761904761904	-0.008412698412698413	saddle_focus	complete	64	1.9134256350709613	114.93971674766193	010100000000000000000000000000000000000000000000000000000000000
-0.009904761904761904	-0.007142857142857143	saddle_focus	complete	64	1.4568596526975626	87.7822216738037	010100000000000000000000000000000000000000000000000000000000000
-0.009904761904761904	-0.005873015873015873	saddle_focus	complete	64	1.2542322423841121	75.69040972805355	011000000000000000000000000000000000000000000000000000000000000
-0.009904761904761904	-0.004603174603174603	saddle_focus	complete	64	1.129700172151587	68.24299000849288	011000000000000000000000000000000000000000000000000000000000000
-0.009904761904761904	-0.0033333333333333335	saddle_focus	complete	64	1.042048142208136	62.99333180813961	011000000000000000000000000000000000000000000000000000000000000
-0.009904761904761904	-0.0020634920634920637	saddle_focus	complete	64	0.9754811623984494	59.002077873163046	011000000000000000000000000000000000000000000000000000000000000
-0.009904761904761904	-0.0007936507936507937	saddle_focus	complete	64	0.9223878457231995	55.8159398001113	011000000000000000000000000000000000000000000000000000000000000
-0.009904761904761904	0.0004761904761904762	saddle_focus	complete	64	0.8785815230840583	53.18410091809983	011000000000000000000000000000000000000000000000000000000000000
-0.009904761904761904	0.001746031746031746	saddle_focus	complete	64	0.841538474727427	50.95438191059103	011000000000000000000000000000000000000000000000000000000000000
-0.009904761904761904	0.003015873015873016	saddle_focus	complete	64	0.8095660994091496	49.02810565531753	011000000000000000000000000000000000000000000000000000000000000
-0.009904761904761904	0.004285714285714286	saddle_focus	complete	64	0.7816572483786406	46.838756789417005	011010000000000000000000000000000000000000000000000000000000000
-0.009904761904761904	0.005555555555555556	saddle_focus	complete	64	0.7567408355459	45.329597063685746	011100000000000000000000000000000000000000000000000000000000000
-0.009904761904761904	0.006825396825396826	saddle_focus	complete	64	0.7343814617845299	43.99043958275826	011100000000000000000000000000000000000000000000000000000000000
-0.009904761904761904	0.008095238095238095	saddle_focus	complete	64	0.7141389451964297	42.78047840678305	011100000000000000000000000000000000000000000000000000000000000
-0.009904761904761904	0.009365079365079364	saddle_focus	complete	64	0.6956755687575815	41.676952917432885	011100000000000000000000000000000000000000000000000000000000000
-0.009904761904761904	0.010634920634920634	saddle_focus	complete	64	0.6787323097406794	40.66288039832511	011100000000000000000000000000000000000000000000000000000000000
-0.009904761904761904	0.011904761904761904	saddle_focus	complete	64	0.6631196247504347	39.72398137514948	011100000000000000000000000000000000000000000000000000000000000
-0.009904761904761904	0.013174603174603174	saddle_focus	complete	64	0.6485711909402441	38.47516032485246	011101000000000000000000000000000000000000000000000000000000000
-0.009904761904761904	0.014444444444444444	saddle_focus	complete	64	0.6350282232546118	37.64825391200387	011110000000000000000000000000000000000000000000000000000000000
-0.009904761904761904	0.015714285714285715	saddle_focus	complete	64	0.6223437888683048	36.88670942522162	011110000000000000000000000000000000000000000000000000000000000
-0.009904761904761904	0.016984126984126983	saddle_focus	complete	64	0.6104195064287443	36.17269951292893	011110000000000000000000000000000000000000000000000000000000000
-0.009904761904761904	0.018253968253968255	saddle_focus	complete	64	0.5993666370364767	35.496864600788086	011110000000000000000000000000000000000000000000000000000000000
-0.009904761904761904	0.019523809523809523	saddle_focus	complete	64	0.5885355950334987	34.53520562602705	011110100000000000000000000000000000000000000000000000000000000
-0.009904761904761904	0.020793650793650795	saddle_focus	complete	64	0.5784345964833593	33.913065570165266	011111000000000000000000000000000000000000000000000000000000000
-0.009904761904761904	0.022063492063492063	saddle_focus	complete	64	0.5688191132391456	33.33363791328855	011111000000000000000000000000000000000000000000000000000000000
-0.009904761904761904	0.023333333333333334	saddle_focus	complete	64	0.5602301368161338	32.776991759281	011111000000000000000000000000000000000000000000000000000000000
-0.009904761904761904	0.024603174603174603	saddle_focus	complete	64	0.5508996553082213	31.95138564851233	011111010000000000000000000000000000000000000000000000000000000
-0.009904761904761904	0.025873015873015874	saddle_focus	complete	64	0.5424874441724152	31.43452831607714	011111100000000000000000000000000000000000000000000000000000000
-0.009904761904761904	0.027142857142857142	saddle_focus	complete	64	0.5353833388410814	30.937170777317423	011111100000000000000000000000000000000000000000000000000000000
-0.009904761904761904	0.028412698412698414	saddle_focus	complete	64	0.5266796306726094	30.18738410948426	011111110000000000000000000000000000000000000000000000000000000
-0.009904761904761904	0.029682539682539682	saddle_focus	complete	64	0.5191329068510924	29.72173634069662	011111110000000000000000000000000000000000000000000000000000000
-0.009904761904761904	0.030952380952380953	saddle_focus	complete	64	0.511994437780583	29.014102968147135	011111110100000000000000000000000000000000000000000000000000000
-0.009904761904761904	0.03222222222222222	saddle_focus	complete	64	0.5048857045828088	28.56567548646575	011111111000000000000000000000000000000000000000000000000000000
-0.009904761904761904	0.03349206349206349	saddle_focus	complete	64	0.4982449078105833	27.88383409558112	011111111100000000000000000000000000000000000000000000000000000
-0.009904761904761904	0.034761904761904765	saddle_focus	complete	64	0.5080745136028499	27.282212588317535	011111111100000000000000000000000000000000000000000000000000000
-0.009904761904761904	0.03603174603174603	saddle_focus	complete	64	0.4850714626744601	26.787837200879835	011111111110000000000000000000000000000000000000000000000000000
-0.009904761904761904	0.0373015873015873	saddle_focus	complete	64	0.47899567446662417	26.13113549757213	011111111111000000000000000000000000000000000000000000000000000
-0.009904761904761904	0.03857142857142857	saddle_focus	complete	64	0.4729527828329769	25.477152212177906	011111111111100000000000000000000000000000000000000000000000000
-0.009904761904761904	0.04111111111111111	saddle_focus	complete	64	0.4618831335935072	23.95196574290298	011111111111111010000000000000000000000000000000000000000000000
-0.009904761904761904	0.04238095238095238	saddle_focus	complete	64	0.45994031204220365	23.24931680548022	011111111111111110000000000000000000000000000000000000000000000
-0.009904761904761904	0.04492063492063492	saddle_focus	complete	64	0.4443731658854615	21.183120217277693	011111111111111111111100000000000000000000000000000000000000000
-0.009587301587301587	-0.02746031746031746	saddle_focus	numerical_failure	2	0.13628772653034174	0.24537796426472705	0
-0.009587301587301587	-0.02619047619047619	saddle_focus	numerical_failure	3	0.24120405036671608	0.4852078152939968	00
-0.009587301587301587	-0.02365079365079365	saddle_focus	numerical_failure	3	0.18084265779361752	0.4221945734449802	01
-0.009587301587301587	-0.01984126984126984	saddle_focus	numerical_failure	3	0.17030452080528938	0.40805281658301484	01
-0.009587301587301587	-0.014761904761904763	saddle_focus	numerical_failure	3	0.164156527667926	0.39802371026312994	01
-0.009587301587301587	-0.013492063492063493	saddle_focus	numerical_failure	3	0.16303087439733516	0.396104687486313	01
-0.009587301587301587	-0.012222222222222223	saddle_focus	numerical_failure	3	0.16196932591676172	0.3943189423218225	01
-0.009587301587301587	-0.010952380952380953	saddle_focus	numerical_failure	4	2.446335939014304	2.838969330910158	010
-0.009587301587301587	-0.009682539682539683	saddle_focus	numerical_failure	5	5.933032164381023	8.02956538461001	0101
-0.009587301587301587	-0.008412698412698413	saddle_focus	complete	64	1.967017366612176	119.80497978169024	010000000000000000000000000000000000000000000000000000000000000
-0.009587301587301587	-0.007142857142857143	saddle_focus	complete	64	1.4758261898012068	90.1540321402497	010000000000000000000000000000000000000000000000000000000000000
-0.009587301587301587	-0.005873015873015873	saddle_focus	complete	64	1.266004030775116	76.41771468811619	010100000000000000000000000000000000000000000000000000000000000
-0.009587301587301587	-0.004603174603174603	saddle_focus	complete	64	1.138323467492034	68.77438978146742	011000000000000000000000000000000000000000000000000000000000000
-0.009587301587301587	-0.0033333333333333335	saddle_focus	complete	64	1.0489697184503664	63.41997254722623	011000000000000000000000000000000000000000000000000000000000000
-0.009587301587301587	-0.0020634920634920637	saddle_focus	complete	64	0.981346804463965	59.363824620390275	011000000000000000000000000000000000000000000000000000000000000
-0.009587301587301587	-0.0007936507936507937	saddle_focus	complete	64	0.9275410210486248	56.13376558495207	011000000000000000000000000000000000000000000000000000000000000
-0.009587301587301587	0.0004761904761904762	saddle_focus	complete	64	0.8832066130386786	53.47037921531209	011000000000000000000000000000000000000000000000000000000000000
-0.009587301587301587	0.001746031746031746	saddle_focus	complete	64	0.8457214328147522	51.21699749101469	011000000000000000000000000000000000000000000000000000000000000
-0.009587301587301587	0.003015873015873016	saddle_focus	complete	64	0.8134445383467419	49.27233696108924	011000000000000000000000000000000000000000000000000000000000000
-0.009587301587301587	0.004285714285714286	saddle_focus	complete	64	0.785173661470151	47.56744376508618	011000000000000000000000000000000000000000000000000000000000000
-0.009587301587301587	0.005555555555555556	saddle_focus	complete	64	0.7600953870436595	46.04930534042456	011000000000000000000000000000000000000000000000000000000000000
-0.009587301587301587	0.006825396825396826	saddle_focus	complete	64	0.7376836797129	44.21625718508762	011010000000000000000000000000000000000000000000000000000000000
-0.009587301587301587	0.008095238095238095	saddle_focus	complete	64	0.7173094242557971	42.98989515667984	011100000000000000000000000000000000000000000000000000000000000
-0.009587301587301587	0.009365079365079364	saddle_focus	complete	64	0.6987338486351014	41.87660709427351	011100000000000000000000000000000000000000000000000000000000000
-0.009587301587301587	0.010634920634920634	saddle_focus	complete	64	0.6816883698861196	40.855829524131565	011100000000000000000000000000000000000000000000000000000000000
-0.009587301587301587	0.011904761904761904	saddle_focus	complete	64	0.6659622746102851	39.913212091206425	011100000000000000000000000000000000000000000000000000000000000
-0.009587301587301587	0.013174603174603174	saddle_focus	complete	64	0.6514013549101487	39.037160474779164	011100000000000000000000000000000000000000000000000000000000000
-0.009587301587301587	0.014444444444444444	saddle_focus	complete	64	0.649200402427336	37.911720003268606	011100000000000000000000000000000000000000000000000000000000000
-0.009587301587301587	0.015714285714285715	saddle_focus	complete	64	0.6250563110709795	37.08009520256656	011101000000000000000000000000000000000000000000000000000000000
-0.009587301587301587	0.016984126984126983	saddle_focus	complete	64	0.6130984832613913	36.35715112613426	011110000000000000000000000000000000000000000000000000000000000
-0.009587301587301587	0.018253968253968255	saddle_focus	complete	64	0.6018245912113522	35.6798418524733	011110000000000000000000000000000000000000000000000000000000000
-0.009587301587301587	0.019523809523809523	saddle_focus	complete	64	0.5912407047212305	35.038929904744805	011110000000000000000000000000000000000000000000000000000000000
-0.009587301587301587	0.020793650793650795	saddle_focus	complete	64	0.5930004673129392	34.16523072744435	011110000000000000000000000000000000000000000000000000000000000
-0.009587301587301587	0.022063492063492063	saddle_focus	complete	64	0.5714419676641085	33.525650222237424	011111000000000000000000000000000000000000000000000000000000000
-0.009587301587301587	0.023333333333333334	saddle_focus	complete	64	0.5622724636287177	32.96842887750978	011111000000000000000000000000000000000000000000000000000000000
-0.009587301587301587	0.024603174603174603	saddle_focus	complete	64	0.55365332828065	32.43812141474079	011111000000000000000000000000000000000000000000000000000000000
-0.009587301587301587	0.025873015873015874	saddle_focus	complete	64	0.5471214367924988	31.654442259937273	011111010000000000000000000000000000000000000000000000000000000
-0.009587301587301587	0.027142857142857142	saddle_focus	complete	64	0.5370838375374403	31.143085069300557	011111100000000000000000000000000000000000000000000000000000000
-0.009587301587301587	0.028412698412698414	saddle_focus	complete	64	0.5294363246273486	30.66840954214225	011111100000000000000000000000000000000000000000000000000000000
-0.009587301587301587	0.029682539682539682	saddle_focus	complete	64	0.5219108722617243	29.948517827661416	011111101000000000000000000000000000000000000000000000000000000
-0.009587301587301587	0.030952380952380953	saddle_focus	complete	64	0.5146876840430448	29.489572450731824	011111110000000000000000000000000000000000000000000000000000000
-0.009587301587301587	0.03222222222222222	saddle_focus	complete	64	0.5191078439484687	28.840045435530318	011111110000000000000000000000000000000000000000000000000000000
-0.009587301587301587	0.03349206349206349	saddle_focus	complete	64	0.5010128164820062	28.370956915453775	011111111000000000000000000000000000000000000000000000000000000
-0.009587301587301587	0.034761904761904765	saddle_focus	complete	64	0.4969658610371057	27.724882984694535	011111111010000000000000000000000000000000000000000000000000000
-0.009587301587301587	0.03603174603174603	saddle_focus	complete	64	0.48811878342889625	27.293009615362468	011111111100000000000000000000000000000000000000000000000000000
-0.009587301587301587	0.0373015873015873	saddle_focus	complete	64	0.48203823396367174	26.6477706377679	011111111110000000000000000000000000000000000000000000000000000
-0.009587301587301587	0.03857142857142857	saddle_focus	complete	64	0.47613807710901357	26.012410302389082	011111111111000000000000000000000000000000000000000000000000000
-0.009587301587301587	0.039841269841269844	saddle_focus	complete	64	0.4703673424457828	25.37905114666711	011111111111010000000000000000000000000000000000000000000000000
-0.009587301587301587	0.04238095238095238	saddle_focus	complete	64	0.45869413949403537	24.091026186206783	011111111111111000000000000000000000000000000000000000000000000
-0.009587301587301587	0.04365079365079365	saddle_focus	complete	64	0.4539321466025652	23.226474408755884	011111111111111110000000000000000000000000000000000000000000000
-0.009587301587301587	0.04619047619047619	saddle_focus	complete	64	0.44631449094692677	21.393970632572245	011111111111111111111000000000000000000000000000000000000000000
-0.00926984126984127	-0.02873015873015873	saddle_focus	numerical_failure	2	0.13915773085764405	0.24802263076664835	0
-0.00926984126984127	-0.02365079365079365	saddle_focus	numerical_failure	3	0.19506233020245395	0.4375995499266163	00
-0.00926984126984127	-0.021111111111111112	saddle_focus	numerical_failure	3	0.17698154010419478	0.41696250181716976	01
-0.00926984126984127	-0.018571428571428572	saddle_focus	numerical_failure	3	0.17056205830729923	0.40820192213954004	01
-0.00926984126984127	-0.0173015873015873	saddle_focus	numerical_failure	3	0.1684624043697608	0.4050270851178557	01
-0.00926984126984127	-0.016031746031746032	saddle_focus	numerical_failure	3	0.16674515662865702	0.4023029238087763	01
-0.00926984126984127	-0.014761904761904763	saddle_focus	numerical_failure	3	0.16528364709719343	0.3999046123244637	01
-0.00926984126984127	-0.013492063492063493	saddle_focus	numerical_failure	3	0.16399755228499702	0.3977521924240238	01
-0.00926984126984127	-0.012222222222222223	saddle_focus	numerical_failure	3	0.16283148672603595	0.3957899211633469	01
-0.00926984126984127	-0.010952380952380953	saddle_focus	numerical_failure	4	2.471305568407678	2.865278675422297	010
-0.00926984126984127	-0.009682539682539683	saddle_focus	numerical_failure	5	5.240142706433813	7.353235102037018	0101
-0.00926984126984127	-0.008412698412698413	saddle_focus	complete	64	2.0302435230174467	123.61186134261222	010000000000000000000000000000000000000000000000000000000000000
-0.00926984126984127	-0.007142857142857143	saddle_focus	complete	64	1.4967609276085097	91.41712243487991	010000000000000000000000000000000000000000000000000000000000000
-0.00926984126984127	-0.005873015873015873	saddle_focus	complete	64	1.2781966129975246	78.17754801944511	010000000000000000000000000000000000000000000000000000000000000
-0.00926984126984127	-0.004603174603174603	saddle_focus	complete	64	1.147376263220522	69.35295868130399	010100000000000000000000000000000000000000000000000000000000000
-0.00926984126984127	-0.0033333333333333335	saddle_focus	complete	64	1.0561824892495622	63.87137519356782	010100000000000000000000000000000000000000000000000000000000000
-0.00926984126984127	-0.0020634920634920637	saddle_focus	complete	64	0.9874242047347368	59.742454822144225	011000000000000000000000000000000000000000000000000000000000000
-0.00926984126984127	-0.0007936507936507937	saddle_focus	complete	64	0.9328531490141867	56.464200767545165	011000000000000000000000000000000000000000000000000000000000000
-0.00926984126984127	0.0004761904761904762	saddle_focus	complete	64	0.887972144816237	53.76657021174229	011000000000000000000000000000000000000000000000000000000000000
-0.00926984126984127	0.001746031746031746	saddle_focus	complete	64	0.8500799545606328	51.487703161320354	011000000000000000000000000000000000000000000000000000000000000
-0.00926984126984127	0.003015873015873016	saddle_focus	complete	64	0.8174366784594618	49.523430188804184	011000000000000000000000000000000000000000000000000000000000000
-0.00926984126984127	0.004285714285714286	saddle_focus	complete	64	0.7888949851348364	47.80306210333238	011000000000000000000000000000000000000000000000000000000000000
-0.00926984126984127	0.005555555555555556	saddle_focus	complete	64	0.7636061124413049	46.276587525698815	011000000000000000000000000000000000000000000000000000000000000
-0.00926984126984127	0.006825396825396826	saddle_focus	complete	64	0.7409469124687051	44.90711087747407	011000000000000000000000000000000000000000000000000000000000000
-0.00926984126984127	0.008095238095238095	saddle_focus	complete	64	0.7205283628668491	43.22191714653449	011010000000000000000000000000000000000000000000000000000000000
-0.00926984126984127	0.009365079365079364	saddle_focus	complete	64	0.7018344059141344	42.08548389394507	011100000000000000000000000000000000000000000000000000000000000
-0.00926984126984127	0.010634920634920634	saddle_focus	complete	64	0.6846861931869654	41.053963604645084	011100000000000000000000000000000000000000000000000000000000000
-0.00926984126984127	0.011904761904761904	saddle_focus	complete	64	0.6688664271725469	40.104406482300696	011100000000000000000000000000000000000000000000000000000000000
-0.00926984126984127	0.013174603174603174	saddle_focus	complete	64	0.6542052642153457	39.22399716615393	011100000000000000000000000000000000000000000000000000000000000
-0.00926984126984127	0.014444444444444444	saddle_focus	complete	64	0.6405662952837521	38.40288396007877	011100000000000000000000000000000000000000000000000000000000000
-0.00926984126984127	0.015714285714285715	saddle_focus	complete	64	0.6279320033697706	37.63092395699816	011100000000000000000000000000000000000000000000000000000000000
-0.00926984126984127	0.016984126984126983	saddle_focus	complete	64	0.6157772074226107	36.55817790773497	011101000000000000000000000000000000000000000000000000000000000
-0.00926984126984127	0.018253968253968255	saddle_focus	complete	64	0.6044715826288725	35.86550397853364	011110000000000000000000000000000000000000000000000000000000000
-0.00926984126984127	0.019523809523809523	saddle_focus	complete	64	0.5937847512847838	35.22035430108414	011110000000000000000000000000000000000000000000000000000000000
-0.00926984126984127	0.020793650793650795	saddle_focus	complete	64	0.5836576323426543	34.61012191614244	011110000000000000000000000000000000000000000000000000000000000
-0.00926984126984127	0.022063492063492063	saddle_focus	complete	64	0.5744668329132723	34.02552860514771	011110000000000000000000000000000000000000000000000000000000000
-0.00926984126984127	0.023333333333333334	saddle_focus	complete	64	0.5648581235070091	33.16760155201047	011110100000000000000000000000000000000000000000000000000000000
-0.00926984126984127	0.024603174603174603	saddle_focus	complete	64	0.5560965057994292	32.62643861605225	011111000000000000000000000000000000000000000000000000000000000
-0.00926984126984127	0.025873015873015874	saddle_focus	complete	64	0.5477037109821425	32.117080606450166	011111000000000000000000000000000000000000000000000000000000000
-0.00926984126984127	0.027142857142857142	saddle_focus	complete	64	0.5414932194835289	31.611413121770813	011111000000000000000000000000000000000000000000000000000000000
-0.00926984126984127	0.028412698412698414	saddle_focus	complete	64	0.5319573966410478	30.871555851683176	011111100000000000000000000000000000000000000000000000000000000
-0.00926984126984127	0.029682539682539682	saddle_focus	complete	64	0.524504800744896	30.41108238012508	011111100000000000000000000000000000000000000000000000000000000
-0.00926984126984127	0.030952380952380953	saddle_focus	complete	64	0.5272483635861287	29.866342612774464	011111100000000000000000000000000000000000000000000000000000000
-0.00926984126984127	0.03222222222222222	saddle_focus	complete	64	0.5104369793638486	29.271970685062556	011111110000000000000000000000000000000000000000000000000000000
-0.00926984126984127	0.03349206349206349	saddle_focus	complete	64	0.5043449026291773	28.848304234203045	011111110000000000000000000000000000000000000000000000000000000
-0.00926984126984127	0.034761904761904765	saddle_focus	complete	64	0.4972716445782912	28.189908156277852	011111111000000000000000000000000000000000000000000000000000000
-0.00926984126984127	0.03603174603174603	saddle_focus	complete	64	0.4923218358441046	27.77726349437355	011111111000000000000000000000000000000000000000000000000000000
-0.00926984126984127	0.0373015873015873	saddle_focus	complete	64	0.4848514530007515	27.143414847817116	011111111100000000000000000000000000000000000000000000000000000
-0.00926984126984127	0.03857142857142857	saddle_focus	complete	64	0.47899518059881885	26.525392289846625	011111111101000000000000000000000000000000000000000000000000000
-0.00926984126984127	0.039841269841269844	saddle_focus	complete	64	0.4878741673432998	26.006804223195164	011111111110000000000000000000000000000000000000000000000000000
-0.00926984126984127	0.04111111111111111	saddle_focus	complete	64	0.47007661627719743	25.487262119341576	011111111111000000000000000000000000000000000000000000000000000
-0.00926984126984127	0.04238095238095238	saddle_focus	complete	64	0.4713443940526236	24.825520709365964	011111111111100000000000000000000000000000000000000000000000000
-0.00926984126984127	0.04365079365079365	saddle_focus	complete	64	0.45688752638217567	24.04383068998476	011111111111110100000000000000000000000000000000000000000000000
-0.00926984126984127	0.04492063492063492	saddle_focus	complete	64	0.4510677135115815	23.393848772443924	011111111111111100000000000000000000000000000000000000000000000
-0.00926984126984127	0.04746031746031746	saddle_focus	complete	64	0.45236864795268916	21.581225547779713	011111111111111111110000000000000000000000000000000000000000000
-0.008952380952380953	-0.02873015873015873	saddle_focus	numerical_failure	2	0.14059177493088923	0.24930630517940056	0
-0.008952380952380953	-0.02746031746031746	saddle_focus	numerical_failure	2	0.13914013048618512	0.24792135834168483	0
-0.008952380952380953	-0.02365079365079365	saddle_focus	numerical_failure	2	0.13479699886124627	0.24379774013605818	0
-0.008952380952380953	-0.021111111111111112	saddle_focus	numerical_failure	3	0.18585702438286053	0.42702257485699585	00
-0.008952380952380953	-0.0173015873015873	saddle_focus	numerical_failure	3	0.17100472460393082	0.4085757420522212	01
-0.008952380952380953	-0.016031746031746032	saddle_focus	numerical_failure	3	0.16868940442240926	0.4051830976361689	01
-0.008952380952380953	-0.014761904761904763	saddle_focus	numerical_failure	3	0.1668283580322138	0.4023117669771398	01
-0.008952380952380953	-0.013492063492063493	saddle_focus	numerical_failure	3	0.16526727990206153	0.3998095307604663	01
-0.008952380952380953	-0.012222222222222223	saddle_focus	numerical_failure	3	0.16391051241063517	0.39758153087449905	01
-0.008952380952380953	-0.010952380952380953	saddle_focus	numerical_failure	4	2.49854488592876	2.894107827065618	010
-0.008952380952380953	-0.009682539682539683	saddle_focus	numerical_failure	5	4.816842845979236	6.948049999997146	0101
-0.008952380952380953	-0.008412698412698413	saddle_focus	complete	64	2.105823199475637	128.16177970067	010000000000000000000000000000000000000000000000000000000000000
-0.008952380952380953	-0.007142857142857143	saddle_focus	complete	64	1.5196033901861825	92.80082755469502	010000000000000000000000000000000000000000000000000000000000000
-0.008952380952380953	-0.005873015873015873	saddle_focus	complete	64	1.2914907495984869	78.98566015160384	010000000000000000000000000000000000000000000000000000000000000
-0.008952380952380953	-0.004603174603174603	saddle_focus	complete	64	1.1566209647325651	70.7983024025117	010000000000000000000000000000000000000000000000000000000000000
-0.008952380952380953	-0.0033333333333333335	saddle_focus	complete	64	1.0634724299558904	65.14064523871843	010000000000000000000000000000000000000000000000000000000000000
-0.008952380952380953	-0.0020634920634920637	saddle_focus	complete	64	0.9937342847222173	60.146102945182804	010100000000000000000000000000000000000000000000000000000000000
-0.008952380952380953	-0.0007936507936507937	saddle_focus	complete	64	0.9383432261659268	56.81065082727988	011000000000000000000000000000000000000000000000000000000000000
-0.008952380952380953	0.0004761904761904762	saddle_focus	complete	64	0.892876521403615	54.07457066929976	011000000000000000000000000000000000000000000000000000000000000
-0.008952380952380953	0.001746031746031746	saddle_focus	complete	64	0.8545479400481024	51.76766707301524	011000000000000000000000000000000000000000000000000000000000000
-0.008952380952380953	0.003015873015873016	saddle_focus	complete	64	0.8215699843954967	49.7820502109576	011000000000000000000000000000000000000000000000000000000000000
-0.008952380952380953	0.004285714285714286	saddle_focus	complete	64	0.7927334138308646	48.044959819416	011000000000000000000000000000000000000000000000000000000000000
-0.008952380952380953	0.005555555555555556	saddle_focus	complete	64	0.7671972707184631	46.505124215703844	011000000000000000000000000000000000000000000000000000000000000
-0.008952380952380953	0.006825396825396826	saddle_focus	complete	64	0.7443557713307527	45.12513425786959	011000000000000000000000000000000000000000000000000000000000000
-0.008952380952380953	0.008095238095238095	saddle_focus	complete	64	0.7237163320262296	43.876799289601735	011000000000000000000000000000000000000000000000000000000000000
-0.008952380952380953	0.009365079365079364	saddle_focus	complete	64	0.7138946898045258	42.38293867058731	011000000000000000000000000000000000000000000000000000000000000
-0.008952380952380953	0.010634920634920634	saddle_focus	complete	64	0.6877257987010268	41.265034068867315	011010000000000000000000000000000000000000000000000000000000000
-0.008952380952380953	0.011904761904761904	saddle_focus	complete	64	0.671811737711536	40.30211854751501	011100000000000000000000000000000000000000000000000000000000000
-0.008952380952380953	0.013174603174603174	saddle_focus	complete	64	0.6570621992817387	39.414084823213095	011100000000000000000000000000000000000000000000000000000000000
-0.008952380952380953	0.014444444444444444	saddle_focus	complete	64	0.6433401798076552	38.588127342384006	011100000000000000000000000000000000000000000000000000000000000
-0.008952380952380953	0.015714285714285715	saddle_focus	complete	64	0.6305142757729811	37.81546476764015	011100000000000000000000000000000000000000000000000000000000000
-0.008952380952380953	0.016984126984126983	saddle_focus	complete	64	0.6185462018516077	37.088520594536426	011100000000000000000000000000000000000000000000000000000000000
-0.008952380952380953	0.018253968253968255	saddle_focus	complete	64	0.6154307694000324	36.098824621968106	011100000000000000000000000000000000000000000000000000000000000
-0.008952380952380953	0.019523809523809523	saddle_focus	complete	64	0.5964021676768967	35.40946372945695	011110000000000000000000000000000000000000000000000000000000000
-0.008952380952380953	0.020793650793650795	saddle_focus	complete	64	0.5862463206707569	34.79158193086389	011110000000000000000000000000000000000000000000000000000000000
-0.008952380952380953	0.022063492063492063	saddle_focus	complete	64	0.57659762262481	34.20845920413286	011110000000000000000000000000000000000000000000000000000000000
-0.008952380952380953	0.023333333333333334	saddle_focus	complete	64	0.5675677020826662	33.65232021973403	011110000000000000000000000000000000000000000000000000000000000
-0.008952380952380953	0.024603174603174603	saddle_focus	complete	64	0.5663826884826997	32.85481281882616	011110000000000000000000000000000000000000000000000000000000000
-0.008952380952380953	0.025873015873015874	saddle_focus	complete	64	0.5502615455179547	32.30723665533101	011111000000000000000000000000000000000000000000000000000000000
-0.008952380952380953	0.027142857142857142	saddle_focus	complete	64	0.5422191545861756	31.81481210249149	011111000000000000000000000000000000000000000000000000000000000
-0.008952380952380953	0.028412698412698414	saddle_focus	complete	64	0.5348134727654297	31.34263010084059	011111000000000000000000000000000000000000000000000000000000000
-0.008952380952380953	0.029682539682539682	saddle_focus	complete	64	0.5270924950213405	30.624895031802566	011111010000000000000000000000000000000000000000000000000000000
-0.008952380952380953	0.030952380952380953	saddle_focus	complete	64	0.51993028604408	30.16889664885103	011111100000000000000000000000000000000000000000000000000000000
-0.008952380952380953	0.03222222222222222	saddle_focus	complete	64	0.5134053000896481	29.73969235892565	011111100000000000000000000000000000000000000000000000000000000
-0.008952380952380953	0.03349206349206349	saddle_focus	complete	64	0.5063749113535865	29.07322826648625	011111101000000000000000000000000000000000000000000000000000000
-0.008952380952380953	0.034761904761904765	saddle_focus	complete	64	0.4998732543879578	28.65833718379148	011111110000000000000000000000000000000000000000000000000000000
-0.008952380952380953	0.03603174603174603	saddle_focus	complete	64	0.4954128964826443	28.03507082410652	011111110100000000000000000000000000000000000000000000000000000
-0.008952380952380953	0.0373015873015873	saddle_focus	complete	64	0.4875269826720383	27.62315664487835	011111111000000000000000000000000000000000000000000000000000000
-0.008952380952380953	0.03857142857142857	saddle_focus	complete	64	0.4817127228015763	27.009885627657134	011111111010000000000000000000000000000000000000000000000000000
-0.008952380952380953	0.039841269841269844	saddle_focus	complete	64	0.47766502666770094	26.611621245130063	011111111100000000000000000000000000000000000000000000000000000
-0.008952380952380953	0.04111111111111111	saddle_focus	complete	64	0.4702606604940369	26.009120986668034	011111111110000000000000000000000000000000000000000000000000000
-0.008952380952380953	0.04238095238095238	saddle_focus	complete	64	0.4648844439967976	25.405333767026253	011111111111000000000000000000000000000000000000000000000000000
-0.008952380952380953	0.04365079365079365	saddle_focus	complete	64	0.45957266514665873	24.801049687700594	011111111111100000000000000000000000000000000000000000000000000
-0.008952380952380953	0.04492063492063492	saddle_focus	complete	64	0.4541936366676236	24.1904211486383	011111111111110000000000000000000000000000000000000000000000000
-0.008952380952380953	0.04619047619047619	saddle_focus	complete	64	0.4566150699045681	23.39127628572647	011111111111111010000000000000000000000000000000000000000000000
-0.008952380952380953	0.04873015873015873	saddle_focus	complete	64	0.4559333238371881	21.752835748220296	011111111111111111100000000000000000000000000000000000000000000
-0.008634920634920634	-0.02619047619047619	saddle_focus	numerical_failure	2	0.13917826217527193	0.24787047218649536	0
-0.008634920634920634	-0.02238095238095238	saddle_focus	numerical_failure	2	0.13486004888537778	0.24376817400440795	0
-0.008634920634920634	-0.021111111111111112	saddle_focus	numerical_failure	2	0.13345174295941106	0.24243809107790867	0
-0.008634920634920634	-0.01984126984126984	saddle_focus	numerical_failure	3	0.19109044703890232	0.43223273008646107	00
-0.008634920634920634	-0.018571428571428572	saddle_focus	numerical_failure	3	0.18061527055169221	0.4205049410947319	01
-0.008634920634920634	-0.0173015873015873	saddle_focus	numerical_failure	3	0.17523192977589222	0.4139197036774856	01
-0.008634920634920634	-0.016031746031746032	saddle_focus	numerical_failure	3	0.17169112157059407	0.40923426192419804	01
-0.008634920634920634	-0.014761904761904763	saddle_focus	numerical_failure	3	0.169087791055355	0.4055488077336288	01
-0.008634920634920634	-0.013492063492063493	saddle_focus	numerical_failure	3	0.167041180911653	0.40248602437966324	01
-0.008634920634920634	-0.012222222222222223	saddle_focus	numerical_failure	3	0.16535275521980114	0.3998497004737097	01
-0.008634920634920634	-0.010952380952380953	saddle_focus	numerical_failure	4	2.528094507263706	2.9256194830424676	010
-0.008634920634920634	-0.009682539682539683	saddle_focus	numerical_failure	5	4.528469032043243	6.679165101719212	0101
-0.008634920634920634	-0.008412698412698413	saddle_focus	complete	64	2.1985416842804	133.74115804905816	010000000000000000000000000000000000000000000000000000000000000
-0.008634920634920634	-0.007142857142857143	saddle_focus	complete	64	1.544665501687692	94.31905843061126	010000000000000000000000000000000000000000000000000000000000000
-0.008634920634920634	-0.005873015873015873	saddle_focus	complete	64	1.3056948637949861	79.85108274580794	010000000000000000000000000000000000000000000000000000000000000
-0.008634920634920634	-0.004603174603174603	saddle_focus	complete	64	1.166650436434424	71.41168967047919	010000000000000000000000000000000000000000000000000000000000000
-0.008634920634920634	-0.0033333333333333335	saddle_focus	complete	64	1.0713325709631016	65.61657731957801	010000000000000000000000000000000000000000000000000000000000000
-0.008634920634920634	-0.0020634920634920637	saddle_focus	complete	64	1.000073203957713	61.27986412886327	010000000000000000000000000000000000000000000000000000000000000
-0.008634920634920634	-0.0007936507936507937	saddle_focus	complete	64	0.9440277277164317	57.18969386884303	010100000000000000000000000000000000000000000000000000000000000
-0.008634920634920634	0.0004761904761904762	saddle_focus	complete	64	0.8979354638391819	54.39932694260872	010100000000000000000000000000000000000000000000000000000000000
-0.008634920634920634	0.001746031746031746	saddle_focus	complete	64	0.8591402220649742	52.059345282898605	011000000000000000000000000000000000000000000000000000000000000
-0.008634920634920634	0.003015873015873016	saddle_focus	complete	64	0.8258030405008177	50.04966817307098	011000000000000000000000000000000000000000000000000000000000000
-0.008634920634920634	0.004285714285714286	saddle_focus	complete	64	0.7966833445542634	48.294087274812625	011000000000000000000000000000000000000000000000000000000000000
-0.008634920634920634	0.005555555555555556	saddle_focus	complete	64	0.7709080456677091	46.73961229200303	011000000000000000000000000000000000000000000000000000000000000
-0.008634920634920634	0.006825396825396826	saddle_focus	complete	64	0.7478415698491172	45.34782109054127	011000000000000000000000000000000000000000000000000000000000000
-0.008634920634920634	0.008095238095238095	saddle_focus	complete	64	0.7270374670169062	44.08998157487358	011000000000000000000000000000000000000000000000000000000000000
-0.008634920634920634	0.009365079365079364	saddle_focus	complete	64	0.7081060229510958	42.944013967066006	011000000000000000000000000000000000000000000000000000000000000
-0.008634920634920634	0.010634920634920634	saddle_focus	complete	64	0.6907587736567615	41.89187036001488	011000000000000000000000000000000000000000000000000000000000000
-0.008634920634920634	0.011904761904761904	saddle_focus	complete	64	0.6747980884954332	40.52226523628404	011010000000000000000000000000000000000000000000000000000000000
-0.008634920634920634	0.013174603174603174	saddle_focus	complete	64	0.6599614101816722	39.61304069565766	011100000000000000000000000000000000000000000000000000000000000
-0.008634920634920634	0.014444444444444444	saddle_focus	complete	64	0.6461573006101275	38.7779225761801	011100000000000000000000000000000000000000000000000000000000000
-0.008634920634920634	0.015714285714285715	saddle_focus	complete	64	0.6332639412302612	37.99974278141279	011100000000000000000000000000000000000000000000000000000000000
-0.008634920634920634	0.016984126984126983	saddle_focus	complete	64	0.6211664947471931	37.27001550525208	011100000000000000000000000000000000000000000000000000000000000
-0.008634920634920634	0.018253968253968255	saddle_focus	complete	64	0.6098207546671315	36.58220946531524	011100000000000000000000000000000000000000000000000000000000000
-0.008634920634920634	0.019523809523809523	saddle_focus	complete	64	0.5993174659687648	35.92806793937512	011100000000000000000000000000000000000000000000000000000000000
-0.008634920634920634	0.020793650793650795	saddle_focus	complete	64	0.5888376016217722	34.989777260369	011101000000000000000000000000000000000000000000000000000000000
-0.008634920634920634	0.022063492063492063	saddle_focus	complete	64	0.5791650670776995	34.39163944399964	011110000000000000000000000000000000000000000000000000000000000
-0.008634920634920634	0.023333333333333334	saddle_focus	complete	64	0.5699570343101097	33.83208140842465	011110000000000000000000000000000000000000000000000000000000000
-0.008634920634920634	0.024603174603174603	saddle_focus	complete	64	0.5612001256854702	33.299621850369384	011110000000000000000000000000000000000000000000000000000000000
-0.008634920634920634	0.025873015873015874	saddle_focus	complete	64	0.5533961847594278	32.784945755244166	011110000000000000000000000000000000000000000000000000000000000
-0.008634920634920634	0.027142857142857142	saddle_focus	complete	64	0.5447424428354224	32.01297416413457	011110100000000000000000000000000000000000000000000000000000000
-0.008634920634920634	0.028412698412698414	saddle_focus	complete	64	0.5370214199972811	31.531151680486914	011111000000000000000000000000000000000000000000000000000000000
-0.008634920634920634	0.029682539682539682	saddle_focus	complete	64	0.529589000029322	31.076249054804983	011111000000000000000000000000000000000000000000000000000000000
-0.008634920634920634	0.030952380952380953	saddle_focus	complete	64	0.5254016214243207	30.6095385600722	011111000000000000000000000000000000000000000000000000000000000
-0.008634920634920634	0.03222222222222222	saddle_focus	complete	64	0.5155737777336156	29.94372523743281	011111100000000000000000000000000000000000000000000000000000000
-0.008634920634920634	0.03349206349206349	saddle_focus	complete	64	0.5088936181130266	29.526606972084444	011111100000000000000000000000000000000000000000000000000000000
-0.008634920634920634	0.034761904761904765	saddle_focus	complete	64	0.5154327691918696	28.946260847040566	011111100000000000000000000000000000000000000000000000000000000
-0.008634920634920634	0.03603174603174603	saddle_focus	complete	64	0.49624069607479093	28.47857979027356	011111110000000000000000000000000000000000000000000000000000000
-0.008634920634920634	0.0373015873015873	saddle_focus	complete	64	0.49129083718129896	28.08768075990764	011111110000000000000000000000000000000000000000000000000000000
-0.008634920634920634	0.03857142857142857	saddle_focus	complete	64	0.48432918532923086	27.47541672743894	011111111000000000000000000000000000000000000000000000000000000
-0.008634920634920634	0.039841269841269844	saddle_focus	complete	64	0.4817291210282184	27.083144153210032	011111111000000000000000000000000000000000000000000000000000000
-0.008634920634920634	0.04111111111111111	saddle_focus	complete	64	0.4730226101165611	26.498786015146475	011111111100000000000000000000000000000000000000000000000000000
-0.008634920634920634	0.04238095238095238	saddle_focus	complete	64	0.46769108535912274	25.912608949224925	011111111110000000000000000000000000000000000000000000000000000
-0.008634920634920634	0.04365079365079365	saddle_focus	complete	64	0.46837374022764955	25.34709109670317	011111111110100000000000000000000000000000000000000000000000000
-0.008634920634920634	0.04492063492063492	saddle_focus	complete	64	0.47025038724278123	24.78575619363699	011111111111000000000000000000000000000000000000000000000000000
-0.008634920634920634	0.04746031746031746	saddle_focus	complete	64	0.44730855062799435	23.544526750874763	011111111111111000000000000000000000000000000000000000000000000
-0.008634920634920634	0.05	saddle_focus	complete	64	0.4537662872877277	21.965863486168704	011111111111111111000000000000000000000000000000000000000000000
-0.008317460317460317	-0.02619047619047619	saddle_focus	numerical_failure	2	0.14070351620308214	0.24923705274958363	0
-0.008317460317460317	-0.01984126984126984	saddle_focus	numerical_failure	2	0.13357561523420336	0.24246221733057388	0
-0.008317460317460317	-0.0173015873015873	saddle_focus	numerical_failure	3	0.18405608092209066	0.4239694892264364	00
-0.008317460317460317	-0.016031746031746032	saddle_focus	numerical_failure	3	0.1769756014001345	0.41568371715733776	01
-0.008317460317460317	-0.014761904761904763	saddle_focus	numerical_failure	3	0.17270900721987498	0.4102670801213264	01
-0.008317460317460317	-0.013492063492063493	saddle_focus	numerical_failure	3	0.1697090273383106	0.4061779136073022	01
-0.008317460317460317	-0.012222222222222223	saddle_focus	numerical_failure	3	0.16741584250569813	0.40286004596780056	01
-0.008317460317460317	-0.010952380952380953	saddle_focus	numerical_failure	4	2.5601698991148107	2.960220154319682	010
-0.008317460317460317	-0.009682539682539683	saddle_focus	numerical_failure	5	4.319120981805211	6.490812317325977	0101
-0.008317460317460317	-0.008412698412698413	saddle_focus	complete	64	2.316396866842435	140.8271733538683	010000000000000000000000000000000000000000000000000000000000000
-0.008317460317460317	-0.007142857142857143	saddle_focus	complete	64	1.5723375891556657	95.99487547810051	010000000000000000000000000000000000000000000000000000000000000
-0.008317460317460317	-0.005873015873015873	saddle_focus	complete	64	1.320919293872469	80.77880253975903	010000000000000000000000000000000000000000000000000000000000000
-0.008317460317460317	-0.004603174603174603	saddle_focus	complete	64	1.17725466901868	72.06121724067295	010000000000000000000000000000000000000000000000000000000000000
-0.008317460317460317	-0.0033333333333333335	saddle_focus	complete	64	1.0795757626062614	66.12341882558279	010000000000000000000000000000000000000000000000000000000000000
-0.008317460317460317	-0.0020634920634920637	saddle_focus	complete	64	1.0068954077145267	61.69947207843163	010000000000000000000000000000000000000000000000000000000000000
-0.008317460317460317	-0.0007936507936507937	saddle_focus	complete	64	0.9497146621207033	58.21572243517867	010000000000000000000000000000000000000000000000000000000000000
-0.008317460317460317	0.0004761904761904762	saddle_focus	complete	64	0.9029841392463722	55.36928851231825	010000000000000000000000000000000000000000000000000000000000000
-0.008317460317460317	0.001746031746031746	saddle_focus	complete	64	0.8638702277217578	52.371354852760646	010100000000000000000000000000000000000000000000000000000000000
-0.008317460317460317	0.003015873015873016	saddle_focus	complete	64	0.8301496292565549	50.32978738536471	011000000000000000000000000000000000000000000000000000000000000
-0.008317460317460317	0.004285714285714286	saddle_focus	complete	64	0.8007265476558862	48.55237963112708	011000000000000000000000000000000000000000000000000000000000000
-0.008317460317460317	0.005555555555555556	saddle_focus	complete	64	0.7747070477409679	46.98129508979832	011000000000000000000000000000000000000000000000000000000000000
-0.008317460317460317	0.006825396825396826	saddle_focus	complete	64	0.7514408498364125	45.57633719813597	011000000000000000000000000000000000000000000000000000000000000
-0.008317460317460317	0.008095238095238095	saddle_focus	complete	64	0.7304421801934025	44.307839840663526	011000000000000000000000000000000000000000000000000000000000000
-0.008317460317460317	0.009365079365079364	saddle_focus	complete	64	0.7113515309718501	43.153203860504554	011000000000000000000000000000000000000000000000000000000000000
-0.008317460317460317	0.010634920634920634	saddle_focus	complete	64	0.6938809554456	42.094779901826946	011000000000000000000000000000000000000000000000000000000000000
-0.008317460317460317	0.011904761904761904	saddle_focus	complete	64	0.6777853147807034	41.11832038225117	011000000000000000000000000000000000000000000000000000000000000
-0.008317460317460317	0.013174603174603174	saddle_focus	complete	64	0.6629627769679751	40.18631507118083	011000000000000000000000000000000000000000000000000000000000000
-0.008317460317460317	0.014444444444444444	saddle_focus	complete	64	0.6490109489982614	38.98145973951658	011010000000000000000000000000000000000000000000000000000000000
-0.008317460317460317	0.015714285714285715	saddle_focus	complete	64	0.6360464876226395	38.19044420960557	011100000000000000000000000000000000000000000000000000000000000
-0.008317460317460317	0.016984126984126983	saddle_focus	complete	64	0.6238908104947931	37.45403160470391	011100000000000000000000000000000000000000000000000000000000000
-0.008317460317460317	0.018253968253968255	saddle_focus	complete	64	0.6124520144923018	36.76241361612306	011100000000000000000000000000000000000000000000000000000000000
-0.008317460317460317	0.019523809523809523	saddle_focus	complete	64	0.6016683949682027	36.10943569294086	011100000000000000000000000000000000000000000000000000000000000
-0.008317460317460317	0.020793650793650795	saddle_focus	complete	64	0.5915624341251629	35.48961922877392	011100000000000000000000000000000000000000000000000000000000000
-0.008317460317460317	0.022063492063492063	saddle_focus	complete	64	0.5921362669490082	34.64351165715334	011100000000000000000000000000000000000000000000000000000000000
-0.008317460317460317	0.023333333333333334	saddle_focus	complete	64	0.5725001625508053	34.02004801777186	011101000000000000000000000000000000000000000000000000000000000
-0.008317460317460317	0.024603174603174603	saddle_focus	complete	64	0.5636971018079882	33.4795779445375	011110000000000000000000000000000000000000000000000000000000000
-0.008317460317460317	0.025873015873015874	saddle_focus	complete	64	0.5552827903777169	32.967661798077046	011110000000000000000000000000000000000000000000000000000000000
-0.008317460317460317	0.027142857142857142	saddle_focus	complete	64	0.5474181528893478	32.47691571146558	011110000000000000000000000000000000000000000000000000000000000
-0.008317460317460317	0.028412698412698414	saddle_focus	complete	64	0.5492403576699718	31.773031246591884	011110000000000000000000000000000000000000000000000000000000000
-0.008317460317460317	0.029682539682539682	saddle_focus	complete	64	0.5320902428187253	31.26684397229975	011111000000000000000000000000000000000000000000000000000000000
-0.008317460317460317	0.030952380952380953	saddle_focus	complete	64	0.5249400199345133	30.824402600851588	011111000000000000000000000000000000000000000000000000000000000
-0.008317460317460317	0.03222222222222222	saddle_focus	complete	64	0.5183952977634321	30.399157851660302	011111000000000000000000000000000000000000000000000000000000000
-0.008317460317460317	0.03349206349206349	saddle_focus	complete	64	0.5114222050022361	29.74364089414273	011111010000000000000000000000000000000000000000000000000000000
-0.008317460317460317	0.034761904761904765	saddle_focus	complete	64	0.5049856713336922	29.32540307435921	011111100000000000000000000000000000000000000000000000000000000
-0.008317460317460317	0.03603174603174603	saddle_focus	complete	64	0.49917380164577363	28.93371143422979	011111100000000000000000000000000000000000000000000000000000000
-0.008317460317460317	0.0373015873015873	saddle_focus	complete	64	0.4927542514363501	28.31724441145571	011111101000000000000000000000000000000000000000000000000000000
-0.008317460317460317	0.03857142857142857	saddle_focus	complete	64	0.4868576223786145	27.933999915986778	011111110000000000000000000000000000000000000000000000000000000
-0.008317460317460317	0.039841269841269844	saddle_focus	complete	64	0.48293108002228835	27.355428695892005	011111110100000000000000000000000000000000000000000000000000000
-0.008317460317460317	0.04111111111111111	saddle_focus	complete	64	0.47562669113554623	26.970459959434915	011111111000000000000000000000000000000000000000000000000000000
-0.008317460317460317	0.04238095238095238	saddle_focus	complete	64	0.4703279309292525	26.39522593726339	011111111010000000000000000000000000000000000000000000000000000
-0.008317460317460317	0.04365079365079365	saddle_focus	complete	64	0.46727270988607605	26.019785873309704	011111111100000000000000000000000000000000000000000000000000000
-0.008317460317460317	0.04492063492063492	saddle_focus	complete	64	0.45982848320962644	25.45299150693391	011111111110000000000000000000000000000000000000000000000000000
-0.008317460317460317	0.04619047619047619	saddle_focus	complete	64	0.45489408837630485	24.88030163965589	011111111111000000000000000000000000000000000000000000000000000
-0.008317460317460317	0.04873015873015873	saddle_focus	complete	64	0.44551139053905153	23.719073760475293	011111111111110000000000000000000000000000000000000000000000000
-0.008317460317460317	0.05	saddle_focus	complete	64	0.44076412443626944	22.937199641076038	011111111111111010000000000000000000000000000000000000000000000
-0.008	-0.02492063492063492	saddle_focus	numerical_failure	2	0.1408441792734295	0.2492795212782278	0
-0.008	-0.0173015873015873	saddle_focus	numerical_failure	2	0.13238285545187484	0.24124216507266036	0
-0.008	-0.016031746031746032	saddle_focus	numerical_failure	3	0.1901529476323655	0.43013855315605176	00
-0.008	-0.014761904761904763	saddle_focus	numerical_failure	3	0.17962898991299783	0.41840412084318207	01
-0.008	-0.012222222222222223	saddle_focus	numerical_failure	3	0.17062956525531012	0.40714892350468057	01
-0.008	-0.010952380952380953	saddle_focus	numerical_failure	4	2.595144925877883	2.998629017010322	010
-0.008	-0.009682539682539683	saddle_focus	numerical_failure	5	4.160969190853564	6.355528480563898	0101
-0.008	-0.008412698412698413	saddle_focus	maximum_time	63	2.4738703391735486	147.8171636370705	01000000000000000000000000000000000000000000000000000000000000
-0.008	-0.007142857142857143	saddle_focus	complete	64	1.6031859790002165	97.85814217809421	010000000000000000000000000000000000000000000000000000000000000
-0.008	-0.005873015873015873	saddle_focus	complete	64	1.3373206065611527	81.77649429559915	010000000000000000000000000000000000000000000000000000000000000
-0.008	-0.004603174603174603	saddle_focus	complete	64	1.1884923304837445	72.74968127994562	010000000000000000000000000000000000000000000000000000000000000
-0.008	-0.0033333333333333335	saddle_focus	complete	64	1.0882352712909005	66.65641200033491	010000000000000000000000000000000000000000000000000000000000000
-0.008	-0.0020634920634920637	saddle_focus	complete	64	1.0140195691831861	62.13960263835372	010000000000000000000000000000000000000000000000000000000000000
-0.008	-0.0007936507936507937	saddle_focus	complete	64	0.9558249195583168	58.594004193792394	010000000000000000000000000000000000000000000000000000000000000
-0.008	0.0004761904761904762	saddle_focus	complete	64	0.9083761943309581	55.70063940496072	010000000000000000000000000000000000000000000000000000000000000
-0.008	0.001746031746031746	saddle_focus	complete	64	0.8685796380431556	53.272631972956034	010000000000000000000000000000000000000000000000000000000000000
-0.008	0.003015873015873016	saddle_focus	complete	64	0.8346199113678112	50.64415549254685	010100000000000000000000000000000000000000000000000000000000000
-0.008	0.004285714285714286	saddle_focus	complete	64	0.8048749468551308	48.825550068338195	010100000000000000000000000000000000000000000000000000000000000
-0.008	0.005555555555555556	saddle_focus	complete	64	0.7785944807543066	47.23290637495475	011000000000000000000000000000000000000000000000000000000000000
-0.008	0.006825396825396826	saddle_focus	complete	64	0.7551140370399172	45.81232653686644	011000000000000000000000000000000000000000000000000000000000000
-0.008	0.008095238095238095	saddle_focus	complete	64	0.73393699886718	44.531613150721206	011000000000000000000000000000000000000000000000000000000000000
-0.008	0.009365079365079364	saddle_focus	complete	64	0.7146850684634285	43.367118785895194	011000000000000000000000000000000000000000000000000000000000000
-0.008	0.010634920634920634	saddle_focus	complete	64	0.6970624854938507	42.30064861390202	011000000000000000000000000000000000000000000000000000000000000
-0.008	0.011904761904761904	saddle_focus	complete	64	0.6808533228540012	41.31782625881549	011000000000000000000000000000000000000000000000000000000000000
-0.008	0.013174603174603174	saddle_focus	complete	64	0.6658494062846854	40.4069967196356	011000000000000000000000000000000000000000000000000000000000000
-0.008	0.014444444444444444	saddle_focus	complete	64	0.6518943721821973	39.55783161247175	011000000000000000000000000000000000000000000000000000000000000
-0.008	0.015714285714285715	saddle_focus	complete	64	0.6397410429202237	38.409975365609654	011010000000000000000000000000000000000000000000000000000000000
-0.008	0.016984126984126983	saddle_focus	complete	64	0.6266424970570021	37.64782044853898	011100000000000000000000000000000000000000000000000000000000000
-0.008	0.018253968253968255	saddle_focus	complete	64	0.615148560316964	36.94714786333731	011100000000000000000000000000000000000000000000000000000000000
-0.008	0.019523809523809523	saddle_focus	complete	64	0.6043025660299457	36.28922812525266	011100000000000000000000000000000000000000000000000000000000000
-0.008	0.020793650793650795	saddle_focus	complete	64	0.594039328314576	35.66738016725449	011100000000000000000000000000000000000000000000000000000000000
-0.008	0.022063492063492063	saddle_focus	complete	64	0.5843610593949116	35.07678011216378	011100000000000000000000000000000000000000000000000000000000000
-0.008	0.023333333333333334	saddle_focus	complete	64	0.5753695823201688	34.51137317057569	011100000000000000000000000000000000000000000000000000000000000
-0.008	0.024603174603174603	saddle_focus	complete	64	0.5662167744924764	33.68175686951824	011101000000000000000000000000000000000000000000000000000000000
-0.008	0.025873015873015874	saddle_focus	complete	64	0.5577851933060753	33.15038896877678	011110000000000000000000000000000000000000000000000000000000000
-0.008	0.027142857142857142	saddle_focus	complete	64	0.5497146677427889	32.65567104248863	011110000000000000000000000000000000000000000000000000000000000
-0.008	0.028412698412698414	saddle_focus	complete	64	0.5419930644542656	32.1834758671359	011110000000000000000000000000000000000000000000000000000000000
-0.008	0.029682539682539682	saddle_focus	complete	64	0.5350923450993172	31.72609429178289	011110000000000000000000000000000000000000000000000000000000000
-0.008	0.030952380952380953	saddle_focus	complete	64	0.5274076381251662	31.027385622668692	011110100000000000000000000000000000000000000000000000000000000
-0.008	0.03222222222222222	saddle_focus	complete	64	0.5205177428590397	30.588299915409358	011111000000000000000000000000000000000000000000000000000000000
-0.008	0.03349206349206349	saddle_focus	complete	64	0.5138601754307637	30.17668779988722	011111000000000000000000000000000000000000000000000000000000000
-0.008	0.034761904761904765	saddle_focus	complete	64	0.5089672865993964	29.76859310480922	011111000000000000000000000000000000000000000000000000000000000
-0.008	0.03603174603174603	saddle_focus	complete	64	0.501250831948477	29.140491952393543	011111100000000000000000000000000000000000000000000000000000000
-0.008	0.0373015873015873	saddle_focus	complete	64	0.4952101722521638	28.75689361182397	011111100000000000000000000000000000000000000000000000000000000
-0.008	0.03857142857142857	saddle_focus	complete	64	0.4932473163369506	28.358895821594547	011111100000000000000000000000000000000000000000000000000000000
-0.008	0.039841269841269844	saddle_focus	complete	64	0.48373004995750835	27.787493132222863	011111110000000000000000000000000000000000000000000000000000000
-0.008	0.04111111111111111	saddle_focus	complete	64	0.4789414633458742	27.427102558007448	011111110000000000000000000000000000000000000000000000000000000
-0.008	0.04238095238095238	saddle_focus	complete	64	0.47287069456756337	26.853631182492357	011111111000000000000000000000000000000000000000000000000000000
-0.008	0.04365079365079365	saddle_focus	complete	64	0.46934481317651655	26.495149744180598	011111111000000000000000000000000000000000000000000000000000000
-0.008	0.04492063492063492	saddle_focus	complete	64	0.46252511246291883	25.937077242111027	011111111100000000000000000000000000000000000000000000000000000
-0.008	0.04619047619047619	saddle_focus	complete	64	0.4576281185021758	25.386805419504636	011111111101000000000000000000000000000000000000000000000000000
-0.008	0.04746031746031746	saddle_focus	complete	64	0.463292540341371	24.868044458999538	011111111110000000000000000000000000000000000000000000000000000
-0.008	0.04873015873015873	saddle_focus	complete	64	0.4602472227293042	24.380881636266412	011111111111000000000000000000000000000000000000000000000000000
-0.008	0.05	saddle_focus	complete	64	0.4490418087713137	23.729287143959116	011111111111101000000000000000000000000000000000000000000000000
-0.028	-0.03	real_saddle	numerical_failure	3	0.20885331614926472	0.9409364565390737	10
-0.028	-0.02873015873015873	real_saddle	numerical_failure	4	0.25189277574720503	1.1979469523759185	110
-0.028	-0.02746031746031746	real_saddle	numerical_failure	4	0.21407899639207528	1.1686756990762397	110
-0.028	-0.02619047619047619	real_saddle	numerical_failure	5	0.23450815881989184	1.4052589672310762	1110
-0.028	-0.02492063492063492	real_saddle	numerical_failure	5	0.2092670284002125	1.3888870169304826	1110
-0.028	-0.02365079365079365	real_saddle	numerical_failure	7	0.2829505950566191	1.8874003786047888	111101
-0.028	-0.02238095238095238	real_saddle	numerical_failure	8	0.22359189359553744	2.0376750900336935	1111110
-0.028	-0.021111111111111112	real_saddle	numerical_failure	10	0.21929750532443792	2.445377525074428	111111110
-0.028	-0.01984126984126984	real_saddle	numerical_failure	14	0.22091053921091053	3.252482566103372	1111111111110
-0.028	-0.018571428571428572	real_saddle	numerical_failure	25	0.22290017541317297	5.398485814840929	111111111111111111111101
-0.028	-0.0173015873015873	real_saddle	complete	64	0.186972561403965	12.271980590359862	111111111111111111111111111111111111111111111111111111111111111
-0.028	-0.016031746031746032	real_saddle	complete	64	0.18652081105683005	12.234393065731743	111111111111111111111111111111111111111111111111111111111111111
-0.028	-0.014761904761904763	real_saddle	complete	64	0.18611898973072138	12.26901534805673	111111111111111111111111111111111111111111111111111111111111111
-0.028	-0.013492063492063493	real_saddle	complete	64	0.18576293320993975	12.379462804207957	111111111111111111111111111111111111111111111111111111111111111
-0.028	-0.012222222222222223	real_saddle	complete	64	0.1854488779139296	12.691913540648764	111111111111111111111111111111111111111111111111111111111111111
-0.028	-0.010952380952380953	real_saddle	complete	64	0.18517332104384643	18.681333713888684	111111111111111111111111111111111111111111111111111111111111111
-0.027682539682539684	-0.03	real_saddle	numerical_failure	3	0.2198912211378924	0.9531606041935502	10
-0.027682539682539684	-0.02873015873015873	real_saddle	numerical_failure	3	0.2091186086925505	0.9527771030191069	10
-0.027682539682539684	-0.02746031746031746	real_saddle	numerical_failure	3	0.20327424327322396	0.9590548752967755	11
-0.027682539682539684	-0.02619047619047619	real_saddle	numerical_failure	4	0.21584153945742635	1.1850059843259981	110
-0.027682539682539684	-0.02492063492063492	real_saddle	numerical_failure	5	0.2573307175759325	1.445272349315594	1110
-0.027682539682539684	-0.02365079365079365	real_saddle	numerical_failure	5	0.21126536303100107	1.4101977427613437	1110
-0.027682539682539684	-0.02238095238095238	real_saddle	numerical_failure	6	0.21376893576353617	1.6309393058508759	11110
-0.027682539682539684	-0.021111111111111112	real_saddle	numerical_failure	8	0.2511408582880885	2.096567703066133	1111101
-0.027682539682539684	-0.01984126984126984	real_saddle	numerical_failure	10	0.2569030720843877	2.5252647352527493	111111101
-0.027682539682539684	-0.018571428571428572	real_saddle	numerical_failure	13	0.23022450073616207	3.110988237943296	111111111101
-0.027682539682539684	-0.0173015873015873	real_saddle	numerical_failure	21	0.26598466134506626	4.7432783222041985	11111111111111111101
-0.027682539682539684	-0.016031746031746032	real_saddle	complete	64	0.18655169816693562	12.360456916498594	111111111111111111111111111111111111111111111111111111111111111
-0.027682539682539684	-0.014761904761904763	real_saddle	complete	64	0.18610090914789157	12.317087494510885	111111111111111111111111111111111111111111111111111111111111111
-0.027682539682539684	-0.013492063492063493	real_saddle	complete	64	0.1857000749397517	12.412001697217583	111111111111111111111111111111111111111111111111111111111111111
-0.027682539682539684	-0.012222222222222223	real_saddle	complete	64	0.18534486143649254	12.717151531082175	111111111111111111111111111111111111111111111111111111111111111
-0.027682539682539684	-0.010952380952380953	real_saddle	complete	64	0.18503119908997512	18.267694847829627	111111111111111111111111111111111111111111111111111111111111111
-0.027365079365079367	-0.03	real_saddle	numerical_failure	2	0.1994159852109587	0.7349000547506046	1
-0.027365079365079367	-0.02873015873015873	real_saddle	numerical_failure	3	0.22131851108512668	0.9661709986738093	10
-0.027365079365079367	-0.02746031746031746	real_saddle	numerical_failure	3	0.20951811022495237	0.9661627536816644	10
-0.027365079365079367	-0.02619047619047619	real_saddle	numerical_failure	3	0.2033688660690035	0.9738216941907932	11
-0.027365079365079367	-0.02492063492063492	real_saddle	numerical_failure	4	0.2182435954788602	1.2040832573863438	110
-0.027365079365079367	-0.02365079365079365	real_saddle	numerical_failure	4	0.20622384726029397	1.2079170129051098	111
-0.027365079365079367	-0.02238095238095238	real_saddle	numerical_failure	5	0.21400622348415688	1.435609536700441	1110
-0.027365079365079367	-0.021111111111111112	real_saddle	numerical_failure	6	0.2189210221567215	1.6637156328828517	11110
-0.027365079365079367	-0.01984126984126984	real_saddle	numerical_failure	7	0.2156092709077999	1.8848161159539207	111110
-0.027365079365079367	-0.018571428571428572	real_saddle	numerical_failure	9	0.22506046199463992	2.3266125253077194	11111110
-0.027365079365079367	-0.0173015873015873	real_saddle	numerical_failure	12	0.23711909220041205	2.974560322653072	11111111101
-0.027365079365079367	-0.016031746031746032	real_saddle	numerical_failure	17	0.21971237451338732	3.9697372854540993	1111111111111110
-0.027365079365079367	-0.014761904761904763	real_saddle	complete	64	0.19022529624310636	12.73227679690455	111111111111111111111111111111111111111111111111111111111111111
-0.027365079365079367	-0.013492063492063493	real_saddle	complete	64	0.185682715184617	12.469321350675761	111111111111111111111111111111111111111111111111111111111111111
-0.027365079365079367	-0.012222222222222223	real_saddle	complete	64	0.18528183171035661	12.75244677128384	111111111111111111111111111111111111111111111111111111111111111
-0.027365079365079367	-0.010952380952380953	real_saddle	complete	64	0.1849261556339945	17.91715107170166	111111111111111111111111111111111111111111111111111111111111111
-0.027047619047619046	-0.03	real_saddle	numerical_failure	2	0.20185010761506428	0.7371728477722193	1
-0.027047619047619046	-0.02873015873015873	real_saddle	numerical_failure	2	0.1990375308386776	0.7465003831583692	1
-0.027047619047619046	-0.02746031746031746	real_saddle	numerical_failure	3	0.22327757169690743	0.9811262291493482	10
-0.027047619047619046	-0.02619047619047619	real_saddle	numerical_failure	3	0.21007546725754023	0.9813964894055635	10
-0.027047619047619046	-0.02492063492063492	real_saddle	numerical_failure	3	0.20354914268113378	0.990729093115206	11
-0.027047619047619046	-0.02365079365079365	real_saddle	numerical_failure	4	0.2216410906970785	1.2267572753640368	110
-0.027047619047619046	-0.02238095238095238	real_saddle	numerical_failure	4	0.20731111177749106	1.2314021684515475	110
-0.027047619047619046	-0.021111111111111112	real_saddle	numerical_failure	5	0.21795308002565084	1.4665594973832092	1110
-0.027047619047619046	-0.01984126984126984	real_saddle	numerical_failure	6	0.22816505587513913	1.7065870890728527	11110
-0.027047619047619046	-0.018571428571428572	real_saddle	numerical_failure	7	0.2253583980244931	1.93717465488222	111110
-0.027047619047619046	-0.0173015873015873	real_saddle	numerical_failure	8	0.21294948611323883	2.162134964352795	1111110
-0.027047619047619046	-0.016031746031746032	real_saddle	numerical_failure	11	0.23493118627356901	2.8434500399433045	1111111101
-0.027047619047619046	-0.014761904761904763	real_saddle	numerical_failure	15	0.22415503527656178	3.6917968903430673	11111111111101
-0.027047619047619046	-0.013492063492063493	real_saddle	numerical_failure	29	0.23505857552389653	6.520867990728115	1111111111111111111111111101
-0.027047619047619046	-0.012222222222222223	real_saddle	complete	64	0.18526573587049566	12.823572869115859	111111111111111111111111111111111111111111111111111111111111111
-0.027047619047619046	-0.010952380952380953	real_saddle	complete	64	0.1848634643060123	17.62436265007812	111111111111111111111111111111111111111111111111111111111111111
-0.02673015873015873	-0.03	real_saddle	numerical_failure	2	0.20526747390066002	0.7404677211608146	0
-0.02673015873015873	-0.02873015873015873	real_saddle	numerical_failure	2	0.2015193981651766	0.7488072788789506	1
-0.02673015873015873	-0.02746031746031746	real_saddle	numerical_failure	2	0.198686169496876	0.7595175751188834	1
-0.02673015873015873	-0.02619047619047619	real_saddle	numerical_failure	3	0.2260158798162406	0.9985527698042833	10
-0.02673015873015873	-0.02492063492063492	real_saddle	numerical_failure	3	0.2108217433605315	0.9988740680504404	10
-0.02673015873015873	-0.02365079365079365	real_saddle	numerical_failure	3	0.20382690506125034	1.010276736406478	11
-0.02673015873015873	-0.02238095238095238	real_saddle	numerical_failure	4	0.22681131600158366	1.254481453164753	110
-0.02673015873015873	-0.021111111111111112	real_saddle	numerical_failure	4	0.20872187674712972	1.259424967866458	110
-0.02673015873015873	-0.01984126984126984	real_saddle	numerical_failure	5	0.2242132771329457	1.5055852979420823	1110
-0.02673015873015873	-0.018571428571428572	real_saddle	numerical_failure	6	0.26043392075589233	1.7807841288696524	11110
-0.02673015873015873	-0.0173015873015873	real_saddle	numerical_failure	7	0.26612849052258913	2.0329986714527046	111101
-0.02673015873015873	-0.016031746031746032	real_saddle	numerical_failure	8	0.2247686379245235	2.2478560484721464	1111110
-0.02673015873015873	-0.014761904761904763	real_saddle	numerical_failure	10	0.22603839868675868	2.7349169458148137	111111110
-0.02673015873015873	-0.013492063492063493	real_saddle	numerical_failure	13	0.21680090122832496	3.4571504873098324	111111111110
-0.02673015873015873	-0.012222222222222223	real_saddle	numerical_failure	22	0.24865266195599656	5.5734204569614	111111111111111111101
-0.02673015873015873	-0.010952380952380953	real_saddle	complete	64	0.18484923833271072	17.427380048594504	111111111111111111111111111111111111111111111111111111111111111
-0.026412698412698412	-0.03	real_saddle	numerical_failure	2	0.21054656698093732	0.7456675473024182	0
-0.026412698412698412	-0.02873015873015873	real_saddle	numerical_failure	2	0.20501937617359145	0.7521701126781108	0
-0.026412698412698412	-0.02746031746031746	real_saddle	numerical_failure	2	0.20122462601292124	0.7618654503912806	1
-0.026412698412698412	-0.02619047619047619	real_saddle	numerical_failure	2	0.19836273436177432	0.7742304854426647	1
-0.026412698412698412	-0.02492063492063492	real_saddle	numerical_failure	3	0.23002002252434617	1.0193014842576815	10
-0.026412698412698412	-0.02365079365079365	real_saddle	numerical_failure	3	0.21180120350258713	1.0191270499897016	10
-0.026412698412698412	-0.02238095238095238	real_saddle	numerical_failure	3	0.20421639638273958	1.0331480382797222	11
-0.026412698412698412	-0.021111111111111112	real_saddle	numerical_failure	4	0.23604930439077232	1.2905070125374674	110
-0.026412698412698412	-0.01984126984126984	real_saddle	numerical_failure	4	0.21056977523488984	1.2935031724157078	110
-0.026412698412698412	-0.018571428571428572	real_saddle	numerical_failure	5	0.23681246076205875	1.5589193574526106	1110
-0.026412698412698412	-0.0173015873015873	real_saddle	numerical_failure	5	0.20804270647197942	1.5743622337229168	1110
-0.026412698412698412	-0.016031746031746032	real_saddle	numerical_failure	6	0.21175726604666223	1.8414280339469622	11110
-0.026412698412698412	-0.014761904761904763	real_saddle	numerical_failure	7	0.2096783674838465	2.130384033587161	111110
-0.026412698412698412	-0.013492063492063493	real_saddle	numerical_failure	9	0.21668564342853136	2.6907785373631277	11111110
-0.026412698412698412	-0.012222222222222223	real_saddle	numerical_failure	12	0.22437569264970447	3.6353410810339932	11111111110
-0.026412698412698412	-0.010952380952380953	real_saddle	numerical_failure	19	2.4255152372660778	11.552698834668378	111111111111111011
-0.026095238095238095	-0.03	real_saddle	numerical_failure	2	0.22071230225385707	0.7558034356099158	0
-0.026095238095238095	-0.02873015873015873	real_saddle	numerical_failure	2	0.21046963269505536	0.7575260425475422	0
-0.026095238095238095	-0.02746031746031746	real_saddle	numerical_failure	2	0.2048230414044112	0.7653106650289586	0
-0.026095238095238095	-0.02619047619047619	real_saddle	numerical_failure	2	0.20096722356308216	0.7766264836299063	1
-0.026095238095238095	-0.02492063492063492	real_saddle	numerical_failure	2	0.1980681151807825	0.7910030114869745	1
-0.026095238095238095	-0.02365079365079365	real_saddle	numerical_failure	3	0.23645544044443212	1.0450237663427313	10
-0.026095238095238095	-0.02238095238095238	real_saddle	numerical_failure	3	0.2130770259075223	1.0428859963775072	10
-0.026095238095238095	-0.021111111111111112	real_saddle	numerical_failure	3	0.20473679935655542	1.0603085795146538	10
-0.026095238095238095	-0.01984126984126984	real_saddle	numerical_failure	4	0.26636395575029015	1.3532479927365926	110
-0.026095238095238095	-0.018571428571428572	real_saddle	numerical_failure	4	0.21304024557369683	1.3359926463916096	110
-0.026095238095238095	-0.0173015873015873	real_saddle	numerical_failure	4	0.20296326939964238	1.3744401364605716	111
-0.026095238095238095	-0.016031746031746032	real_saddle	numerical_failure	5	0.21129731297515542	1.64726171569178	1110
-0.026095238095238095	-0.014761904761904763	real_saddle	numerical_failure	6	0.21845289767536946	1.9501000002482238	11110
-0.026095238095238095	-0.013492063492063493	real_saddle	numerical_failure	7	0.21751067222531129	2.3064770852451475	111110
-0.026095238095238095	-0.012222222222222223	real_saddle	numerical_failure	9	0.2582224842130705	3.0991931000627773	11111101
-0.026095238095238095	-0.010952380952380953	real_saddle	numerical_failure	12	2.4161719647425075	9.948153180912469	11111111011
-0.025777777777777778	-0.03	real_saddle	numerical_failure	1	NaN	0.5351174443447344	
-0.025777777777777778	-0.02873015873015873	real_saddle	numerical_failure	2	0.22118937263478322	0.7681999744432457	0
-0.025777777777777778	-0.02746031746031746	real_saddle	numerical_failure	2	0.2104807171136983	0.7708568895020841	0
-0.025777777777777778	-0.02619047619047619	real_saddle	numerical_failure	2	0.20468111437130065	0.7801684070371381	0
-0.025777777777777778	-0.02492063492063492	real_saddle	numerical_failure	2	0.20074834706934186	0.7934536545144271	1
-0.025777777777777778	-0.02365079365079365	real_saddle	numerical_failure	2	0.1978027082645113	0.8103199519076646	1
-0.025777777777777778	-0.02238095238095238	real_saddle	numerical_failure	3	0.2495779560856244	1.0806415492548065	10
-0.025777777777777778	-0.021111111111111112	real_saddle	numerical_failure	3	0.21474446481422438	1.0711899870813104	10
-0.025777777777777778	-0.01984126984126984	real_saddle	numerical_failure	3	0.20541221393974418	1.0931748479771397	10
-0.025777777777777778	-0.018571428571428572	real_saddle	numerical_failure	3	0.19998806709229255	1.127118159633355	11
-0.025777777777777778	-0.0173015873015873	real_saddle	numerical_failure	4	0.21647357680037982	1.3908096762570237	110
-0.025777777777777778	-0.016031746031746032	real_saddle	numerical_failure	4	0.2042968468473989	1.4448880101029022	111
-0.025777777777777778	-0.014761904761904763	real_saddle	numerical_failure	5	0.21609167591948775	1.752955717378413	1110
-0.025777777777777778	-0.013492063492063493	real_saddle	numerical_failure	6	0.23244637435819548	2.1311430282892077	11110
-0.025777777777777778	-0.012222222222222223	real_saddle	numerical_failure	7	0.23685919891725593	2.685505396895965	111110
-0.025777777777777778	-0.010952380952380953	real_saddle	numerical_failure	9	2.407831249000637	9.129464047653789	11111101
-0.02546031746031746	-0.03	real_saddle	numerical_failure	1	NaN	0.5352088184301496	
-0.02546031746031746	-0.02873015873015873	real_saddle	numerical_failure	1	NaN	0.547019934726453	
-0.02546031746031746	-0.02746031746031746	real_saddle	numerical_failure	2	0.22190758023380475	0.7822199073412595	0
-0.02546031746031746	-0.02619047619047619	real_saddle	numerical_failure	2	0.2105881854422078	0.7859442851756948	0
-0.02546031746031746	-0.02492063492063492	real_saddle	numerical_failure	2	0.2045974894932645	0.7971084621698302	0
-0.02546031746031746	-0.02365079365079365	real_saddle	numerical_failure	2	0.20057046178778004	0.8128320550870772	1
-0.02546031746031746	-0.02238095238095238	real_saddle	numerical_failure	2	0.1975681130522362	0.8328462262444459	1
-0.02546031746031746	-0.021111111111111112	real_saddle	numerical_failure	2	0.19519612351940518	0.8577090002433939	1
-0.02546031746031746	-0.01984126984126984	real_saddle	numerical_failure	3	0.21695512649624082	1.1055793343968159	10
-0.02546031746031746	-0.018571428571428572	real_saddle	numerical_failure	3	0.2062759559163071	1.1339317428807996	10
-0.02546031746031746	-0.0173015873015873	real_saddle	numerical_failure	3	0.2003956874654047	1.1787309083529016	11
-0.02546031746031746	-0.016031746031746032	real_saddle	numerical_failure	4	0.22159506364618253	1.4651101552873793	110
-0.02546031746031746	-0.014761904761904763	real_saddle	numerical_failure	4	0.20601213137599061	1.5467250695744652	110
-0.02546031746031746	-0.013492063492063493	real_saddle	numerical_failure	5	0.22414569458640154	1.9263674765496306	1110
-0.02546031746031746	-0.012222222222222223	real_saddle	numerical_failure	5	0.20448043735399546	2.2554213750028977	1110
-0.02546031746031746	-0.010952380952380953	real_saddle	numerical_failure	7	2.3965285106294134	8.511532511804981	111101
-0.025142857142857144	-0.03	real_saddle	numerical_failure	1	NaN	0.5353758643770602	
-0.025142857142857144	-0.02873015873015873	real_saddle	numerical_failure	1	NaN	0.547093271702881	
-0.025142857142857144	-0.02746031746031746	real_saddle	numerical_failure	1	NaN	0.5603027971334096	
-0.025142857142857144	-0.02619047619047619	real_saddle	numerical_failure	2	0.22291985871916142	0.7981913734599074	0
-0.025142857142857144	-0.02492063492063492	real_saddle	numerical_failure	2	0.2108021721141622	0.8031586087020531	0
-0.025142857142857144	-0.02365079365079365	real_saddle	numerical_failure	2	0.2045759984696549	0.8166161793223574	0
-0.025142857142857144	-0.02238095238095238	real_saddle	numerical_failure	2	0.20043522847962736	0.8354253573849535	1
-0.025142857142857144	-0.021111111111111112	real_saddle	numerical_failure	2	0.19736578018289674	0.859521325071625	1
-0.025142857142857144	-0.01984126984126984	real_saddle	numerical_failure	2	0.19494895853605854	0.889888461088249	1
-0.025142857142857144	-0.018571428571428572	real_saddle	numerical_failure	3	0.21997379202161005	1.1484629829963726	10
-0.025142857142857144	-0.0173015873015873	real_saddle	numerical_failure	3	0.20737321399694097	1.1861687486947328	10
-0.025142857142857144	-0.016031746031746032	real_saddle	numerical_failure	3	0.20092279353850673	1.2481355643457734	11
-0.025142857142857144	-0.014761904761904763	real_saddle	numerical_failure	4	0.23044780144893706	1.5740578105736711	110
-0.025142857142857144	-0.013492063492063493	real_saddle	numerical_failure	4	0.20825556564969938	1.7130654780963843	110
-0.025142857142857144	-0.012222222222222223	real_saddle	numerical_failure	5	0.24411147799151411	2.299477036076523	1110
-0.025142857142857144	-0.010952380952380953	real_saddle	numerical_failure	6	2.391343500829241	8.12301205085091	11101
-0.024825396825396827	-0.03	real_saddle	numerical_failure	1	NaN	0.535632653090708	
-0.024825396825396827	-0.02873015873015873	real_saddle	numerical_failure	1	NaN	0.5472409191620131	
-0.024825396825396827	-0.02746031746031746	real_saddle	numerical_failure	1	NaN	0.5603557243699853	
-0.024825396825396827	-0.02619047619047619	real_saddle	numerical_failure	1	NaN	0.575240067240915	
-0.024825396825396827	-0.02492063492063492	real_saddle	numerical_failure	2	0.22430319368971785	0.8165505116056262	0
-0.024825396825396827	-0.02365079365079365	real_saddle	numerical_failure	2	0.21113645041766016	0.8229937867852546	0
-0.024825396825396827	-0.02238095238095238	real_saddle	numerical_failure	2	0.20462181350992525	0.8393564238355223	0
-0.024825396825396827	-0.021111111111111112	real_saddle	numerical_failure	2	0.20034571060552742	0.8621711764079218	1
-0.024825396825396827	-0.01984126984126984	real_saddle	numerical_failure	2	0.19719693052776333	0.8917251900629977	1
-0.024825396825396827	-0.018571428571428572	real_saddle	numerical_failure	2	0.19472765108963475	0.9297389579164482	1
-0.024825396825396827	-0.0173015873015873	real_saddle	numerical_failure	3	0.2243220203886026	1.2038926312654485	10
-0.024825396825396827	-0.016031746031746032	real_saddle	numerical_failure	3	0.2087692094017044	1.2563186761719647	10
-0.024825396825396827	-0.014761904761904763	real_saddle	numerical_failure	3	0.2015908829655768	1.3483976292360005	11
-0.024825396825396827	-0.013492063492063493	real_saddle	numerical_failure	4	0.25511325345693514	1.76249040271825	110
-0.024825396825396827	-0.012222222222222223	real_saddle	numerical_failure	4	0.21127641922947737	2.0662586845600646	110
-0.024825396825396827	-0.010952380952380953	real_saddle	numerical_failure	5	2.3830809113401434	7.737456615177965	1110
-0.024507936507936506	-0.03	real_saddle	numerical_failure	1	NaN	0.5359973205659915	
-0.024507936507936506	-0.02873015873015873	real_saddle	numerical_failure	1	NaN	0.5474769699437523	
-0.024507936507936506	-0.02746031746031746	real_saddle	numerical_failure	1	NaN	0.5604822153457181	
-0.024507936507936506	-0.02619047619047619	real_saddle	numerical_failure	1	NaN	0.5752701747937813	
-0.024507936507936506	-0.02492063492063492	real_saddle	numerical_failure	1	NaN	0.5921902755248923	
-0.024507936507936506	-0.02365079365079365	real_saddle	numerical_failure	2	0.2261805770475822	0.8378990626824216	0
-0.024507936507936506	-0.02238095238095238	real_saddle	numerical_failure	2	0.21160772491414148	0.8461239126086498	0
-0.024507936507936506	-0.021111111111111112	real_saddle	numerical_failure	2	0.20474171885776882	0.8662676578864714	0
-0.024507936507936506	-0.01984126984126984	real_saddle	numerical_failure	2	0.20030493900973367	0.8944464137210915	1
-0.024507936507936506	-0.018571428571428572	real_saddle	numerical_failure	2	0.1970636571342541	0.9315875552789232	1
-0.024507936507936506	-0.0173015873015873	real_saddle	numerical_failure	2	0.19453386605931233	0.9807767018880049	1
-0.024507936507936506	-0.016031746031746032	real_saddle	numerical_failure	3	0.23125977453175284	1.2794669308935744	10
-0.024507936507936506	-0.014761904761904763	real_saddle	numerical_failure	3	0.21055936437247968	1.3574500181077889	10
-0.024507936507936506	-0.013492063492063493	real_saddle	numerical_failure	3	0.20242653877182404	1.5120645903640684	10
-0.024507936507936506	-0.012222222222222223	real_saddle	numerical_failure	3	0.19741577479136474	1.8556859529612177	11
-0.024507936507936506	-0.010952380952380953	real_saddle	numerical_failure	5	2.3893383937913075	7.594639569992634	1101
-0.02419047619047619	-0.03	real_saddle	numerical_failure	1	NaN	0.5364932048063161	
-0.02419047619047619	-0.02873015873015873	real_saddle	numerical_failure	1	NaN	0.5478188133835693	
-0.02419047619047619	-0.02746031746031746	real_saddle	numerical_failure	1	NaN	0.5606954027044517	
-0.02419047619047619	-0.02619047619047619	real_saddle	numerical_failure	1	NaN	0.5753721694278292	
-0.02419047619047619	-0.02492063492063492	real_saddle	numerical_failure	1	NaN	0.5921932526536927	
-0.02419047619047619	-0.02365079365079365	real_saddle	numerical_failure	1	NaN	0.6116299402786624	
-0.02419047619047619	-0.02238095238095238	real_saddle	numerical_failure	2	0.2287535170712226	0.8630932902978569	0
-0.02419047619047619	-0.021111111111111112	real_saddle	numerical_failure	2	0.21224016819318348	0.8735013375075866	0
-0.02419047619047619	-0.01984126984126984	real_saddle	numerical_failure	2	0.20494343380478752	0.8987260764549846	0
-0.02419047619047619	-0.018571428571428572	real_saddle	numerical_failure	2	0.20031675347926403	0.9343740590839115	0
-0.02419047619047619	-0.0173015873015873	real_saddle	numerical_failure	2	0.19696787728311793	0.9826096918511777	1
-0.02419047619047619	-0.016031746031746032	real_saddle	numerical_failure	2	0.19436830385518833	1.0493090478537028	1
-0.02419047619047619	-0.014761904761904763	real_saddle	numerical_failure	3	0.24547450612777277	1.3927707394409157	10
-0.02419047619047619	-0.013492063492063493	real_saddle	numerical_failure	3	0.21289614885614339	1.522000015322837	10
-0.02419047619047619	-0.012222222222222223	real_saddle	numerical_failure	3	0.20346438571602898	1.8587447083348883	10
-0.02419047619047619	-0.010952380952380953	real_saddle	numerical_failure	4	2.3708899149341383	7.209148118368737	110
-0.023873015873015872	-0.03	real_saddle	numerical_failure	1	NaN	0.537152850118688	
-0.023873015873015872	-0.02873015873015873	real_saddle	numerical_failure	1	NaN	0.5482898905082577	
-0.023873015873015872	-0.02746031746031746	real_saddle	numerical_failure	1	NaN	0.5610124625275595	
-0.023873015873015872	-0.02619047619047619	real_saddle	numerical_failure	1	NaN	0.575559241710652	
-0.023873015873015872	-0.02492063492063492	real_saddle	numerical_failure	1	NaN	0.5922664407808009	
-0.023873015873015872	-0.02365079365079365	real_saddle	numerical_failure	1	NaN	0.6116001593745107	
-0.023873015873015872	-0.02238095238095238	real_saddle	numerical_failure	1	NaN	0.6342121518132983	
-0.023873015873015872	-0.021111111111111112	real_saddle	numerical_failure	2	0.2323933645300299	0.8934297272811097	0
-0.023873015873015872	-0.01984126984126984	real_saddle	numerical_failure	2	0.21306334340606758	0.9065189206074887	0
-0.023873015873015872	-0.018571428571428572	real_saddle	numerical_failure	2	0.20523646920493333	0.938851296927699	0
-0.023873015873015872	-0.0173015873015873	real_saddle	numerical_failure	2	0.20038528251331755	0.9854413507308346	0
-0.023873015873015872	-0.016031746031746032	real_saddle	numerical_failure	2	0.19691152285250735	1.0510671495369563	1
-0.023873015873015872	-0.014761904761904763	real_saddle	numerical_failure	2	0.19423172639003206	1.1481553988741389	1
-0.023873015873015872	-0.013492063492063493	real_saddle	numerical_failure	2	0.19206853715260364	1.3088767936394616	1
-0.023873015873015872	-0.012222222222222223	real_saddle	numerical_failure	3	0.2160345805659416	1.8684618829931288	10
-0.023873015873015872	-0.010952380952380953	real_saddle	numerical_failure	4	2.37397581284109	7.072926054646842	101
-0.023555555555555555	-0.03	real_saddle	numerical_failure	1	NaN	0.5380225986082235	
-0.023555555555555555	-0.02873015873015873	real_saddle	numerical_failure	1	NaN	0.5489218327399453	
-0.023555555555555555	-0.02746031746031746	real_saddle	numerical_failure	1	NaN	0.5614564571690115	
-0.023555555555555555	-0.02619047619047619	real_saddle	numerical_failure	1	NaN	0.575848599765356	
-0.023555555555555555	-0.02492063492063492	real_saddle	numerical_failure	1	NaN	0.5924232887557908	
-0.023555555555555555	-0.02365079365079365	real_saddle	numerical_failure	1	NaN	0.6116386182851518	
-0.023555555555555555	-0.02238095238095238	real_saddle	numerical_failure	1	NaN	0.6341408457434499	
-0.023555555555555555	-0.021111111111111112	real_saddle	numerical_failure	1	NaN	0.660857754670023	
-0.023555555555555555	-0.01984126984126984	real_saddle	numerical_failure	2	0.23789188881256695	0.9310573901742558	0
-0.023555555555555555	-0.018571428571428572	real_saddle	numerical_failure	2	0.21411970514438816	0.947319921653024	0
-0.023555555555555555	-0.0173015873015873	real_saddle	numerical_failure	2	0.2056329309670406	0.9901215558998079	0
-0.023555555555555555	-0.016031746031746032	real_saddle	numerical_failure	2	0.20051572062672718	1.053892658323493	0
-0.023555555555555555	-0.014761904761904763	real_saddle	numerical_failure	2	0.19689717388335237	1.1496992236002284	1
-0.023555555555555555	-0.013492063492063493	real_saddle	numerical_failure	2	0.19412547532492952	1.3090988670403834	1
-0.023555555555555555	-0.012222222222222223	real_saddle	numerical_failure	2	0.19189695211622615	1.6498021434664951	1
-0.023555555555555555	-0.010952380952380953	real_saddle	numerical_failure	4	2.3812984373174215	6.95845997436225	101
-0.023238095238095238	-0.03	real_saddle	numerical_failure	1	NaN	0.5391693454811038	
-0.023238095238095238	-0.02873015873015873	real_saddle	numerical_failure	1	NaN	0.5497595589517655	
-0.023238095238095238	-0.02746031746031746	real_saddle	numerical_failure	1	NaN	0.5620589150685023	
-0.023238095238095238	-0.02619047619047619	real_saddle	numerical_failure	1	NaN	0.5762629016833849	
-0.023238095238095238	-0.02492063492063492	real_saddle	numerical_failure	1	NaN	0.5926804768420273	
-0.023238095238095238	-0.02365079365079365	real_saddle	numerical_failure	1	NaN	0.6117588575795484	
-0.023238095238095238	-0.02238095238095238	real_saddle	numerical_failure	1	NaN	0.6341362411241712	
-0.023238095238095238	-0.021111111111111112	real_saddle	numerical_failure	1	NaN	0.6607332448330776	
-0.023238095238095238	-0.01984126984126984	real_saddle	numerical_failure	1	NaN	0.6929185335931995	
-0.023238095238095238	-0.018571428571428572	real_saddle	numerical_failure	2	0.2474675683711982	0.9802856042797496	0
-0.023238095238095238	-0.0173015873015873	real_saddle	numerical_failure	2	0.21546848467918345	0.9994112531550811	0
-0.023238095238095238	-0.016031746031746032	real_saddle	numerical_failure	2	0.20614682078516622	1.0587540031569624	0
-0.023238095238095238	-0.014761904761904763	real_saddle	numerical_failure	2	0.20071301986569656	1.1523835884025024	0
-0.023238095238095238	-0.013492063492063493	real_saddle	numerical_failure	2	0.19692627260974094	1.3100208950250456	1
-0.023238095238095238	-0.012222222222222223	real_saddle	numerical_failure	2	0.19404813597906667	1.6475551840711247	1
-0.023238095238095238	-0.010952380952380953	real_saddle	numerical_failure	3	2.3532765275389114	6.580392875470145	10
-0.02292063492063492	-0.03	real_saddle	numerical_failure	1	NaN	0.5406983467151072	
-0.02292063492063492	-0.02873015873015873	real_saddle	numerical_failure	1	NaN	0.5508688677163368	
-0.02292063492063492	-0.02746031746031746	real_saddle	numerical_failure	1	NaN	0.5628635789018096	
-0.02292063492063492	-0.02619047619047619	real_saddle	numerical_failure	1	NaN	0.5768329128402981	
-0.02292063492063492	-0.02492063492063492	real_saddle	numerical_failure	1	NaN	0.5930603050391877	
-0.02292063492063492	-0.02365079365079365	real_saddle	numerical_failure	1	NaN	0.6119774776823188	
-0.02292063492063492	-0.02238095238095238	real_saddle	numerical_failure	1	NaN	0.6342111001585593	
-0.02292063492063492	-0.021111111111111112	real_saddle	numerical_failure	1	NaN	0.6606726624163485	
-0.02292063492063492	-0.01984126984126984	real_saddle	numerical_failure	1	NaN	0.6927222124261103	
-0.02292063492063492	-0.018571428571428572	real_saddle	numerical_failure	1	NaN	0.7324745333331706	
-0.02292063492063492	-0.0173015873015873	real_saddle	numerical_failure	2	0.2740894902774219	1.0575128958822817	0
-0.02292063492063492	-0.016031746031746032	real_saddle	numerical_failure	2	0.2171938693998673	1.0690431643504974	0
-0.02292063492063492	-0.014761904761904763	real_saddle	numerical_failure	2	0.20679637115704963	1.1573278302135135	0
-0.02292063492063492	-0.013492063492063493	real_saddle	numerical_failure	2	0.20098277506114237	1.3121544179327278	0
-0.02292063492063492	-0.012222222222222223	real_saddle	numerical_failure	2	0.19699975958714577	1.6459615282031264	1
-0.02292063492063492	-0.010952380952380953	real_saddle	numerical_failure	3	2.3525578173409656	6.457436782888494	10
-0.022603174603174604	-0.03	real_saddle	numerical_failure	1	NaN	0.5427838895885845	
-0.022603174603174604	-0.02873015873015873	real_saddle	numerical_failure	1	NaN	0.5523510885713496	
-0.022603174603174604	-0.02746031746031746	real_saddle	numerical_failure	1	NaN	0.5639346355744093	
-0.022603174603174604	-0.02619047619047619	real_saddle	numerical_failure	1	NaN	0.5776020515768715	
-0.022603174603174604	-0.02492063492063492	real_saddle	numerical_failure	1	NaN	0.5935936000736758	
-0.022603174603174604	-0.02365079365079365	real_saddle	numerical_failure	1	NaN	0.6123165157744503	
-0.022603174603174604	-0.02238095238095238	real_saddle	numerical_failure	1	NaN	0.6343816452415116	
-0.022603174603174604	-0.021111111111111112	real_saddle	numerical_failure	1	NaN	0.6606887132812234	
-0.022603174603174604	-0.01984126984126984	real_saddle	numerical_failure	1	NaN	0.6925864081968424	
-0.022603174603174604	-0.018571428571428572	real_saddle	numerical_failure	1	NaN	0.7321771753418398	
-0.022603174603174604	-0.0173015873015873	real_saddle	numerical_failure	1	NaN	0.7829359497719371	
-0.022603174603174604	-0.016031746031746032	real_saddle	numerical_failure	1	NaN	0.8511079210640704	
-0.022603174603174604	-0.014761904761904763	real_saddle	numerical_failure	2	0.21942647267577353	1.1688136873515893	0
-0.022603174603174604	-0.013492063492063493	real_saddle	numerical_failure	2	0.2076022392942598	1.316807741314085	0
-0.022603174603174604	-0.012222222222222223	real_saddle	numerical_failure	2	0.20132971711409264	1.6455969396735424	0
-0.022603174603174604	-0.010952380952380953	real_saddle	numerical_failure	3	2.3539621728722526	6.343664716189011	10
-0.022285714285714287	-0.03	real_saddle	numerical_failure	1	NaN	0.5457524615181356	
-0.022285714285714287	-0.02873015873015873	real_saddle	numerical_failure	1	NaN	0.5543753357605251	
-0.022285714285714287	-0.02746031746031746	real_saddle	numerical_failure	1	NaN	0.5653710382462475	
-0.022285714285714287	-0.02619047619047619	real_saddle	numerical_failure	1	NaN	0.5786324932391784	
-0.022285714285714287	-0.02492063492063492	real_saddle	numerical_failure	1	NaN	0.5943222238069886	
-0.022285714285714287	-0.02365079365079365	real_saddle	numerical_failure	1	NaN	0.6128060954179059	
-0.022285714285714287	-0.02238095238095238	real_saddle	numerical_failure	1	NaN	0.6346699884542455	
-0.022285714285714287	-0.021111111111111112	real_saddle	numerical_failure	1	NaN	0.660797683967054	
-0.022285714285714287	-0.01984126984126984	real_saddle	numerical_failure	1	NaN	0.6925233804180072	
-0.022285714285714287	-0.018571428571428572	real_saddle	numerical_failure	1	NaN	0.7319353491526472	
-0.022285714285714287	-0.0173015873015873	real_saddle	numerical_failure	1	NaN	0.7824878686992952	
-0.022285714285714287	-0.016031746031746032	real_saddle	numerical_failure	1	NaN	0.8503878392788833	
-0.022285714285714287	-0.014761904761904763	real_saddle	numerical_failure	1	NaN	0.9482409811873892	
-0.022285714285714287	-0.013492063492063493	real_saddle	numerical_failure	2	0.22237456852488569	1.3295717214943887	0
-0.022285714285714287	-0.012222222222222223	real_saddle	numerical_failure	2	0.20858805099260858	1.6480096245051246	0
-0.022285714285714287	-0.010952380952380953	real_saddle	numerical_failure	3	2.3564468817596995	6.238164003480214	01
-0.021968253968253967	-0.03	real_saddle	numerical_failure	1	NaN	0.5503213977608148	
-0.021968253968253967	-0.02873015873015873	real_saddle	numerical_failure	1	NaN	0.5572524990160533	
-0.021968253968253967	-0.02746031746031746	real_saddle	numerical_failure	1	NaN	0.5673363709092593	
-0.021968253968253967	-0.02619047619047619	real_saddle	numerical_failure	1	NaN	0.5800219547993939	
-0.021968253968253967	-0.02492063492063492	real_saddle	numerical_failure	1	NaN	0.5953088443492296	
-0.021968253968253967	-0.02365079365079365	real_saddle	numerical_failure	1	NaN	0.6134880586509254	
-0.021968253968253967	-0.02238095238095238	real_saddle	numerical_failure	1	NaN	0.635106187019429	
-0.021968253968253967	-0.021111111111111112	real_saddle	numerical_failure	1	NaN	0.6610210489949095	
-0.021968253968253967	-0.01984126984126984	real_saddle	numerical_failure	1	NaN	0.6925494123356657	
-0.021968253968253967	-0.018571428571428572	real_saddle	numerical_failure	1	NaN	0.7317613764699303	
-0.021968253968253967	-0.0173015873015873	real_saddle	numerical_failure	1	NaN	0.7820881089062077	
-0.021968253968253967	-0.016031746031746032	real_saddle	numerical_failure	1	NaN	0.8496961113793575	
-0.021968253968253967	-0.014761904761904763	real_saddle	numerical_failure	1	NaN	0.9470978238275463	
-0.021968253968253967	-0.013492063492063493	real_saddle	numerical_failure	1	NaN	1.1051486335688114	
-0.021968253968253967	-0.012222222222222223	real_saddle	numerical_failure	2	0.2264030957070462	1.6608268867301863	0
-0.021968253968253967	-0.010952380952380953	real_saddle	numerical_failure	3	2.3602243100310147	6.142548429993848	01
-0.02165079365079365	-0.03	real_saddle	numerical_failure	1	NaN	0.5586419600727219	
-0.02165079365079365	-0.02873015873015873	real_saddle	numerical_failure	1	NaN	0.5616566187706508	
-0.02165079365079365	-0.02746031746031746	real_saddle	numerical_failure	1	NaN	0.5701300407716656	
-0.02165079365079365	-0.02619047619047619	real_saddle	numerical_failure	1	NaN	0.5819293502789097	
-0.02165079365079365	-0.02492063492063492	real_saddle	numerical_failure	1	NaN	0.5966478356893311	
-0.02165079365079365	-0.02365079365079365	real_saddle	numerical_failure	1	NaN	0.6144237689179523	
-0.02165079365079365	-0.02238095238095238	real_saddle	numerical_failure	1	NaN	0.6357312184965761	
-0.02165079365079365	-0.021111111111111112	real_saddle	numerical_failure	1	NaN	0.6613888377784981	
-0.02165079365079365	-0.01984126984126984	real_saddle	numerical_failure	1	NaN	0.6926863041395471	
-0.02165079365079365	-0.018571428571428572	real_saddle	numerical_failure	1	NaN	0.7316712607826134	
-0.02165079365079365	-0.0173015873015873	real_saddle	numerical_failure	1	NaN	0.7817485561071953	
-0.02165079365079365	-0.016031746031746032	real_saddle	numerical_failure	1	NaN	0.8490411372429199	
-0.02165079365079365	-0.014761904761904763	real_saddle	numerical_failure	1	NaN	0.9459630930751153	
-0.02165079365079365	-0.013492063492063493	real_saddle	numerical_failure	1	NaN	1.1030636600275625	
-0.02165079365079365	-0.012222222222222223	real_saddle	numerical_failure	1	NaN	1.4292740003173354	
-0.02165079365079365	-0.010952380952380953	real_saddle	numerical_failure	3	2.366564218860656	6.068711066391195	00
-0.021333333333333333	-0.03	real_saddle	numerical_failure	1	NaN	0.5885067374185187	
-0.021333333333333333	-0.02873015873015873	real_saddle	numerical_failure	1	NaN	0.5695430727103613	
-0.021333333333333333	-0.02746031746031746	real_saddle	numerical_failure	1	NaN	0.574391294280161	
-0.021333333333333333	-0.02619047619047619	real_saddle	numerical_failure	1	NaN	0.5846443529323473	
-0.021333333333333333	-0.02492063492063492	real_saddle	numerical_failure	1	NaN	0.5984962671290545	
-0.021333333333333333	-0.02365079365079365	real_saddle	numerical_failure	1	NaN	0.6157072568203822	
-0.021333333333333333	-0.02238095238095238	real_saddle	numerical_failure	1	NaN	0.6366065620141018	
-0.021333333333333333	-0.021111111111111112	real_saddle	numerical_failure	1	NaN	0.6619418750541617	
-0.021333333333333333	-0.01984126984126984	real_saddle	numerical_failure	1	NaN	0.6929628063109358	
-0.021333333333333333	-0.018571428571428572	real_saddle	numerical_failure	1	NaN	0.7316863329587001	
-0.021333333333333333	-0.0173015873015873	real_saddle	numerical_failure	1	NaN	0.7814853618172155	
-0.021333333333333333	-0.016031746031746032	real_saddle	numerical_failure	1	NaN	0.848434919973889	
-0.021333333333333333	-0.014761904761904763	real_saddle	numerical_failure	1	NaN	0.9448454577894866	
-0.021333333333333333	-0.013492063492063493	real_saddle	numerical_failure	1	NaN	1.1009468107836686	
-0.021333333333333333	-0.012222222222222223	real_saddle	numerical_failure	1	NaN	1.4239736098835234	
-0.021333333333333333	-0.010952380952380953	real_saddle	numerical_failure	2	2.323954296225093	5.695742412463885	0
-0.021015873015873016	-0.03	real_saddle	numerical_failure	0	NaN	NaN	
-0.021015873015873016	-0.02873015873015873	real_saddle	numerical_failure	1	NaN	0.5943806142888015	
-0.021015873015873016	-0.02746031746031746	real_saddle	numerical_failure	1	NaN	0.5819236861692381	
-0.021015873015873016	-0.02619047619047619	real_saddle	numerical_failure	1	NaN	0.5887786624279208	
-0.021015873015873016	-0.02492063492063492	real_saddle	numerical_failure	1	NaN	0.6011345644307033	
-0.021015873015873016	-0.02365079365079365	real_saddle	numerical_failure	1	NaN	0.617491365765592	
-0.021015873015873016	-0.02238095238095238	real_saddle	numerical_failure	1	NaN	0.6378240079614466	
-0.021015873015873016	-0.021111111111111112	real_saddle	numerical_failure	1	NaN	0.6627407809293632	
-0.021015873015873016	-0.01984126984126984	real_saddle	numerical_failure	1	NaN	0.6934205603068944	
-0.021015873015873016	-0.018571428571428572	real_saddle	numerical_failure	1	NaN	0.7318353393890787	
-0.021015873015873016	-0.0173015873015873	real_saddle	numerical_failure	1	NaN	0.7813190824346656	
-0.021015873015873016	-0.016031746031746032	real_saddle	numerical_failure	1	NaN	0.847892677375876	
-0.021015873015873016	-0.014761904761904763	real_saddle	numerical_failure	1	NaN	0.9437555394279822	
-0.021015873015873016	-0.013492063492063493	real_saddle	numerical_failure	1	NaN	1.0988051779221852	
-0.021015873015873016	-0.012222222222222223	real_saddle	numerical_failure	1	NaN	1.4185257109080693	
-0.021015873015873016	-0.010952380952380953	real_saddle	numerical_failure	2	2.3215404558848296	5.599304373627827	0
-0.0206984126984127	-0.03	real_saddle	numerical_failure	0	NaN	NaN	
-0.0206984126984127	-0.02873015873015873	real_saddle	numerical_failure	0	NaN	NaN	
-0.0206984126984127	-0.02746031746031746	real_saddle	numerical_failure	1	NaN	0.6036974440750652	
-0.0206984126984127	-0.02619047619047619	real_saddle	numerical_failure	1	NaN	0.5960192794703597	
-0.0206984126984127	-0.02492063492063492	real_saddle	numerical_failure	1	NaN	0.6051533063501922	
-0.0206984126984127	-0.02365079365079365	real_saddle	numerical_failure	1	NaN	0.6200517298903155	
-0.0206984126984127	-0.02238095238095238	real_saddle	numerical_failure	1	NaN	0.6395353811184603	
-0.0206984126984127	-0.021111111111111112	real_saddle	numerical_failure	1	NaN	0.6638773506170249	
-0.0206984126984127	-0.01984126984126984	real_saddle	numerical_failure	1	NaN	0.6941190214349818	
-0.0206984126984127	-0.018571428571428572	real_saddle	numerical_failure	1	NaN	0.7321594724323399	
-0.0206984126984127	-0.0173015873015873	real_saddle	numerical_failure	1	NaN	0.7812786738415006	
-0.0206984126984127	-0.016031746031746032	real_saddle	numerical_failure	1	NaN	0.8474344609135522	
-0.0206984126984127	-0.014761904761904763	real_saddle	numerical_failure	1	NaN	0.9427081078076699	
-0.0206984126984127	-0.013492063492063493	real_saddle	numerical_failure	1	NaN	1.0966476709509947	
-0.0206984126984127	-0.012222222222222223	real_saddle	numerical_failure	1	NaN	1.4129355717892935	
-0.0206984126984127	-0.010952380952380953	real_saddle	numerical_failure	2	2.320618516723868	5.508214682025621	0
-0.02038095238095238	-0.03	real_saddle	numerical_failure	0	NaN	NaN	
-0.02038095238095238	-0.02873015873015873	real_saddle	numerical_failure	0	NaN	NaN	
-0.02038095238095238	-0.02746031746031746	real_saddle	numerical_failure	0	NaN	NaN	
-0.02038095238095238	-0.02619047619047619	real_saddle	numerical_failure	1	NaN	0.6157316508143761	
-0.02038095238095238	-0.02492063492063492	real_saddle	numerical_failure	1	NaN	0.6121491949618069	
-0.02038095238095238	-0.02365079365079365	real_saddle	numerical_failure	1	NaN	0.6239615661410675	
-0.02038095238095238	-0.02238095238095238	real_saddle	numerical_failure	1	NaN	0.6420120895858876	
-0.02038095238095238	-0.021111111111111112	real_saddle	numerical_failure	1	NaN	0.6655015410920804	
-0.02038095238095238	-0.01984126984126984	real_saddle	numerical_failure	1	NaN	0.6951494429280944	
-0.02038095238095238	-0.018571428571428572	real_saddle	numerical_failure	1	NaN	0.7327183175162602	
-0.02038095238095238	-0.0173015873015873	real_saddle	numerical_failure	1	NaN	0.7814049145142369	
-0.02038095238095238	-0.016031746031746032	real_saddle	numerical_failure	1	NaN	0.847089394913185	
-0.02038095238095238	-0.014761904761904763	real_saddle	numerical_failure	1	NaN	0.9417225370709478	
-0.02038095238095238	-0.013492063492063493	real_saddle	numerical_failure	1	NaN	1.0944885042545145	
-0.02038095238095238	-0.012222222222222223	real_saddle	numerical_failure	1	NaN	1.407211752017533	
-0.02038095238095238	-0.010952380952380953	real_saddle	numerical_failure	2	2.320304849630717	5.421342714686428	0
-0.020063492063492065	-0.03	real_saddle	numerical_failure	0	NaN	NaN	
-0.020063492063492065	-0.02873015873015873	real_saddle	numerical_failure	0	NaN	NaN	
-0.020063492063492065	-0.02746031746031746	real_saddle	numerical_failure	0	NaN	NaN	
-0.020063492063492065	-0.02619047619047619	real_saddle	numerical_failure	0	NaN	NaN	
-0.020063492063492065	-0.02492063492063492	real_saddle	numerical_failure	1	NaN	0.6303999809965668	
-0.020063492063492065	-0.02365079365079365	real_saddle	numerical_failure	1	NaN	0.6307481319393553	
-0.020063492063492065	-0.02238095238095238	real_saddle	numerical_failure	1	NaN	0.6458132652933892	
-0.020063492063492065	-0.021111111111111112	real_saddle	numerical_failure	1	NaN	0.6678804550228397	
-0.020063492063492065	-0.01984126984126984	real_saddle	numerical_failure	1	NaN	0.6966610650863185	
-0.020063492063492065	-0.018571428571428572	real_saddle	numerical_failure	1	NaN	0.7336027692182492	
-0.020063492063492065	-0.0173015873015873	real_saddle	numerical_failure	1	NaN	0.781756367213499	
-0.020063492063492065	-0.016031746031746032	real_saddle	numerical_failure	1	NaN	0.8468972631455041	
-0.020063492063492065	-0.014761904761904763	real_saddle	numerical_failure	1	NaN	0.9408269900495432	
-0.020063492063492065	-0.013492063492063493	real_saddle	numerical_failure	1	NaN	1.0923457110497348	
-0.020063492063492065	-0.012222222222222223	real_saddle	numerical_failure	1	NaN	1.4013661733146998	
-0.020063492063492065	-0.010952380952380953	real_saddle	numerical_failure	2	2.3204147244578865	5.338286927303394	0
-0.019746031746031747	-0.03	real_saddle	numerical_failure	0	NaN	NaN	
-0.019746031746031747	-0.02873015873015873	real_saddle	numerical_failure	0	NaN	NaN	
-0.019746031746031747	-0.02746031746031746	real_saddle	numerical_failure	0	NaN	NaN	
-0.019746031746031747	-0.02619047619047619	real_saddle	numerical_failure	0	NaN	NaN	
-0.019746031746031747	-0.02492063492063492	real_saddle	numerical_failure	0	NaN	NaN	
-0.019746031746031747	-0.02365079365079365	real_saddle	numerical_failure	1	NaN	0.6479259395826383	
-0.019746031746031747	-0.02238095238095238	real_saddle	numerical_failure	1	NaN	0.652414696212485	
-0.019746031746031747	-0.021111111111111112	real_saddle	numerical_failure	1	NaN	0.6715652125761858	
-0.019746031746031747	-0.01984126984126984	real_saddle	numerical_failure	1	NaN	0.6989196136212592	
-0.019746031746031747	-0.018571428571428572	real_saddle	numerical_failure	1	NaN	0.7349604922318165	
-0.019746031746031747	-0.0173015873015873	real_saddle	numerical_failure	1	NaN	0.7824247121682363	
-0.019746031746031747	-0.016031746031746032	real_saddle	numerical_failure	1	NaN	0.846916819316664	
-0.019746031746031747	-0.014761904761904763	real_saddle	numerical_failure	1	NaN	0.9400609585137341	
-0.019746031746031747	-0.013492063492063493	real_saddle	numerical_failure	1	NaN	1.0902465125149754	
-0.019746031746031747	-0.012222222222222223	real_saddle	numerical_failure	1	NaN	1.3954175030451512	
-0.019746031746031747	-0.010952380952380953	real_saddle	numerical_failure	2	2.3208890274570195	5.258797184474268	0
-0.019428571428571427	-0.03	real_saddle	numerical_failure	0	NaN	NaN	
-0.019428571428571427	-0.02873015873015873	real_saddle	numerical_failure	0	NaN	NaN	
-0.019428571428571427	-0.02746031746031746	real_saddle	numerical_failure	0	NaN	NaN	
-0.019428571428571427	-0.02619047619047619	real_saddle	numerical_failure	0	NaN	NaN	
-0.019428571428571427	-0.02492063492063492	real_saddle	numerical_failure	0	NaN	NaN	
-0.019428571428571427	-0.02365079365079365	real_saddle	numerical_failure	0	NaN	NaN	
-0.019428571428571427	-0.02238095238095238	real_saddle	numerical_failure	1	NaN	0.6687897980057008	
-0.019428571428571427	-0.021111111111111112	real_saddle	numerical_failure	1	NaN	0.6779940011433109	
-0.019428571428571427	-0.01984126984126984	real_saddle	numerical_failure	1	NaN	0.7024688818316769	
-0.019428571428571427	-0.018571428571428572	real_saddle	numerical_failure	1	NaN	0.7370570177131969	
-0.019428571428571427	-0.0173015873015873	real_saddle	numerical_failure	1	NaN	0.7835574197377263	
-0.019428571428571427	-0.016031746031746032	real_saddle	numerical_failure	1	NaN	0.847238900362137	
-0.019428571428571427	-0.014761904761904763	real_saddle	numerical_failure	1	NaN	0.9394831941904653	
-0.019428571428571427	-0.013492063492063493	real_saddle	numerical_failure	1	NaN	1.0882294769137637	
-0.019428571428571427	-0.012222222222222223	real_saddle	numerical_failure	1	NaN	1.3893918358847972	
-0.019428571428571427	-0.010952380952380953	real_saddle	numerical_failure	2	2.321710677406879	5.1826904043571265	0
-0.01911111111111111	-0.03	real_saddle	numerical_failure	0	NaN	NaN	
-0.01911111111111111	-0.02873015873015873	real_saddle	numerical_failure	0	NaN	NaN	
-0.01911111111111111	-0.02746031746031746	real_saddle	numerical_failure	0	NaN	NaN	
-0.01911111111111111	-0.02619047619047619	real_saddle	numerical_failure	0	NaN	NaN	
-0.01911111111111111	-0.02492063492063492	real_saddle	numerical_failure	0	NaN	NaN	
-0.01911111111111111	-0.02365079365079365	real_saddle	numerical_failure	0	NaN	NaN	
-0.01911111111111111	-0.02238095238095238	real_saddle	numerical_failure	0	NaN	NaN	
-0.01911111111111111	-0.021111111111111112	real_saddle	numerical_failure	1	NaN	0.6937567880180047	
-0.01911111111111111	-0.01984126984126984	real_saddle	numerical_failure	1	NaN	0.7087212861136939	
-0.01911111111111111	-0.018571428571428572	real_saddle	numerical_failure	1	NaN	0.7404328465874016	
-0.01911111111111111	-0.0173015873015873	real_saddle	numerical_failure	1	NaN	0.7854192481969348	
-0.01911111111111111	-0.016031746031746032	real_saddle	numerical_failure	1	NaN	0.848012023202265	
-0.01911111111111111	-0.014761904761904763	real_saddle	numerical_failure	1	NaN	0.9391836052183147	
-0.01911111111111111	-0.013492063492063493	real_saddle	numerical_failure	1	NaN	1.0863521145719839	
-0.01911111111111111	-0.012222222222222223	real_saddle	numerical_failure	1	NaN	1.3833276673083006	
-0.01911111111111111	-0.010952380952380953	real_saddle	numerical_failure	2	2.3228814926722348	5.109828526916293	0
-0.018793650793650793	-0.03	real_saddle	numerical_failure	0	NaN	NaN	
-0.018793650793650793	-0.02873015873015873	real_saddle	numerical_failure	0	NaN	NaN	
-0.018793650793650793	-0.02746031746031746	real_saddle	numerical_failure	0	NaN	NaN	
-0.018793650793650793	-0.02619047619047619	real_saddle	numerical_failure	0	NaN	NaN	
-0.018793650793650793	-0.02492063492063492	real_saddle	numerical_failure	0	NaN	NaN	
-0.018793650793650793	-0.02365079365079365	real_saddle	numerical_failure	0	NaN	NaN	
-0.018793650793650793	-0.02238095238095238	real_saddle	numerical_failure	0	NaN	NaN	
-0.018793650793650793	-0.021111111111111112	real_saddle	numerical_failure	0	NaN	NaN	
-0.018793650793650793	-0.01984126984126984	real_saddle	numerical_failure	1	NaN	0.7240065819373442	
-0.018793650793650793	-0.018571428571428572	real_saddle	numerical_failure	1	NaN	0.7464842758314706	
-0.018793650793650793	-0.0173015873015873	real_saddle	numerical_failure	1	NaN	0.7885490885158282	
-0.018793650793650793	-0.016031746031746032	real_saddle	numerical_failure	1	NaN	0.8495002592693096	
-0.018793650793650793	-0.014761904761904763	real_saddle	numerical_failure	1	NaN	0.9393105353743127	
-0.018793650793650793	-0.013492063492063493	real_saddle	numerical_failure	1	NaN	1.0847047699543007	
-0.018793650793650793	-0.012222222222222223	real_saddle	numerical_failure	1	NaN	1.3772838055550949	
-0.018793650793650793	-0.010952380952380953	real_saddle	numerical_failure	2	2.3244153621867376	5.040113275060442	0
-0.018476190476190476	-0.03	real_saddle	numerical_failure	0	NaN	NaN	
-0.018476190476190476	-0.02873015873015873	real_saddle	numerical_failure	0	NaN	NaN	
-0.018476190476190476	-0.02746031746031746	real_saddle	numerical_failure	0	NaN	NaN	
-0.018476190476190476	-0.02619047619047619	real_saddle	numerical_failure	0	NaN	NaN	
-0.018476190476190476	-0.02492063492063492	real_saddle	numerical_failure	0	NaN	NaN	
-0.018476190476190476	-0.02365079365079365	real_saddle	numerical_failure	0	NaN	NaN	
-0.018476190476190476	-0.02238095238095238	real_saddle	numerical_failure	0	NaN	NaN	
-0.018476190476190476	-0.021111111111111112	real_saddle	numerical_failure	0	NaN	NaN	
-0.018476190476190476	-0.01984126984126984	real_saddle	numerical_failure	0	NaN	NaN	
-0.018476190476190476	-0.018571428571428572	real_saddle	numerical_failure	1	NaN	0.7613718789644683	
-0.018476190476190476	-0.0173015873015873	real_saddle	numerical_failure	1	NaN	0.7943368413253786	
-0.018476190476190476	-0.016031746031746032	real_saddle	numerical_failure	1	NaN	0.852243168479639	
-0.018476190476190476	-0.014761904761904763	real_saddle	numerical_failure	1	NaN	0.9401287400520768	
-0.018476190476190476	-0.013492063492063493	real_saddle	numerical_failure	1	NaN	1.0834343726827216	
-0.018476190476190476	-0.012222222222222223	real_saddle	numerical_failure	1	NaN	1.3713505859635833	
-0.018476190476190476	-0.010952380952380953	real_saddle	numerical_failure	2	2.3263381666765084	4.97348955244005	0
-0.01815873015873016	-0.03	real_saddle	numerical_failure	0	NaN	NaN	
-0.01815873015873016	-0.02873015873015873	real_saddle	numerical_failure	0	NaN	NaN	
-0.01815873015873016	-0.02746031746031746	real_saddle	numerical_failure	0	NaN	NaN	
-0.01815873015873016	-0.02619047619047619	real_saddle	numerical_failure	0	NaN	NaN	
-0.01815873015873016	-0.02492063492063492	real_saddle	numerical_failure	0	NaN	NaN	
-0.01815873015873016	-0.02365079365079365	real_saddle	numerical_failure	0	NaN	NaN	
-0.01815873015873016	-0.02238095238095238	real_saddle	numerical_failure	0	NaN	NaN	
-0.01815873015873016	-0.021111111111111112	real_saddle	numerical_failure	0	NaN	NaN	
-0.01815873015873016	-0.01984126984126984	real_saddle	numerical_failure	0	NaN	NaN	
-0.01815873015873016	-0.018571428571428572	real_saddle	numerical_failure	0	NaN	NaN	
-0.01815873015873016	-0.0173015873015873	real_saddle	numerical_failure	1	NaN	0.8088489096952486	
-0.01815873015873016	-0.016031746031746032	real_saddle	numerical_failure	1	NaN	0.8576315578967116	
-0.01815873015873016	-0.014761904761904763	real_saddle	numerical_failure	1	NaN	0.9421812955308783	
-0.01815873015873016	-0.013492063492063493	real_saddle	numerical_failure	1	NaN	1.0828083190838602	
-0.01815873015873016	-0.012222222222222223	real_saddle	numerical_failure	1	NaN	1.3656786548764661	
-0.01815873015873016	-0.010952380952380953	real_saddle	numerical_failure	2	2.3286847175614867	4.909958047967414	1
-0.017841269841269842	-0.03	real_saddle	numerical_failure	0	NaN	NaN	
-0.017841269841269842	-0.02873015873015873	real_saddle	numerical_failure	0	NaN	NaN	
-0.017841269841269842	-0.02746031746031746	real_saddle	numerical_failure	0	NaN	NaN	
-0.017841269841269842	-0.02619047619047619	real_saddle	numerical_failure	0	NaN	NaN	
-0.017841269841269842	-0.02492063492063492	real_saddle	numerical_failure	0	NaN	NaN	
-0.017841269841269842	-0.02365079365079365	real_saddle	numerical_failure	0	NaN	NaN	
-0.017841269841269842	-0.02238095238095238	real_saddle	numerical_failure	0	NaN	NaN	
-0.017841269841269842	-0.021111111111111112	real_saddle	numerical_failure	0	NaN	NaN	
-0.017841269841269842	-0.01984126984126984	real_saddle	numerical_failure	0	NaN	NaN	
-0.017841269841269842	-0.018571428571428572	real_saddle	numerical_failure	0	NaN	NaN	
-0.017841269841269842	-0.0173015873015873	real_saddle	numerical_failure	0	NaN	NaN	
-0.017841269841269842	-0.016031746031746032	real_saddle	numerical_failure	1	NaN	0.871696698776404	
-0.017841269841269842	-0.014761904761904763	real_saddle	numerical_failure	1	NaN	0.9468626127887552	
-0.017841269841269842	-0.013492063492063493	real_saddle	numerical_failure	1	NaN	1.0833706937555452	
-0.017841269841269842	-0.012222222222222223	real_saddle	numerical_failure	1	NaN	1.3605366099058707	
-0.017841269841269842	-0.010952380952380953	real_saddle	numerical_failure	2	2.3315065292033506	4.849604486061605	1
-0.017523809523809525	-0.03	real_saddle	numerical_failure	0	NaN	NaN	
-0.017523809523809525	-0.02873015873015873	real_saddle	numerical_failure	0	NaN	NaN	
-0.017523809523809525	-0.02746031746031746	real_saddle	numerical_failure	0	NaN	NaN	
-0.017523809523809525	-0.02619047619047619	real_saddle	numerical_failure	0	NaN	NaN	
-0.017523809523809525	-0.02492063492063492	real_saddle	numerical_failure	0	NaN	NaN	
-0.017523809523809525	-0.02365079365079365	real_saddle	numerical_failure	0	NaN	NaN	
-0.017523809523809525	-0.02238095238095238	real_saddle	numerical_failure	0	NaN	NaN	
-0.017523809523809525	-0.021111111111111112	real_saddle	numerical_failure	0	NaN	NaN	
-0.017523809523809525	-0.01984126984126984	real_saddle	numerical_failure	0	NaN	NaN	
-0.017523809523809525	-0.018571428571428572	real_saddle	numerical_failure	0	NaN	NaN	
-0.017523809523809525	-0.0173015873015873	real_saddle	numerical_failure	0	NaN	NaN	
-0.017523809523809525	-0.016031746031746032	real_saddle	numerical_failure	0	NaN	NaN	
-0.017523809523809525	-0.014761904761904763	real_saddle	numerical_failure	1	NaN	0.9602136011095086	
-0.017523809523809525	-0.013492063492063493	real_saddle	numerical_failure	1	NaN	1.086526640634933	
-0.017523809523809525	-0.012222222222222223	real_saddle	numerical_failure	1	NaN	1.3564759401225102	
-0.017523809523809525	-0.010952380952380953	real_saddle	numerical_failure	2	2.334880528262043	4.792668179915689	1
-0.017206349206349208	-0.03	real_saddle	numerical_failure	0	NaN	NaN	
-0.017206349206349208	-0.02873015873015873	real_saddle	numerical_failure	0	NaN	NaN	
-0.017206349206349208	-0.02746031746031746	real_saddle	numerical_failure	0	NaN	NaN	
-0.017206349206349208	-0.02619047619047619	real_saddle	numerical_failure	0	NaN	NaN	
-0.017206349206349208	-0.02492063492063492	real_saddle	numerical_failure	0	NaN	NaN	
-0.017206349206349208	-0.02365079365079365	real_saddle	numerical_failure	0	NaN	NaN	
-0.017206349206349208	-0.02238095238095238	real_saddle	numerical_failure	0	NaN	NaN	
-0.017206349206349208	-0.021111111111111112	real_saddle	numerical_failure	0	NaN	NaN	
-0.017206349206349208	-0.01984126984126984	real_saddle	numerical_failure	0	NaN	NaN	
-0.017206349206349208	-0.018571428571428572	real_saddle	numerical_failure	0	NaN	NaN	
-0.017206349206349208	-0.0173015873015873	real_saddle	numerical_failure	0	NaN	NaN	
-0.017206349206349208	-0.016031746031746032	real_saddle	numerical_failure	0	NaN	NaN	
-0.017206349206349208	-0.014761904761904763	real_saddle	numerical_failure	0	NaN	NaN	
-0.017206349206349208	-0.013492063492063493	real_saddle	numerical_failure	1	NaN	1.0983504995213997	
-0.017206349206349208	-0.012222222222222223	real_saddle	numerical_failure	1	NaN	1.3549126735229704	
-0.017206349206349208	-0.010952380952380953	real_saddle	numerical_failure	2	2.3389286095008366	4.739725746339818	1
-0.016888888888888887	-0.03	real_saddle	numerical_failure	0	NaN	NaN	
-0.016888888888888887	-0.02873015873015873	real_saddle	numerical_failure	0	NaN	NaN	
-0.016888888888888887	-0.02746031746031746	real_saddle	numerical_failure	0	NaN	NaN	
-0.016888888888888887	-0.02619047619047619	real_saddle	numerical_failure	0	NaN	NaN	
-0.016888888888888887	-0.02492063492063492	real_saddle	numerical_failure	0	NaN	NaN	
-0.016888888888888887	-0.02365079365079365	real_saddle	numerical_failure	0	NaN	NaN	
-0.016888888888888887	-0.02238095238095238	real_saddle	numerical_failure	0	NaN	NaN	
-0.016888888888888887	-0.021111111111111112	real_saddle	numerical_failure	0	NaN	NaN	
-0.016888888888888887	-0.01984126984126984	real_saddle	numerical_failure	0	NaN	NaN	
-0.016888888888888887	-0.018571428571428572	real_saddle	numerical_failure	0	NaN	NaN	
-0.016888888888888887	-0.0173015873015873	real_saddle	numerical_failure	0	NaN	NaN	
-0.016888888888888887	-0.016031746031746032	real_saddle	numerical_failure	0	NaN	NaN	
-0.016888888888888887	-0.014761904761904763	real_saddle	numerical_failure	0	NaN	NaN	
-0.016888888888888887	-0.013492063492063493	real_saddle	numerical_failure	0	NaN	NaN	
-0.016888888888888887	-0.012222222222222223	real_saddle	numerical_failure	1	NaN	1.3619574639151177	
-0.016888888888888887	-0.010952380952380953	real_saddle	numerical_failure	2	2.343882651961357	4.692334439999586	1
-0.01657142857142857	-0.03	real_saddle	numerical_failure	0	NaN	NaN	
-0.01657142857142857	-0.02873015873015873	real_saddle	numerical_failure	0	NaN	NaN	
-0.01657142857142857	-0.02746031746031746	real_saddle	numerical_failure	0	NaN	NaN	
-0.01657142857142857	-0.02619047619047619	real_saddle	numerical_failure	0	NaN	NaN	
-0.01657142857142857	-0.02492063492063492	real_saddle	numerical_failure	0	NaN	NaN	
-0.01657142857142857	-0.02365079365079365	real_saddle	numerical_failure	0	NaN	NaN	
-0.01657142857142857	-0.02238095238095238	real_saddle	numerical_failure	0	NaN	NaN	
-0.01657142857142857	-0.021111111111111112	real_saddle	numerical_failure	0	NaN	NaN	
-0.01657142857142857	-0.01984126984126984	real_saddle	numerical_failure	0	NaN	NaN	
-0.01657142857142857	-0.018571428571428572	real_saddle	numerical_failure	0	NaN	NaN	
-0.01657142857142857	-0.0173015873015873	real_saddle	numerical_failure	0	NaN	NaN	
-0.01657142857142857	-0.016031746031746032	real_saddle	numerical_failure	0	NaN	NaN	
-0.01657142857142857	-0.014761904761904763	real_saddle	numerical_failure	0	NaN	NaN	
-0.01657142857142857	-0.013492063492063493	real_saddle	numerical_failure	0	NaN	NaN	
-0.01657142857142857	-0.012222222222222223	real_saddle	numerical_failure	0	NaN	NaN	
-0.01657142857142857	-0.010952380952380953	real_saddle	numerical_failure	2	2.3503124772786674	4.657066278141413	0
-0.016253968253968253	-0.03	real_saddle	numerical_failure	0	NaN	NaN	
-0.016253968253968253	-0.02873015873015873	real_saddle	numerical_failure	0	NaN	NaN	
-0.016253968253968253	-0.02746031746031746	real_saddle	numerical_failure	0	NaN	NaN	
-0.016253968253968253	-0.02619047619047619	real_saddle	numerical_failure	0	NaN	NaN	
-0.016253968253968253	-0.02492063492063492	real_saddle	numerical_failure	0	NaN	NaN	
-0.016253968253968253	-0.02365079365079365	real_saddle	numerical_failure	0	NaN	NaN	
-0.016253968253968253	-0.02238095238095238	real_saddle	numerical_failure	0	NaN	NaN	
-0.016253968253968253	-0.021111111111111112	real_saddle	numerical_failure	0	NaN	NaN	
-0.016253968253968253	-0.01984126984126984	real_saddle	numerical_failure	0	NaN	NaN	
-0.016253968253968253	-0.018571428571428572	real_saddle	numerical_failure	0	NaN	NaN	
-0.016253968253968253	-0.0173015873015873	real_saddle	numerical_failure	0	NaN	NaN	
-0.016253968253968253	-0.016031746031746032	real_saddle	numerical_failure	0	NaN	NaN	
-0.016253968253968253	-0.014761904761904763	real_saddle	numerical_failure	0	NaN	NaN	
-0.016253968253968253	-0.013492063492063493	real_saddle	numerical_failure	0	NaN	NaN	
-0.016253968253968253	-0.012222222222222223	real_saddle	numerical_failure	0	NaN	NaN	
-0.016253968253968253	-0.010952380952380953	real_saddle	numerical_failure	1	NaN	4.320154341183593	
-0.015936507936507936	-0.03	real_saddle	numerical_failure	0	NaN	NaN	
-0.015936507936507936	-0.02873015873015873	real_saddle	numerical_failure	0	NaN	NaN	
-0.015936507936507936	-0.02746031746031746	real_saddle	numerical_failure	0	NaN	NaN	
-0.015936507936507936	-0.02619047619047619	real_saddle	numerical_failure	0	NaN	NaN	
-0.015936507936507936	-0.02492063492063492	real_saddle	numerical_failure	0	NaN	NaN	
-0.015936507936507936	-0.02365079365079365	real_saddle	numerical_failure	0	NaN	NaN	
-0.015936507936507936	-0.02238095238095238	real_saddle	numerical_failure	0	NaN	NaN	
-0.015936507936507936	-0.021111111111111112	real_saddle	numerical_failure	0	NaN	NaN	
-0.015936507936507936	-0.01984126984126984	real_saddle	numerical_failure	0	NaN	NaN	
-0.015936507936507936	-0.018571428571428572	real_saddle	numerical_failure	0	NaN	NaN	
-0.015936507936507936	-0.0173015873015873	real_saddle	numerical_failure	0	NaN	NaN	
-0.015936507936507936	-0.016031746031746032	real_saddle	numerical_failure	0	NaN	NaN	
-0.015936507936507936	-0.014761904761904763	real_saddle	numerical_failure	0	NaN	NaN	
-0.015936507936507936	-0.013492063492063493	real_saddle	numerical_failure	0	NaN	NaN	
-0.015936507936507936	-0.012222222222222223	real_saddle	numerical_failure	0	NaN	NaN	
-0.015936507936507936	-0.010952380952380953	real_saddle	numerical_failure	1	NaN	4.262804689525867	
-0.01561904761904762	-0.03	real_saddle	numerical_failure	0	NaN	NaN	
-0.01561904761904762	-0.02873015873015873	real_saddle	numerical_failure	0	NaN	NaN	
-0.01561904761904762	-0.02746031746031746	real_saddle	numerical_failure	0	NaN	NaN	
-0.01561904761904762	-0.02619047619047619	real_saddle	numerical_failure	0	NaN	NaN	
-0.01561904761904762	-0.02492063492063492	real_saddle	numerical_failure	0	NaN	NaN	
-0.01561904761904762	-0.02365079365079365	real_saddle	numerical_failure	0	NaN	NaN	
-0.01561904761904762	-0.02238095238095238	real_saddle	numerical_failure	0	NaN	NaN	
-0.01561904761904762	-0.021111111111111112	real_saddle	numerical_failure	0	NaN	NaN	
-0.01561904761904762	-0.01984126984126984	real_saddle	numerical_failure	0	NaN	NaN	
-0.01561904761904762	-0.018571428571428572	real_saddle	numerical_failure	0	NaN	NaN	
-0.01561904761904762	-0.0173015873015873	real_saddle	numerical_failure	0	NaN	NaN	
-0.01561904761904762	-0.016031746031746032	real_saddle	numerical_failure	0	NaN	NaN	
-0.01561904761904762	-0.014761904761904763	real_saddle	numerical_failure	0	NaN	NaN	
-0.01561904761904762	-0.013492063492063493	real_saddle	numerical_failure	0	NaN	NaN	
-0.01561904761904762	-0.012222222222222223	real_saddle	numerical_failure	0	NaN	NaN	
-0.01561904761904762	-0.010952380952380953	real_saddle	numerical_failure	1	NaN	4.210865206989439	
-0.015301587301587302	-0.03	real_saddle	numerical_failure	0	NaN	NaN	
-0.015301587301587302	-0.02873015873015873	real_saddle	numerical_failure	0	NaN	NaN	
-0.015301587301587302	-0.02746031746031746	real_saddle	numerical_failure	0	NaN	NaN	
-0.015301587301587302	-0.02619047619047619	real_saddle	numerical_failure	0	NaN	NaN	
-0.015301587301587302	-0.02492063492063492	real_saddle	numerical_failure	0	NaN	NaN	
-0.015301587301587302	-0.02365079365079365	real_saddle	numerical_failure	0	NaN	NaN	
-0.015301587301587302	-0.02238095238095238	real_saddle	numerical_failure	0	NaN	NaN	
-0.015301587301587302	-0.021111111111111112	real_saddle	numerical_failure	0	NaN	NaN	
-0.015301587301587302	-0.01984126984126984	real_saddle	numerical_failure	0	NaN	NaN	
-0.015301587301587302	-0.018571428571428572	real_saddle	numerical_failure	0	NaN	NaN	
-0.015301587301587302	-0.0173015873015873	real_saddle	numerical_failure	0	NaN	NaN	
-0.015301587301587302	-0.016031746031746032	real_saddle	numerical_failure	0	NaN	NaN	
-0.015301587301587302	-0.014761904761904763	real_saddle	numerical_failure	0	NaN	NaN	
-0.015301587301587302	-0.013492063492063493	real_saddle	numerical_failure	0	NaN	NaN	
-0.015301587301587302	-0.012222222222222223	real_saddle	numerical_failure	0	NaN	NaN	
-0.015301587301587302	-0.010952380952380953	real_saddle	numerical_failure	1	NaN	4.161603443527834	
-0.014984126984126983	-0.03	real_saddle	numerical_failure	0	NaN	NaN	
-0.014984126984126983	-0.02873015873015873	real_saddle	numerical_failure	0	NaN	NaN	
-0.014984126984126983	-0.02746031746031746	real_saddle	numerical_failure	0	NaN	NaN	
-0.014984126984126983	-0.02619047619047619	real_saddle	numerical_failure	0	NaN	NaN	
-0.014984126984126983	-0.02492063492063492	real_saddle	numerical_failure	0	NaN	NaN	
-0.014984126984126983	-0.02365079365079365	real_saddle	numerical_failure	0	NaN	NaN	
-0.014984126984126983	-0.02238095238095238	real_saddle	numerical_failure	0	NaN	NaN	
-0.014984126984126983	-0.021111111111111112	real_saddle	numerical_failure	0	NaN	NaN	
-0.014984126984126983	-0.01984126984126984	real_saddle	numerical_failure	0	NaN	NaN	
-0.014984126984126983	-0.018571428571428572	real_saddle	numerical_failure	0	NaN	NaN	
-0.014984126984126983	-0.0173015873015873	real_saddle	numerical_failure	0	NaN	NaN	
-0.014984126984126983	-0.016031746031746032	real_saddle	numerical_failure	0	NaN	NaN	
-0.014984126984126983	-0.014761904761904763	real_saddle	numerical_failure	0	NaN	NaN	
-0.014984126984126983	-0.013492063492063493	real_saddle	numerical_failure	0	NaN	NaN	
-0.014984126984126983	-0.012222222222222223	real_saddle	numerical_failure	0	NaN	NaN	
-0.014984126984126983	-0.010952380952380953	real_saddle	numerical_failure	1	NaN	4.114561881514639	
-0.014666666666666666	-0.03	real_saddle	numerical_failure	0	NaN	NaN	
-0.014666666666666666	-0.02873015873015873	real_saddle	numerical_failure	0	NaN	NaN	
-0.014666666666666666	-0.02746031746031746	real_saddle	numerical_failure	0	NaN	NaN	
-0.014666666666666666	-0.02619047619047619	real_saddle	numerical_failure	0	NaN	NaN	
-0.014666666666666666	-0.02492063492063492	real_saddle	numerical_failure	0	NaN	NaN	
-0.014666666666666666	-0.02365079365079365	real_saddle	numerical_failure	0	NaN	NaN	
-0.014666666666666666	-0.02238095238095238	real_saddle	numerical_failure	0	NaN	NaN	
-0.014666666666666666	-0.021111111111111112	real_saddle	numerical_failure	0	NaN	NaN	
-0.014666666666666666	-0.01984126984126984	real_saddle	numerical_failure	0	NaN	NaN	
-0.014666666666666666	-0.018571428571428572	real_saddle	numerical_failure	0	NaN	NaN	
-0.014666666666666666	-0.0173015873015873	real_saddle	numerical_failure	0	NaN	NaN	
-0.014666666666666666	-0.016031746031746032	real_saddle	numerical_failure	0	NaN	NaN	
-0.014666666666666666	-0.014761904761904763	real_saddle	numerical_failure	0	NaN	NaN	
-0.014666666666666666	-0.013492063492063493	real_saddle	numerical_failure	0	NaN	NaN	
-0.014666666666666666	-0.012222222222222223	real_saddle	numerical_failure	0	NaN	NaN	
-0.014666666666666666	-0.010952380952380953	real_saddle	numerical_failure	1	NaN	4.06956373852153	
-0.01434920634920635	-0.03	real_saddle	numerical_failure	0	NaN	NaN	
-0.01434920634920635	-0.02873015873015873	real_saddle	numerical_failure	0	NaN	NaN	
-0.01434920634920635	-0.02746031746031746	real_saddle	numerical_failure	0	NaN	NaN	
-0.01434920634920635	-0.02619047619047619	real_saddle	numerical_failure	0	NaN	NaN	
-0.01434920634920635	-0.02492063492063492	real_saddle	numerical_failure	0	NaN	NaN	
-0.01434920634920635	-0.02365079365079365	real_saddle	numerical_failure	0	NaN	NaN	
-0.01434920634920635	-0.02238095238095238	real_saddle	numerical_failure	0	NaN	NaN	
-0.01434920634920635	-0.021111111111111112	real_saddle	numerical_failure	0	NaN	NaN	
-0.01434920634920635	-0.01984126984126984	real_saddle	numerical_failure	0	NaN	NaN	
-0.01434920634920635	-0.018571428571428572	real_saddle	numerical_failure	0	NaN	NaN	
-0.01434920634920635	-0.0173015873015873	real_saddle	numerical_failure	0	NaN	NaN	
-0.01434920634920635	-0.016031746031746032	real_saddle	numerical_failure	0	NaN	NaN	
-0.01434920634920635	-0.014761904761904763	real_saddle	numerical_failure	0	NaN	NaN	
-0.01434920634920635	-0.013492063492063493	real_saddle	numerical_failure	0	NaN	NaN	
-0.01434920634920635	-0.012222222222222223	real_saddle	numerical_failure	0	NaN	NaN	
-0.01434920634920635	-0.010952380952380953	real_saddle	numerical_failure	1	NaN	4.026516045778636	
-0.014031746031746032	-0.03	real_saddle	numerical_failure	0	NaN	NaN	
-0.014031746031746032	-0.02873015873015873	real_saddle	numerical_failure	0	NaN	NaN	
-0.014031746031746032	-0.02746031746031746	real_saddle	numerical_failure	0	NaN	NaN	
-0.014031746031746032	-0.02619047619047619	real_saddle	numerical_failure	0	NaN	NaN	
-0.014031746031746032	-0.02492063492063492	real_saddle	numerical_failure	0	NaN	NaN	
-0.014031746031746032	-0.02365079365079365	real_saddle	numerical_failure	0	NaN	NaN	
-0.014031746031746032	-0.02238095238095238	real_saddle	numerical_failure	0	NaN	NaN	
-0.014031746031746032	-0.021111111111111112	real_saddle	numerical_failure	0	NaN	NaN	
-0.014031746031746032	-0.01984126984126984	real_saddle	numerical_failure	0	NaN	NaN	
-0.014031746031746032	-0.018571428571428572	real_saddle	numerical_failure	0	NaN	NaN	
-0.014031746031746032	-0.0173015873015873	real_saddle	numerical_failure	0	NaN	NaN	
-0.014031746031746032	-0.016031746031746032	real_saddle	numerical_failure	0	NaN	NaN	
-0.014031746031746032	-0.014761904761904763	real_saddle	numerical_failure	0	NaN	NaN	
-0.014031746031746032	-0.013492063492063493	real_saddle	numerical_failure	0	NaN	NaN	
-0.014031746031746032	-0.012222222222222223	real_saddle	numerical_failure	0	NaN	NaN	
-0.014031746031746032	-0.010952380952380953	real_saddle	numerical_failure	1	NaN	3.9853620015494564	
-0.013714285714285714	-0.03	real_saddle	numerical_failure	0	NaN	NaN	
-0.013714285714285714	-0.02873015873015873	real_saddle	numerical_failure	0	NaN	NaN	
-0.013714285714285714	-0.02746031746031746	real_saddle	numerical_failure	0	NaN	NaN	
-0.013714285714285714	-0.02619047619047619	real_saddle	numerical_failure	0	NaN	NaN	
-0.013714285714285714	-0.02492063492063492	real_saddle	numerical_failure	0	NaN	NaN	
-0.013714285714285714	-0.02365079365079365	real_saddle	numerical_failure	0	NaN	NaN	
-0.013714285714285714	-0.02238095238095238	real_saddle	numerical_failure	0	NaN	NaN	
-0.013714285714285714	-0.021111111111111112	real_saddle	numerical_failure	0	NaN	NaN	
-0.013714285714285714	-0.01984126984126984	real_saddle	numerical_failure	0	NaN	NaN	
-0.013714285714285714	-0.018571428571428572	real_saddle	numerical_failure	0	NaN	NaN	
-0.013714285714285714	-0.0173015873015873	real_saddle	numerical_failure	0	NaN	NaN	
-0.013714285714285714	-0.016031746031746032	real_saddle	numerical_failure	0	NaN	NaN	
-0.013714285714285714	-0.014761904761904763	real_saddle	numerical_failure	0	NaN	NaN	
-0.013714285714285714	-0.013492063492063493	real_saddle	numerical_failure	0	NaN	NaN	
-0.013714285714285714	-0.012222222222222223	real_saddle	numerical_failure	0	NaN	NaN	
-0.013714285714285714	-0.010952380952380953	real_saddle	numerical_failure	1	NaN	3.9460646751855006	
-0.013396825396825397	-0.03	real_saddle	numerical_failure	0	NaN	NaN	
-0.013396825396825397	-0.02873015873015873	real_saddle	numerical_failure	0	NaN	NaN	
-0.013396825396825397	-0.02746031746031746	real_saddle	numerical_failure	0	NaN	NaN	
-0.013396825396825397	-0.02619047619047619	real_saddle	numerical_failure	0	NaN	NaN	
-0.013396825396825397	-0.02492063492063492	real_saddle	numerical_failure	0	NaN	NaN	
-0.013396825396825397	-0.02365079365079365	real_saddle	numerical_failure	0	NaN	NaN	
-0.013396825396825397	-0.02238095238095238	real_saddle	numerical_failure	0	NaN	NaN	
-0.013396825396825397	-0.021111111111111112	real_saddle	numerical_failure	0	NaN	NaN	
-0.013396825396825397	-0.01984126984126984	real_saddle	numerical_failure	0	NaN	NaN	
-0.013396825396825397	-0.018571428571428572	real_saddle	numerical_failure	0	NaN	NaN	
-0.013396825396825397	-0.0173015873015873	real_saddle	numerical_failure	0	NaN	NaN	
-0.013396825396825397	-0.016031746031746032	real_saddle	numerical_failure	0	NaN	NaN	
-0.013396825396825397	-0.014761904761904763	real_saddle	numerical_failure	0	NaN	NaN	
-0.013396825396825397	-0.013492063492063493	real_saddle	numerical_failure	0	NaN	NaN	
-0.013396825396825397	-0.012222222222222223	real_saddle	numerical_failure	0	NaN	NaN	
-0.013396825396825397	-0.010952380952380953	real_saddle	numerical_failure	1	NaN	3.9086002868454495	
-0.01307936507936508	-0.03	real_saddle	numerical_failure	0	NaN	NaN	
-0.01307936507936508	-0.02873015873015873	real_saddle	numerical_failure	0	NaN	NaN	
-0.01307936507936508	-0.02746031746031746	real_saddle	numerical_failure	0	NaN	NaN	
-0.01307936507936508	-0.02619047619047619	real_saddle	numerical_failure	0	NaN	NaN	
-0.01307936507936508	-0.02492063492063492	real_saddle	numerical_failure	0	NaN	NaN	
-0.01307936507936508	-0.02365079365079365	real_saddle	numerical_failure	0	NaN	NaN	
-0.01307936507936508	-0.02238095238095238	real_saddle	numerical_failure	0	NaN	NaN	
-0.01307936507936508	-0.021111111111111112	real_saddle	numerical_failure	0	NaN	NaN	
-0.01307936507936508	-0.01984126984126984	real_saddle	numerical_failure	0	NaN	NaN	
-0.01307936507936508	-0.018571428571428572	real_saddle	numerical_failure	0	NaN	NaN	
-0.01307936507936508	-0.0173015873015873	real_saddle	numerical_failure	0	NaN	NaN	
-0.01307936507936508	-0.016031746031746032	real_saddle	numerical_failure	0	NaN	NaN	
-0.01307936507936508	-0.014761904761904763	real_saddle	numerical_failure	0	NaN	NaN	
-0.01307936507936508	-0.013492063492063493	real_saddle	numerical_failure	0	NaN	NaN	
-0.01307936507936508	-0.012222222222222223	real_saddle	numerical_failure	0	NaN	NaN	
-0.01307936507936508	-0.010952380952380953	real_saddle	numerical_failure	1	NaN	3.8729550846158514	
-0.012761904761904763	-0.03	real_saddle	numerical_failure	0	NaN	NaN	
-0.012761904761904763	-0.02873015873015873	real_saddle	numerical_failure	0	NaN	NaN	
-0.012761904761904763	-0.02746031746031746	real_saddle	numerical_failure	0	NaN	NaN	
-0.012761904761904763	-0.02619047619047619	real_saddle	numerical_failure	0	NaN	NaN	
-0.012761904761904763	-0.02492063492063492	real_saddle	numerical_failure	0	NaN	NaN	
-0.012761904761904763	-0.02365079365079365	real_saddle	numerical_failure	0	NaN	NaN	
-0.012761904761904763	-0.02238095238095238	real_saddle	numerical_failure	0	NaN	NaN	
-0.012761904761904763	-0.021111111111111112	real_saddle	numerical_failure	0	NaN	NaN	
-0.012761904761904763	-0.01984126984126984	real_saddle	numerical_failure	0	NaN	NaN	
-0.012761904761904763	-0.018571428571428572	real_saddle	numerical_failure	0	NaN	NaN	
-0.012761904761904763	-0.0173015873015873	real_saddle	numerical_failure	0	NaN	NaN	
-0.012761904761904763	-0.016031746031746032	real_saddle	numerical_failure	0	NaN	NaN	
-0.012761904761904763	-0.014761904761904763	real_saddle	numerical_failure	0	NaN	NaN	
-0.012761904761904763	-0.013492063492063493	real_saddle	numerical_failure	0	NaN	NaN	
-0.012761904761904763	-0.012222222222222223	real_saddle	numerical_failure	0	NaN	NaN	
-0.012761904761904763	-0.010952380952380953	real_saddle	numerical_failure	1	NaN	3.8391237066236887	
-0.012444444444444444	-0.03	real_saddle	numerical_failure	0	NaN	NaN	
-0.012444444444444444	-0.02873015873015873	real_saddle	numerical_failure	0	NaN	NaN	
-0.012444444444444444	-0.02746031746031746	real_saddle	numerical_failure	0	NaN	NaN	
-0.012444444444444444	-0.02619047619047619	real_saddle	numerical_failure	0	NaN	NaN	
-0.012444444444444444	-0.02492063492063492	real_saddle	numerical_failure	0	NaN	NaN	
-0.012444444444444444	-0.02365079365079365	real_saddle	numerical_failure	0	NaN	NaN	
-0.012444444444444444	-0.02238095238095238	real_saddle	numerical_failure	0	NaN	NaN	
-0.012444444444444444	-0.021111111111111112	real_saddle	numerical_failure	0	NaN	NaN	
-0.012444444444444444	-0.01984126984126984	real_saddle	numerical_failure	0	NaN	NaN	
-0.012444444444444444	-0.018571428571428572	real_saddle	numerical_failure	0	NaN	NaN	
-0.012444444444444444	-0.0173015873015873	real_saddle	numerical_failure	0	NaN	NaN	
-0.012444444444444444	-0.016031746031746032	real_saddle	numerical_failure	0	NaN	NaN	
-0.012444444444444444	-0.014761904761904763	real_saddle	numerical_failure	0	NaN	NaN	
-0.012444444444444444	-0.013492063492063493	real_saddle	numerical_failure	0	NaN	NaN	
-0.012444444444444444	-0.012222222222222223	real_saddle	numerical_failure	0	NaN	NaN	
-0.012444444444444444	-0.010952380952380953	real_saddle	numerical_failure	1	NaN	3.8071085431554996	
-0.012126984126984127	-0.03	real_saddle	numerical_failure	0	NaN	NaN	
-0.012126984126984127	-0.02873015873015873	real_saddle	numerical_failure	0	NaN	NaN	
-0.012126984126984127	-0.02746031746031746	real_saddle	numerical_failure	0	NaN	NaN	
-0.012126984126984127	-0.02619047619047619	real_saddle	numerical_failure	0	NaN	NaN	
-0.012126984126984127	-0.02492063492063492	real_saddle	numerical_failure	0	NaN	NaN	
-0.012126984126984127	-0.02365079365079365	real_saddle	numerical_failure	0	NaN	NaN	
-0.012126984126984127	-0.02238095238095238	real_saddle	numerical_failure	0	NaN	NaN	
-0.012126984126984127	-0.021111111111111112	real_saddle	numerical_failure	0	NaN	NaN	
-0.012126984126984127	-0.01984126984126984	real_saddle	numerical_failure	0	NaN	NaN	
-0.012126984126984127	-0.018571428571428572	real_saddle	numerical_failure	0	NaN	NaN	
-0.012126984126984127	-0.0173015873015873	real_saddle	numerical_failure	0	NaN	NaN	
-0.012126984126984127	-0.016031746031746032	real_saddle	numerical_failure	0	NaN	NaN	
-0.012126984126984127	-0.014761904761904763	real_saddle	numerical_failure	0	NaN	NaN	
-0.012126984126984127	-0.013492063492063493	real_saddle	numerical_failure	0	NaN	NaN	
-0.012126984126984127	-0.012222222222222223	real_saddle	numerical_failure	0	NaN	NaN	
-0.012126984126984127	-0.010952380952380953	real_saddle	numerical_failure	1	NaN	3.776919418041249	
-0.01180952380952381	-0.03	real_saddle	numerical_failure	0	NaN	NaN	
-0.01180952380952381	-0.02873015873015873	real_saddle	numerical_failure	0	NaN	NaN	
-0.01180952380952381	-0.02746031746031746	real_saddle	numerical_failure	0	NaN	NaN	
-0.01180952380952381	-0.02619047619047619	real_saddle	numerical_failure	0	NaN	NaN	
-0.01180952380952381	-0.02492063492063492	real_saddle	numerical_failure	0	NaN	NaN	
-0.01180952380952381	-0.02365079365079365	real_saddle	numerical_failure	0	NaN	NaN	
-0.01180952380952381	-0.02238095238095238	real_saddle	numerical_failure	0	NaN	NaN	
-0.01180952380952381	-0.021111111111111112	real_saddle	numerical_failure	0	NaN	NaN	
-0.01180952380952381	-0.01984126984126984	real_saddle	numerical_failure	0	NaN	NaN	
-0.01180952380952381	-0.018571428571428572	real_saddle	numerical_failure	0	NaN	NaN	
-0.01180952380952381	-0.0173015873015873	real_saddle	numerical_failure	0	NaN	NaN	
-0.01180952380952381	-0.016031746031746032	real_saddle	numerical_failure	0	NaN	NaN	
-0.01180952380952381	-0.014761904761904763	real_saddle	numerical_failure	0	NaN	NaN	
-0.01180952380952381	-0.013492063492063493	real_saddle	numerical_failure	0	NaN	NaN	
-0.01180952380952381	-0.012222222222222223	real_saddle	numerical_failure	0	NaN	NaN	
-0.01180952380952381	-0.010952380952380953	real_saddle	numerical_failure	1	NaN	3.7485736021475806	
-0.011492063492063493	-0.03	real_saddle	numerical_failure	0	NaN	NaN	
-0.011492063492063493	-0.02873015873015873	real_saddle	numerical_failure	0	NaN	NaN	
-0.011492063492063493	-0.02746031746031746	real_saddle	numerical_failure	0	NaN	NaN	
-0.011492063492063493	-0.02619047619047619	real_saddle	numerical_failure	0	NaN	NaN	
-0.011492063492063493	-0.02492063492063492	real_saddle	numerical_failure	0	NaN	NaN	
-0.011492063492063493	-0.02365079365079365	real_saddle	numerical_failure	0	NaN	NaN	
-0.011492063492063493	-0.02238095238095238	real_saddle	numerical_failure	0	NaN	NaN	
-0.011492063492063493	-0.021111111111111112	real_saddle	numerical_failure	0	NaN	NaN	
-0.011492063492063493	-0.01984126984126984	real_saddle	numerical_failure	0	NaN	NaN	
-0.011492063492063493	-0.018571428571428572	real_saddle	numerical_failure	0	NaN	NaN	
-0.011492063492063493	-0.0173015873015873	real_saddle	numerical_failure	0	NaN	NaN	
-0.011492063492063493	-0.016031746031746032	real_saddle	numerical_failure	0	NaN	NaN	
-0.011492063492063493	-0.014761904761904763	real_saddle	numerical_failure	0	NaN	NaN	
-0.011492063492063493	-0.013492063492063493	real_saddle	numerical_failure	0	NaN	NaN	
-0.011492063492063493	-0.012222222222222223	real_saddle	numerical_failure	0	NaN	NaN	
-0.011492063492063493	-0.010952380952380953	real_saddle	numerical_failure	1	NaN	3.7220960884858365	
-0.011174603174603174	-0.03	real_saddle	numerical_failure	0	NaN	NaN	
-0.011174603174603174	-0.02873015873015873	real_saddle	numerical_failure	0	NaN	NaN	
-0.011174603174603174	-0.02746031746031746	real_saddle	numerical_failure	0	NaN	NaN	
-0.011174603174603174	-0.02619047619047619	real_saddle	numerical_failure	0	NaN	NaN	
-0.011174603174603174	-0.02492063492063492	real_saddle	numerical_failure	0	NaN	NaN	
-0.011174603174603174	-0.02365079365079365	real_saddle	numerical_failure	0	NaN	NaN	
-0.011174603174603174	-0.02238095238095238	real_saddle	numerical_failure	0	NaN	NaN	
-0.011174603174603174	-0.021111111111111112	real_saddle	numerical_failure	0	NaN	NaN	
-0.011174603174603174	-0.01984126984126984	real_saddle	numerical_failure	0	NaN	NaN	
-0.011174603174603174	-0.018571428571428572	real_saddle	numerical_failure	0	NaN	NaN	
-0.011174603174603174	-0.0173015873015873	real_saddle	numerical_failure	0	NaN	NaN	
-0.011174603174603174	-0.016031746031746032	real_saddle	numerical_failure	0	NaN	NaN	
-0.011174603174603174	-0.014761904761904763	real_saddle	numerical_failure	0	NaN	NaN	
-0.011174603174603174	-0.013492063492063493	real_saddle	numerical_failure	0	NaN	NaN	
-0.011174603174603174	-0.012222222222222223	real_saddle	numerical_failure	0	NaN	NaN	
-0.011174603174603174	-0.010952380952380953	real_saddle	numerical_failure	1	NaN	3.697520065456588	
-0.010857142857142857	-0.03	real_saddle	numerical_failure	0	NaN	NaN	
-0.010857142857142857	-0.02873015873015873	real_saddle	numerical_failure	0	NaN	NaN	
-0.010857142857142857	-0.02746031746031746	real_saddle	numerical_failure	0	NaN	NaN	
-0.010857142857142857	-0.02619047619047619	real_saddle	numerical_failure	0	NaN	NaN	
-0.010857142857142857	-0.02492063492063492	real_saddle	numerical_failure	0	NaN	NaN	
-0.010857142857142857	-0.02365079365079365	real_saddle	numerical_failure	0	NaN	NaN	
-0.010857142857142857	-0.02238095238095238	real_saddle	numerical_failure	0	NaN	NaN	
-0.010857142857142857	-0.021111111111111112	real_saddle	numerical_failure	0	NaN	NaN	
-0.010857142857142857	-0.01984126984126984	real_saddle	numerical_failure	0	NaN	NaN	
-0.010857142857142857	-0.018571428571428572	real_saddle	numerical_failure	0	NaN	NaN	
-0.010857142857142857	-0.0173015873015873	real_saddle	numerical_failure	0	NaN	NaN	
-0.010857142857142857	-0.016031746031746032	real_saddle	numerical_failure	0	NaN	NaN	
-0.010857142857142857	-0.014761904761904763	real_saddle	numerical_failure	0	NaN	NaN	
-0.010857142857142857	-0.013492063492063493	real_saddle	numerical_failure	0	NaN	NaN	
-0.010857142857142857	-0.012222222222222223	real_saddle	numerical_failure	0	NaN	NaN	
-0.010857142857142857	-0.010952380952380953	real_saddle	numerical_failure	1	NaN	3.6748874856854394	
-0.010857142857142857	-0.009682539682539683	real_saddle	numerical_failure	1	NaN	9.785290432808077	
-0.01053968253968254	-0.03	real_saddle	numerical_failure	0	NaN	NaN	
-0.01053968253968254	-0.02873015873015873	real_saddle	numerical_failure	0	NaN	NaN	
-0.01053968253968254	-0.02746031746031746	real_saddle	numerical_failure	0	NaN	NaN	
-0.01053968253968254	-0.02619047619047619	real_saddle	numerical_failure	0	NaN	NaN	
-0.01053968253968254	-0.02492063492063492	real_saddle	numerical_failure	0	NaN	NaN	
-0.01053968253968254	-0.02365079365079365	real_saddle	numerical_failure	0	NaN	NaN	
-0.01053968253968254	-0.02238095238095238	real_saddle	numerical_failure	0	NaN	NaN	
-0.01053968253968254	-0.021111111111111112	real_saddle	numerical_failure	0	NaN	NaN	
-0.01053968253968254	-0.01984126984126984	real_saddle	numerical_failure	0	NaN	NaN	
-0.01053968253968254	-0.018571428571428572	real_saddle	numerical_failure	0	NaN	NaN	
-0.01053968253968254	-0.0173015873015873	real_saddle	numerical_failure	0	NaN	NaN	
-0.01053968253968254	-0.016031746031746032	real_saddle	numerical_failure	0	NaN	NaN	
-0.01053968253968254	-0.014761904761904763	real_saddle	numerical_failure	0	NaN	NaN	
-0.01053968253968254	-0.013492063492063493	real_saddle	numerical_failure	0	NaN	NaN	
-0.01053968253968254	-0.012222222222222223	real_saddle	numerical_failure	0	NaN	NaN	
-0.01053968253968254	-0.010952380952380953	real_saddle	numerical_failure	1	NaN	3.654249967734877	
-0.01053968253968254	-0.009682539682539683	real_saddle	numerical_failure	1	NaN	6.017201308887787	
-0.010222222222222223	-0.03	real_saddle	numerical_failure	0	NaN	NaN	
-0.010222222222222223	-0.02873015873015873	real_saddle	numerical_failure	0	NaN	NaN	
-0.010222222222222223	-0.02746031746031746	real_saddle	numerical_failure	0	NaN	NaN	
-0.010222222222222223	-0.02619047619047619	real_saddle	numerical_failure	0	NaN	NaN	
-0.010222222222222223	-0.02492063492063492	real_saddle	numerical_failure	0	NaN	NaN	
-0.010222222222222223	-0.02365079365079365	real_saddle	numerical_failure	0	NaN	NaN	
-0.010222222222222223	-0.02238095238095238	real_saddle	numerical_failure	0	NaN	NaN	
-0.010222222222222223	-0.021111111111111112	real_saddle	numerical_failure	0	NaN	NaN	
-0.010222222222222223	-0.01984126984126984	real_saddle	numerical_failure	0	NaN	NaN	
-0.010222222222222223	-0.018571428571428572	real_saddle	numerical_failure	0	NaN	NaN	
-0.010222222222222223	-0.0173015873015873	real_saddle	numerical_failure	0	NaN	NaN	
-0.010222222222222223	-0.016031746031746032	real_saddle	numerical_failure	0	NaN	NaN	
-0.010222222222222223	-0.014761904761904763	real_saddle	numerical_failure	0	NaN	NaN	
-0.010222222222222223	-0.013492063492063493	real_saddle	numerical_failure	0	NaN	NaN	
-0.010222222222222223	-0.012222222222222223	real_saddle	numerical_failure	0	NaN	NaN	
-0.010222222222222223	-0.010952380952380953	real_saddle	numerical_failure	1	NaN	3.6356697729094094	
-0.010222222222222223	-0.009682539682539683	real_saddle	numerical_failure	1	NaN	5.012600765614118	
-0.009904761904761904	-0.03	real_saddle	numerical_failure	0	NaN	NaN	
-0.009904761904761904	-0.02873015873015873	real_saddle	numerical_failure	0	NaN	NaN	
-0.009904761904761904	-0.02746031746031746	real_saddle	numerical_failure	0	NaN	NaN	
-0.009904761904761904	-0.02619047619047619	real_saddle	numerical_failure	0	NaN	NaN	
-0.009904761904761904	-0.02492063492063492	real_saddle	numerical_failure	0	NaN	NaN	
-0.009904761904761904	-0.02365079365079365	real_saddle	numerical_failure	0	NaN	NaN	
-0.009904761904761904	-0.02238095238095238	real_saddle	numerical_failure	0	NaN	NaN	
-0.009904761904761904	-0.021111111111111112	real_saddle	numerical_failure	0	NaN	NaN	
-0.009904761904761904	-0.01984126984126984	real_saddle	numerical_failure	0	NaN	NaN	
-0.009904761904761904	-0.018571428571428572	real_saddle	numerical_failure	0	NaN	NaN	
-0.009904761904761904	-0.0173015873015873	real_saddle	numerical_failure	0	NaN	NaN	
-0.009904761904761904	-0.016031746031746032	real_saddle	numerical_failure	0	NaN	NaN	
-0.009904761904761904	-0.014761904761904763	real_saddle	numerical_failure	0	NaN	NaN	
-0.009904761904761904	-0.013492063492063493	real_saddle	numerical_failure	0	NaN	NaN	
-0.009904761904761904	-0.012222222222222223	real_saddle	numerical_failure	0	NaN	NaN	
-0.009904761904761904	-0.010952380952380953	real_saddle	numerical_failure	1	NaN	3.6192211516258728	
-0.009904761904761904	-0.009682539682539683	real_saddle	numerical_failure	1	NaN	4.483906143872518	
-0.009587301587301587	-0.03	real_saddle	numerical_failure	0	NaN	NaN	
-0.009587301587301587	-0.02873015873015873	real_saddle	numerical_failure	0	NaN	NaN	
-0.009587301587301587	-0.02746031746031746	real_saddle	numerical_failure	0	NaN	NaN	
-0.009587301587301587	-0.02619047619047619	real_saddle	numerical_failure	0	NaN	NaN	
-0.009587301587301587	-0.02492063492063492	real_saddle	numerical_failure	0	NaN	NaN	
-0.009587301587301587	-0.02365079365079365	real_saddle	numerical_failure	0	NaN	NaN	
-0.009587301587301587	-0.02238095238095238	real_saddle	numerical_failure	0	NaN	NaN	
-0.009587301587301587	-0.021111111111111112	real_saddle	numerical_failure	0	NaN	NaN	
-0.009587301587301587	-0.01984126984126984	real_saddle	numerical_failure	0	NaN	NaN	
-0.009587301587301587	-0.018571428571428572	real_saddle	numerical_failure	0	NaN	NaN	
-0.009587301587301587	-0.0173015873015873	real_saddle	numerical_failure	0	NaN	NaN	
-0.009587301587301587	-0.016031746031746032	real_saddle	numerical_failure	0	NaN	NaN	
-0.009587301587301587	-0.014761904761904763	real_saddle	numerical_failure	0	NaN	NaN	
-0.009587301587301587	-0.013492063492063493	real_saddle	numerical_failure	0	NaN	NaN	
-0.009587301587301587	-0.012222222222222223	real_saddle	numerical_failure	0	NaN	NaN	
-0.009587301587301587	-0.010952380952380953	real_saddle	numerical_failure	1	NaN	3.604991897473171	
-0.009587301587301587	-0.009682539682539683	real_saddle	numerical_failure	2	5.932921799271428	10.075421259832376	1
-0.00926984126984127	-0.03	real_saddle	numerical_failure	0	NaN	NaN	
-0.00926984126984127	-0.02873015873015873	real_saddle	numerical_failure	0	NaN	NaN	
-0.00926984126984127	-0.02746031746031746	real_saddle	numerical_failure	0	NaN	NaN	
-0.00926984126984127	-0.02619047619047619	real_saddle	numerical_failure	0	NaN	NaN	
-0.00926984126984127	-0.02492063492063492	real_saddle	numerical_failure	0	NaN	NaN	
-0.00926984126984127	-0.02365079365079365	real_saddle	numerical_failure	0	NaN	NaN	
-0.00926984126984127	-0.02238095238095238	real_saddle	numerical_failure	0	NaN	NaN	
-0.00926984126984127	-0.021111111111111112	real_saddle	numerical_failure	0	NaN	NaN	
-0.00926984126984127	-0.01984126984126984	real_saddle	numerical_failure	0	NaN	NaN	
-0.00926984126984127	-0.018571428571428572	real_saddle	numerical_failure	0	NaN	NaN	
-0.00926984126984127	-0.0173015873015873	real_saddle	numerical_failure	0	NaN	NaN	
-0.00926984126984127	-0.016031746031746032	real_saddle	numerical_failure	0	NaN	NaN	
-0.00926984126984127	-0.014761904761904763	real_saddle	numerical_failure	0	NaN	NaN	
-0.00926984126984127	-0.013492063492063493	real_saddle	numerical_failure	0	NaN	NaN	
-0.00926984126984127	-0.012222222222222223	real_saddle	numerical_failure	0	NaN	NaN	
-0.00926984126984127	-0.010952380952380953	real_saddle	numerical_failure	1	NaN	3.593085312382738	
-0.00926984126984127	-0.009682539682539683	real_saddle	numerical_failure	2	5.24011280786636	9.13834367346143	1
-0.008952380952380953	-0.03	real_saddle	numerical_failure	0	NaN	NaN	
-0.008952380952380953	-0.02873015873015873	real_saddle	numerical_failure	0	NaN	NaN	
-0.008952380952380953	-0.02746031746031746	real_saddle	numerical_failure	0	NaN	NaN	
-0.008952380952380953	-0.02619047619047619	real_saddle	numerical_failure	0	NaN	NaN	
-0.008952380952380953	-0.02492063492063492	real_saddle	numerical_failure	0	NaN	NaN	
-0.008952380952380953	-0.02365079365079365	real_saddle	numerical_failure	0	NaN	NaN	
-0.008952380952380953	-0.02238095238095238	real_saddle	numerical_failure	0	NaN	NaN	
-0.008952380952380953	-0.021111111111111112	real_saddle	numerical_failure	0	NaN	NaN	
-0.008952380952380953	-0.01984126984126984	real_saddle	numerical_failure	0	NaN	NaN	
-0.008952380952380953	-0.018571428571428572	real_saddle	numerical_failure	0	NaN	NaN	
-0.008952380952380953	-0.0173015873015873	real_saddle	numerical_failure	0	NaN	NaN	
-0.008952380952380953	-0.016031746031746032	real_saddle	numerical_failure	0	NaN	NaN	
-0.008952380952380953	-0.014761904761904763	real_saddle	numerical_failure	0	NaN	NaN	
-0.008952380952380953	-0.013492063492063493	real_saddle	numerical_failure	0	NaN	NaN	
-0.008952380952380953	-0.012222222222222223	real_saddle	numerical_failure	0	NaN	NaN	
-0.008952380952380953	-0.010952380952380953	real_saddle	numerical_failure	1	NaN	3.583622566190157	
-0.008952380952380953	-0.009682539682539683	real_saddle	numerical_failure	2	4.816839002402414	8.529223322677167	1
-0.008634920634920634	-0.03	real_saddle	numerical_failure	0	NaN	NaN	
-0.008634920634920634	-0.02873015873015873	real_saddle	numerical_failure	0	NaN	NaN	
-0.008634920634920634	-0.02746031746031746	real_saddle	numerical_failure	0	NaN	NaN	
-0.008634920634920634	-0.02619047619047619	real_saddle	numerical_failure	0	NaN	NaN	
-0.008634920634920634	-0.02492063492063492	real_saddle	numerical_failure	0	NaN	NaN	
-0.008634920634920634	-0.02365079365079365	real_saddle	numerical_failure	0	NaN	NaN	
-0.008634920634920634	-0.02238095238095238	real_saddle	numerical_failure	0	NaN	NaN	
-0.008634920634920634	-0.021111111111111112	real_saddle	numerical_failure	0	NaN	NaN	
-0.008634920634920634	-0.01984126984126984	real_saddle	numerical_failure	0	NaN	NaN	
-0.008634920634920634	-0.018571428571428572	real_saddle	numerical_failure	0	NaN	NaN	
-0.008634920634920634	-0.0173015873015873	real_saddle	numerical_failure	0	NaN	NaN	
-0.008634920634920634	-0.016031746031746032	real_saddle	numerical_failure	0	NaN	NaN	
-0.008634920634920634	-0.014761904761904763	real_saddle	numerical_failure	0	NaN	NaN	
-0.008634920634920634	-0.013492063492063493	real_saddle	numerical_failure	0	NaN	NaN	
-0.008634920634920634	-0.012222222222222223	real_saddle	numerical_failure	0	NaN	NaN	
-0.008634920634920634	-0.010952380952380953	real_saddle	numerical_failure	1	NaN	3.5767456558493036	
-0.008634920634920634	-0.009682539682539683	real_saddle	numerical_failure	2	4.5284687797639265	8.093617637912114	1
-0.008317460317460317	-0.03	real_saddle	numerical_failure	0	NaN	NaN	
-0.008317460317460317	-0.02873015873015873	real_saddle	numerical_failure	0	NaN	NaN	
-0.008317460317460317	-0.02746031746031746	real_saddle	numerical_failure	0	NaN	NaN	
-0.008317460317460317	-0.02619047619047619	real_saddle	numerical_failure	0	NaN	NaN	
-0.008317460317460317	-0.02492063492063492	real_saddle	numerical_failure	0	NaN	NaN	
-0.008317460317460317	-0.02365079365079365	real_saddle	numerical_failure	0	NaN	NaN	
-0.008317460317460317	-0.02238095238095238	real_saddle	numerical_failure	0	NaN	NaN	
-0.008317460317460317	-0.021111111111111112	real_saddle	numerical_failure	0	NaN	NaN	
-0.008317460317460317	-0.01984126984126984	real_saddle	numerical_failure	0	NaN	NaN	
-0.008317460317460317	-0.018571428571428572	real_saddle	numerical_failure	0	NaN	NaN	
-0.008317460317460317	-0.0173015873015873	real_saddle	numerical_failure	0	NaN	NaN	
-0.008317460317460317	-0.016031746031746032	real_saddle	numerical_failure	0	NaN	NaN	
-0.008317460317460317	-0.014761904761904763	real_saddle	numerical_failure	0	NaN	NaN	
-0.008317460317460317	-0.013492063492063493	real_saddle	numerical_failure	0	NaN	NaN	
-0.008317460317460317	-0.012222222222222223	real_saddle	numerical_failure	0	NaN	NaN	
-0.008317460317460317	-0.010952380952380953	real_saddle	numerical_failure	1	NaN	3.5726210171123176	
-0.008317460317460317	-0.009682539682539683	real_saddle	numerical_failure	2	4.319120670358534	7.764298959051454	1
-0.008	-0.03	real_saddle	numerical_failure	0	NaN	NaN	
-0.008	-0.02873015873015873	real_saddle	numerical_failure	0	NaN	NaN	
-0.008	-0.02746031746031746	real_saddle	numerical_failure	0	NaN	NaN	
-0.008	-0.02619047619047619	real_saddle	numerical_failure	0	NaN	NaN	
-0.008	-0.02492063492063492	real_saddle	numerical_failure	0	NaN	NaN	
-0.008	-0.02365079365079365	real_saddle	numerical_failure	0	NaN	NaN	
-0.008	-0.02238095238095238	real_saddle	numerical_failure	0	NaN	NaN	
-0.008	-0.021111111111111112	real_saddle	numerical_failure	0	NaN	NaN	
-0.008	-0.01984126984126984	real_saddle	numerical_failure	0	NaN	NaN	
-0.008	-0.018571428571428572	real_saddle	numerical_failure	0	NaN	NaN	
-0.008	-0.0173015873015873	real_saddle	numerical_failure	0	NaN	NaN	
-0.008	-0.016031746031746032	real_saddle	numerical_failure	0	NaN	NaN	
-0.008	-0.014761904761904763	real_saddle	numerical_failure	0	NaN	NaN	
-0.008	-0.013492063492063493	real_saddle	numerical_failure	0	NaN	NaN	
-0.008	-0.012222222222222223	real_saddle	numerical_failure	0	NaN	NaN	
-0.008	-0.010952380952380953	real_saddle	numerical_failure	1	NaN	3.571444071527886	
-0.008	-0.009682539682539683	real_saddle	numerical_failure	2	4.160972462577551	7.506414416956975	1
